order_id,created_at,customer_ref,customer_name,pincode,gross_amount_paise,status
order_2idqyk9jt5zej9,05/01/2026,cust_jcro6sp,Nandini Rao,700101,88800,paid
order_410j4uzq42bpc5,29/01/2026,cust_9abryru,Fatima Desai,560033,143100,paid
order_cw0wmj15y1pix6,01/01/2026,cust_sv5wk84,Rohan Patel,400065,85900,paid
order_vgfuesxcv2aifo,23/03/2026,cust_7ccou9j,Meera Patel,380034,90100,paid
order_t97h0pcwrbf1jq,29/03/2026,cust_4vnna1z,Sneha Fernandes,380012,58500,paid
order_2yp13wswjk3hj8,04/02/2026,cust_i5nq290,Harish Joshi,110042,90700,paid
order_nicsn25vwy3mem,24/03/2026,cust_1mzalnx,Arjun Rao,560100,57400,paid
order_5l7tsr84gffzvc,18/01/2026,cust_2hwy2sb,Aarav Bose,110026,45100,paid
order_maqbpn2l3llij9,17/02/2026,cust_61i7uok,Lakshmi Kulkarni,110050,106800,paid
order_lw6sosnzikrz1t,04/01/2026,cust_0tgivyh,Rahul Pillai,400054,90600,paid
order_lafhyhvc57hl8z,28/01/2026,cust_2w3w45h,Divya Chatterjee,560084,65000,paid
order_fmixl52owmaeg4,14/01/2026,cust_45lqtc3,Sandeep Chatterjee,500044,73600,paid
order_brz310q12tj52s,27/01/2026,cust_dfm5gg9,Joseph Fernandes,110057,120500,paid
order_334yxqy6r15zu8,17/03/2026,cust_0x5p54h,Rohan Kulkarni,560012,124200,paid
order_n6y6jop0c0ixqz,17/03/2026,cust_sxwg0w4,Sneha Iyer,600062,44900,paid
order_qkt4kcp3qs1du7,22/01/2026,cust_f5jshxe,Karthik Patel,400091,251100,paid
order_lif1k56rgxrnkf,02/02/2026,cust_rpv6gwy,Kavya Fernandes,400085,542600,paid
order_cg72bpou340nel,20/02/2026,cust_ces5qie,Ritu Chatterjee,400100,72000,paid
order_7x3lk0nm2kep9n,09/03/2026,cust_shibcq1,Rahul Gupta,411010,230900,paid
order_2aa03dkv85oweg,28/02/2026,cust_tvz3px9,Lakshmi Bose,110076,38100,paid
order_box7t3vxjy91ze,02/03/2026,cust_6fhh449,Meera Mehta,411006,240500,paid
order_i71e4jgol0ok51,07/01/2026,cust_d545ngc,Manish Khan,380041,91600,paid
order_a324oso70bmel1,04/03/2026,cust_shzl67n,Joseph Khan,600016,324000,paid
order_raibl4j10y7ok1,28/02/2026,cust_l9jsf30,Priya Kulkarni,500003,76100,paid
order_f2esqwk13a2gp5,04/02/2026,cust_78vwt3t,Sandeep Rao,560018,78400,paid
order_4ma7x2xt1yayws,30/03/2026,cust_r6tk3am,Manish Fernandes,380028,76500,paid
order_66u53bsn9hjbbw,20/03/2026,cust_vh2dduw,Vikram Mehta,560019,69500,paid
order_gvrr0ibrrj0tyq,31/01/2026,cust_58835in,Divya Sharma,560096,33400,paid
order_iq95aaaskikdf1,31/01/2026,cust_53fvkwr,Meera Menon,600074,136400,paid
order_c8l559z9ulw6e2,28/03/2026,cust_tjxdvmd,Tanvi Chatterjee,600105,77100,paid
order_0s8piivvjb22nf,07/03/2026,cust_btwfeu3,Fatima Mehta,682012,55100,paid
order_11dzx88c0udo2p,12/02/2026,cust_dywtn4h,Anjali Bose,380043,340700,paid
order_glb9l66muvkymf,06/01/2026,cust_p9yddku,Sneha Patel,400090,195600,paid
order_dwwy8zouddlpbh,29/03/2026,cust_br520by,Ananya Gupta,302016,290300,paid
order_8x8in5i3hxr1g1,06/03/2026,cust_cdg5x4p,Aarav Mehta,110067,241000,paid
order_4euv5ner2gm449,11/03/2026,cust_6d1qeq3,Lakshmi Kulkarni,560094,43800,paid
order_vtfoslid3292gm,16/03/2026,cust_8q7q70j,Nandini Khan,400022,63300,paid
order_9n7wkwuty0bc44,09/02/2026,cust_2vg5j3t,Arjun Kulkarni,400082,64500,paid
order_k85eq42qbgl5x7,17/03/2026,cust_krbspep,Siddharth Fernandes,400055,98100,paid
order_j7flng56xz1n3k,24/02/2026,cust_sgde2bo,Kavya Sharma,560043,50100,paid
order_3mlamkw0965ayc,31/03/2026,cust_jkxhljz,Ritu Desai,411049,82000,paid
order_m5epx1vob2a8da,07/03/2026,cust_znkt5pi,Pooja Pillai,110038,43300,paid
order_zq4uqimdzvkmkd,16/02/2026,cust_j8mwj3z,Manish Menon,560025,115200,paid
order_8c90p3dnlfwh9h,15/03/2026,cust_g1bshqb,Harish Patel,411053,64900,paid
order_qk73b8mjbp939i,23/03/2026,cust_fyipmkf,Joseph Reddy,380014,69600,paid
order_zq1bn51ki0n64u,29/03/2026,cust_6gqvzz1,Kavya Desai,400074,39800,paid
order_iir79p0nfkweac,04/03/2026,cust_03mx8bp,Sneha Bose,500072,40500,paid
order_0nqpck68n301aa,13/01/2026,cust_cocifss,Kavya Sharma,560009,135200,paid
order_8donhyk772vpzm,20/01/2026,cust_fnn8ufm,Karthik Chatterjee,560073,130800,paid
order_oth3rbj7kdlh32,14/01/2026,cust_xtx6ryq,Karthik Sharma,600006,46600,paid
order_dailgqebhgts70,09/01/2026,cust_wlfliwj,Sneha Patel,302038,200600,paid
order_01ffa4n36yxnum,05/03/2026,cust_4v0375p,Aarav Sharma,380013,92600,paid
order_gw1bgmbc4o1op8,05/02/2026,cust_4lhn78o,Pooja Mehta,560018,98400,paid
order_g7c9al6cz077x4,09/03/2026,cust_7nsjdn2,Fatima Chatterjee,700145,45900,paid
order_0kbfjrj1l0i1jy,25/03/2026,cust_zd06uiz,Imran Joshi,110095,81700,paid
order_m0p6iymbsnjhqi,17/02/2026,cust_er4p8zh,Siddharth Iyer,600059,42200,paid
order_ys7ec4m8ur58ya,09/01/2026,cust_eugg89o,Sneha Mehta,560084,48900,paid
order_p37r2whymzytue,06/02/2026,cust_u4t1zip,Harish Sharma,110020,54200,paid
order_cmat20h9fs3v1f,08/01/2026,cust_298rrf4,Vikram Rao,400075,81700,paid
order_6odj78jjp0079l,21/03/2026,cust_sc3szob,Siddharth Khan,400079,69200,paid
order_pvq0k50wff6o6g,05/02/2026,cust_qid3inr,Manish Rao,682014,193800,paid
order_5qs8gdbiovwff5,31/01/2026,cust_mvuhrdu,Kavya Pillai,560081,164600,paid
order_1sx2dyl2gy4kkv,17/02/2026,cust_9tz6ou5,Sandeep Menon,560077,136800,paid
order_2qawsy8f232lsz,11/01/2026,cust_ro7iq44,Sneha Kulkarni,560062,684300,paid
order_yvbyt49w6prs1f,13/02/2026,cust_kxb7vsm,Kavya Gupta,110085,759700,paid
order_5ewjjzwdepvsfy,16/01/2026,cust_92ftey4,Manish Reddy,110083,334500,paid
order_b1ntlylb6h86y4,17/02/2026,cust_4hicqbo,Tanvi Reddy,110073,83700,paid
order_pvv541eaapk6ll,19/03/2026,cust_gzag9oz,Divya Khan,560037,46100,paid
order_9iw12jsfmejiiv,08/03/2026,cust_eep22ce,Anjali Pillai,500061,83100,paid
order_ohjg8037goga6x,14/02/2026,cust_8r74o7y,Ritu Kulkarni,110032,177400,paid
order_klcy8zugxoj1mn,08/03/2026,cust_kiib0hk,Fatima Gupta,302014,175200,paid
order_io25f4bq3al4fd,20/01/2026,cust_awa4o3d,Ananya Fernandes,302006,81400,paid
order_5fk2o3hw7s814q,11/01/2026,cust_yzynm8k,Divya Menon,400098,645400,paid
order_tsmyuvx17e0zbr,15/02/2026,cust_lj43hdu,Rahul Chatterjee,400043,45900,paid
order_9vsx39vjke4691,30/01/2026,cust_j8k6pni,Priya Bose,110008,49100,paid
order_366otdndfe3urw,11/01/2026,cust_eeboejo,Tanvi Menon,400056,767000,paid
order_pb2ghs1lysia5x,30/01/2026,cust_tcxdw0c,Vikram Sharma,560033,38400,paid
order_ic6lil75sk61rb,06/01/2026,cust_a0i008d,Divya Rao,500030,41700,paid
order_dr5qduuuuotzdd,10/03/2026,cust_j2w5x2g,Aarav Mehta,560060,169900,paid
order_2hpp8l3th1zi1l,23/02/2026,cust_av1nzkh,Kavya Kulkarni,682018,472500,paid
order_mlti23o19cfxwx,20/03/2026,cust_2pusyih,Manish Iyer,411016,114000,paid
order_77gd0g3lrqzcno,20/03/2026,cust_4rztor1,Tanvi Mehta,302003,84500,paid
order_vt40p7bicm9l8o,04/03/2026,cust_oakvpsc,Pooja Pillai,500026,136600,paid
order_jhd4pvtv8mxmnc,22/01/2026,cust_16acrnm,Karthik Patel,110029,114700,paid
order_zzpcr0xgh864im,28/02/2026,cust_xhkoszw,Joseph Nair,400079,45500,paid
order_wu3gg2vyyrpy23,04/02/2026,cust_94x2r94,Priya Menon,110056,586700,paid
order_cf7om4fnjac6gu,09/01/2026,cust_ci6h2v9,Karthik Pillai,400051,40000,paid
order_esmpsq4a1m0ngh,23/02/2026,cust_3pbmg1d,Meera Sharma,560034,288800,paid
order_82jz1qvd6zdfl3,06/03/2026,cust_bxe8yun,Sandeep Menon,400023,49300,paid
order_nc706abosg0kg0,17/03/2026,cust_5905dek,Vikram Reddy,400080,167900,paid
order_cdeqwse2is4i80,11/03/2026,cust_5eofkdf,Joseph Iyer,500079,54300,paid
order_xl2lqk97y05fgf,29/01/2026,cust_2q4jyd6,Fatima Mehta,110036,51900,paid
order_auy2qqwrjr48a8,17/02/2026,cust_ho7v5xf,Manish Reddy,700005,288900,paid
order_ase57xpkfkboow,15/03/2026,cust_8w5xu18,Sneha Iyer,500027,96300,paid
order_457a0rsla1a9lt,09/03/2026,cust_0b6gx46,Nandini Patel,411029,145700,paid
order_00cy6ex7ehrblr,03/01/2026,cust_t2raqo0,Anjali Khan,400069,134600,paid
order_1njkkax34d5lka,15/03/2026,cust_2cka5hf,Priya Nair,560081,283200,paid
order_86s6yfybpaklzl,31/01/2026,cust_z5tiqob,Ritu Desai,560030,71600,paid
order_see0zju1ww5y4j,07/02/2026,cust_plthvi9,Anjali Khan,560033,304200,paid
order_r75m8izkr9k4lq,05/02/2026,cust_6jlunbt,Harish Desai,110052,639800,paid
order_syr9uajgexg05v,30/03/2026,cust_pa854ae,Aarav Joshi,400019,47000,paid
order_t8yfl7ezwt92rq,11/03/2026,cust_jrjalfn,Karthik Kulkarni,700070,78200,paid
order_eifaevabkn0p7j,04/01/2026,cust_r798lug,Ananya Bose,600091,73200,paid
order_8783k461c5wahu,07/02/2026,cust_mliln0v,Kavya Khan,400049,35000,paid
order_6o8ltsr3efw5q3,04/02/2026,cust_zdpzqdt,Karthik Menon,560050,205700,paid
order_axhqqv5aqkdkn4,18/03/2026,cust_xcj3w4j,Divya Joshi,600086,152600,paid
order_u7tv85uxxpylwn,22/03/2026,cust_yz6gx9g,Arjun Khan,560055,129600,paid
order_38gvkix46wv123,02/01/2026,cust_htj5u4k,Meera Iyer,700125,172400,paid
order_dgcek6p6b8h90d,29/01/2026,cust_hq4fchb,Fatima Iyer,560058,40700,paid
order_8y0cc85x2jvclt,05/01/2026,cust_xdw2c9m,Siddharth Gupta,560084,30000,paid
order_ydssekni58e4o0,23/03/2026,cust_ri9k1dc,Kavya Bose,560041,69800,paid
order_5xbe5msrg6djfp,31/03/2026,cust_3rkfgb7,Anjali Reddy,110046,54400,paid
order_9mrm4140upb747,30/01/2026,cust_xcuaelo,Rohan Patel,400097,162100,paid
order_gy6t90qf22mnir,23/02/2026,cust_qjep2dc,Meera Nair,600036,108800,paid
order_gaak7o7fmchiar,04/02/2026,cust_cqjfr0g,Lakshmi Desai,560044,314700,paid
order_yt9kse6gv4mily,08/03/2026,cust_tizw7az,Imran Rao,600078,52000,paid
order_fhg9mlv6tayfis,13/01/2026,cust_jktlzs6,Divya Rao,560096,329600,paid
order_sd9xx3rhb1qx0m,06/01/2026,cust_b1i2xjd,Meera Sharma,560039,363400,paid
order_tngozhjrkxr5e3,27/01/2026,cust_4kkafpz,Aarav Iyer,700002,420900,paid
order_9vbrwxduit9fxf,16/03/2026,cust_wnsixj8,Karthik Nair,110057,52900,paid
order_6f570mwags42y3,03/01/2026,cust_s3ckj63,Divya Joshi,380054,57400,paid
order_1d4657lz83nk0o,07/01/2026,cust_ltih86i,Harish Reddy,700085,78300,paid
order_kjhxeoah7ye2zo,19/02/2026,cust_duxqkfl,Lakshmi Fernandes,302007,77000,paid
order_5yhwxd18lqkzao,02/02/2026,cust_31mt35b,Nandini Desai,400067,91200,paid
order_xo67kxcde72wxg,30/01/2026,cust_ajc1a6j,Fatima Desai,500062,56500,paid
order_rs50m8blk1py2k,09/03/2026,cust_z4usrjd,Nandini Desai,380030,69100,paid
order_kwmj7yxyltucl6,01/01/2026,cust_1tjavo2,Karthik Gupta,600042,30900,paid
order_jpqlsn9mpcmvkf,29/03/2026,cust_yl7w58x,Fatima Gupta,560045,66600,paid
order_g8l8tgel2k8e6p,20/01/2026,cust_t2rz4pn,Fatima Khan,302029,103400,paid
order_yyf9th40gubxsu,28/03/2026,cust_5n649ff,Imran Reddy,560020,83100,paid
order_i9ad7ey1g83x80,08/03/2026,cust_6z1oghe,Lakshmi Patel,560050,266400,paid
order_v178c3wdj8et84,02/03/2026,cust_5ppplls,Manish Fernandes,600106,113100,paid
order_cz57xlbqnlgxoa,15/03/2026,cust_zqmcpr6,Manish Gupta,500082,84900,paid
order_0bowsrzb5qu1nj,05/01/2026,cust_hec13b2,Rohan Reddy,110058,132500,paid
order_w2rel4hqw09oji,28/02/2026,cust_7k0c0oh,Aarav Fernandes,560089,210300,paid
order_zl6rfvcioaf4xb,05/02/2026,cust_jbe9x6d,Pooja Pillai,110027,779400,paid
order_uxsyzvd4bnfajz,18/01/2026,cust_9u8m08l,Pooja Kulkarni,500076,106700,paid
order_p8rwh2dcg8uonf,24/01/2026,cust_9ic2jdc,Vikram Joshi,700097,110300,paid
order_so9snpa76mv61s,31/01/2026,cust_b3p0a4l,Sandeep Patel,110060,236500,paid
order_37i0zn64wsmqfi,14/03/2026,cust_ejlhm3z,Meera Bose,110037,183300,paid
order_fsxq6q5t7v02pi,16/03/2026,cust_obefumg,Karthik Rao,682035,77800,paid
order_tw7c1k7pufc2oy,20/03/2026,cust_1qznwmw,Ananya Kulkarni,400025,442900,paid
order_sedah94m3nkxu4,10/01/2026,cust_m3jue8c,Lakshmi Kulkarni,682027,44200,paid
order_gk40u8g0xpikyg,29/01/2026,cust_zrssfo0,Meera Khan,400096,116100,paid
order_mhuk8eekfhnavj,22/02/2026,cust_ehoz0e4,Karthik Khan,560028,42500,paid
order_252k61kyz5agmx,15/02/2026,cust_84iaos2,Pooja Fernandes,560068,129100,paid
order_zn0dbj74itfiln,13/01/2026,cust_qegcmmq,Manish Menon,600114,118800,paid
order_s4bofe12n9digb,03/03/2026,cust_nd88x78,Manish Reddy,560020,291400,paid
order_ypvqqiipkil5ag,12/03/2026,cust_ahvmh21,Sneha Patel,600012,61200,paid
order_yqebapt5sue9b4,20/02/2026,cust_73onomn,Kavya Fernandes,600035,53500,paid
order_3wadnq288islnp,01/02/2026,cust_ibwz1br,Sandeep Reddy,400074,54500,paid
order_omv88ganrjoezy,31/03/2026,cust_6ubnnxw,Lakshmi Desai,600039,108800,paid
order_t86ejetx2smq4s,25/02/2026,cust_go5q0vb,Ritu Joshi,560075,41300,paid
order_3qpp0fluym4xnc,21/01/2026,cust_mbt578l,Harish Khan,560030,252600,paid
order_9xbshdbrjx651y,11/01/2026,cust_0ap0snm,Manish Bose,110018,72300,paid
order_okk415in1zi8ry,25/02/2026,cust_o140ecr,Pooja Pillai,600051,63500,paid
order_9wnp5kv2l4sfdh,11/03/2026,cust_acoz64e,Rahul Kulkarni,110041,77900,paid
order_vxijkwrxbf5ybh,11/01/2026,cust_gfo10j6,Manish Pillai,302031,97500,paid
order_4s8w6b8ppduwsj,03/03/2026,cust_7iqfzk1,Ritu Chatterjee,560096,150700,paid
order_4m2ddjpxz0xavn,11/02/2026,cust_2wu0ac0,Sneha Gupta,411042,58200,paid
order_sm8pbhvc16c1v0,22/03/2026,cust_rmhu2jl,Sandeep Pillai,110046,146300,paid
order_8wn0m8mx1wymom,22/03/2026,cust_prucdep,Rohan Mehta,560071,114400,paid
order_mp8xmuni55vkff,02/01/2026,cust_oef0604,Kavya Rao,700138,74900,paid
order_2tyhw647jy0sx1,18/03/2026,cust_q2tzhj5,Manish Kulkarni,500084,88200,paid
order_u26mds0zugkc5j,08/02/2026,cust_kk9yijg,Pooja Bose,110056,289700,paid
order_etxg3w0qizyjdp,21/03/2026,cust_svg3wyp,Meera Sharma,560020,68000,paid
order_qskpyd4m2r9can,17/03/2026,cust_28s0c0l,Fatima Joshi,560004,180800,paid
order_uhhahri6mmyd99,20/03/2026,cust_bnk8qgg,Manish Iyer,411043,111000,paid
order_iz2g87suhadmu0,09/01/2026,cust_37n4ihc,Sneha Pillai,400026,105200,paid
order_pnf5ui8d8nazpq,22/03/2026,cust_4uptks0,Imran Chatterjee,560103,75000,paid
order_y1dttttuax2r02,15/02/2026,cust_yvdu2lz,Sandeep Menon,110012,182000,paid
order_ohl7tvedyx07m0,31/03/2026,cust_3urjgq2,Tanvi Fernandes,110091,367900,paid
order_80ry5xkljn1nro,24/03/2026,cust_5o84orj,Harish Iyer,700017,106000,paid
order_2ql17pyy9fdq7u,02/02/2026,cust_zbmpq0x,Kavya Nair,400096,134300,paid
order_gj7vpau6jhbgzq,27/02/2026,cust_s3pobsx,Karthik Mehta,500090,65800,paid
order_vcx2xcag3qikmr,28/03/2026,cust_tmpg6dz,Nandini Chatterjee,400004,301600,paid
order_fvmrjt5ba7e0q3,15/01/2026,cust_cxuypeh,Siddharth Reddy,302015,49800,paid
order_1cx9qbr65js132,10/01/2026,cust_ic2zfcn,Harish Joshi,110090,499900,paid
order_830pkagk1qc9n5,08/03/2026,cust_v4k887w,Joseph Mehta,500085,229800,paid
order_w5o3mrtft5c1j6,10/02/2026,cust_1tmp377,Lakshmi Fernandes,700108,72800,paid
order_p5m1udkcqnugev,21/01/2026,cust_z4p5xoh,Priya Patel,560026,131700,paid
order_kbd9l79tip5aui,31/01/2026,cust_61kidxb,Rohan Fernandes,500053,138800,paid
order_4n59s23ejqfpac,20/02/2026,cust_ugjs91z,Karthik Menon,560070,141700,paid
order_zptsy1hx9rvpia,27/02/2026,cust_eh3gl0w,Sandeep Pillai,560064,335100,paid
order_z4u7g8rgibnnwh,28/03/2026,cust_ktf5kif,Rohan Rao,400054,66300,paid
order_y4py5bwmex92ps,03/02/2026,cust_gtgx1f4,Fatima Reddy,560006,250900,paid
order_j9jc0i3bhigbr1,28/02/2026,cust_m5ggj1v,Priya Reddy,411033,67900,paid
order_xi9asrcrt2kiqe,26/02/2026,cust_5zdqbqc,Lakshmi Nair,400069,122400,paid
order_bga1wpogpd03vv,26/01/2026,cust_m7tb3fk,Sneha Gupta,400005,42000,paid
order_xlcqo6opmkszor,03/02/2026,cust_fu1h9d5,Sneha Chatterjee,560039,115100,paid
order_z1r0uv5ukflvhe,16/03/2026,cust_j8xidru,Anjali Joshi,110024,215400,paid
order_sbsq4x5hdcbvyx,27/01/2026,cust_gowg2ot,Ananya Fernandes,110061,63900,paid
order_kdeyemc4hk1aqj,09/03/2026,cust_pwmojua,Joseph Menon,400094,57900,paid
order_ve85k17m3teiu4,03/01/2026,cust_pgwozgt,Manish Reddy,500064,305700,paid
order_9lz4sxrke3duyq,05/02/2026,cust_6u794fo,Divya Gupta,700134,211300,paid
order_2bvwfktc72vy58,27/02/2026,cust_ip8pz9k,Sandeep Fernandes,600022,78200,paid
order_nst0wsvx0xg6s0,21/01/2026,cust_w298oxg,Karthik Menon,560037,36400,paid
order_mtvamciy4lc4m3,26/03/2026,cust_652r0s1,Fatima Menon,302027,247300,paid
order_iqb32skxt8j8oy,31/03/2026,cust_ah5630n,Vikram Desai,600117,121600,paid
order_br0qg79w2n4n1g,02/02/2026,cust_opmortg,Pooja Nair,400044,105700,paid
order_aiq90yv1axphtw,16/02/2026,cust_earw40u,Arjun Rao,400029,842200,paid
order_08nbjp5qg9usif,29/03/2026,cust_0jysl0c,Sneha Gupta,500059,76200,paid
order_pc78041xibd78h,05/02/2026,cust_pb8pi2k,Fatima Nair,560051,306300,paid
order_1klm2iyb9bbgxt,24/02/2026,cust_l3kp7s0,Rohan Menon,560010,503200,paid
order_ok67n18rmfvfqx,23/02/2026,cust_hawa75g,Aarav Desai,560005,60500,paid
order_bdzgdosjm3ucxf,15/02/2026,cust_x0jjoag,Nandini Patel,500058,88500,paid
order_yr1ukogph536fu,25/01/2026,cust_vyl3ocz,Aarav Fernandes,400072,70200,paid
order_00mfbjncqyhptk,04/01/2026,cust_qtaicb5,Fatima Mehta,600005,45200,paid
order_5jzvu0t9k6tpay,09/03/2026,cust_xwu09j9,Manish Patel,411057,160300,paid
order_lcy8523kfwzop1,03/02/2026,cust_m9a8ig1,Anjali Rao,411042,145400,paid
order_gt5wmn3xp80wk4,16/01/2026,cust_so9mjsq,Priya Gupta,400024,134900,paid
order_uw89xgr4ezsrvd,29/01/2026,cust_zc6x733,Fatima Nair,700088,33300,paid
order_4fmb19qm6isl0p,04/02/2026,cust_9nmhptm,Lakshmi Khan,500015,37100,paid
order_2rorp5i8pkdjeo,17/03/2026,cust_gc1ws11,Imran Reddy,700077,131900,paid
order_hu3r76p8cto8rw,06/02/2026,cust_n6fnkk3,Anjali Desai,560003,37200,paid
order_uvvpigaf2y0q4w,21/02/2026,cust_1hgpk3q,Rohan Desai,400084,501200,paid
order_b6k8dhf3x949ul,29/01/2026,cust_6hcwb9h,Manish Gupta,110032,53100,paid
order_bpihus5fqldgye,16/03/2026,cust_wdle3ug,Anjali Chatterjee,700085,160000,paid
order_hpjjajfa9gwc99,12/03/2026,cust_kcz6zz6,Vikram Chatterjee,560015,36400,paid
order_now8632qb5rym3,19/01/2026,cust_09c3cxl,Divya Kulkarni,600014,265200,paid
order_hni3varkasfwwn,27/01/2026,cust_7w7bll1,Sneha Desai,400086,332400,paid
order_yobwar14hs3dl6,21/01/2026,cust_7mhq58h,Imran Menon,110043,131400,paid
order_dj8v8u9ddonily,02/03/2026,cust_o4old0h,Manish Iyer,411048,116300,paid
order_oac7nvq2mj5ofw,06/01/2026,cust_6me9kl4,Karthik Iyer,400090,281700,paid
order_63z5h51ew3zoth,25/03/2026,cust_jdsh8kb,Rahul Mehta,560022,123700,paid
order_5p5khha0lkgzd2,18/01/2026,cust_nb894cu,Meera Nair,110006,40100,paid
order_1h41p31efdmv98,10/01/2026,cust_a93s15m,Sandeep Joshi,560027,145800,paid
order_jessry0b5l3zw3,07/02/2026,cust_o4fuq51,Manish Desai,110067,55400,paid
order_1ub4xvjmhl08xc,10/03/2026,cust_x94ifco,Lakshmi Sharma,411037,74300,paid
order_3zglj8xmkjq776,26/02/2026,cust_xumjugn,Aarav Reddy,600097,117300,paid
order_bs0kjsjv8owxw8,31/01/2026,cust_wk3y3sh,Meera Chatterjee,411035,143100,paid
order_cbmxhdzdhjv2m6,04/03/2026,cust_0o9ttgh,Meera Pillai,400080,57300,paid
order_2tq3fflgtd5wet,28/03/2026,cust_6gickek,Arjun Mehta,682034,117800,paid
order_iicjixh4mpsj6t,12/03/2026,cust_71xe2c9,Harish Joshi,411032,333600,paid
order_fle38p7wyqk6xx,30/03/2026,cust_jcefkki,Sandeep Reddy,560060,772200,paid
order_3s2ove971c60ib,28/02/2026,cust_tbnb87c,Harish Fernandes,560050,76600,paid
order_7shozmlev85nis,04/02/2026,cust_da9bs1n,Karthik Khan,560013,142100,paid
order_tv51xyc50kbnpf,16/02/2026,cust_4t041o5,Sneha Reddy,411022,319900,paid
order_kvphpm5zx4318n,05/01/2026,cust_nayzwmc,Sneha Menon,682014,32200,paid
order_fcw0hngz0hdtt9,23/03/2026,cust_84xg3o9,Nandini Khan,400066,39600,paid
order_3mhw9eumq8o5aj,31/03/2026,cust_04zxd47,Fatima Khan,700099,36400,paid
order_fksb3gn4gddcdq,30/03/2026,cust_zi15bvr,Sneha Rao,411015,98100,paid
order_obct4v4cbwxtf1,19/01/2026,cust_puw1hs4,Ananya Sharma,110038,150200,paid
order_e109mfqfediuse,06/03/2026,cust_9uxrgc2,Sneha Fernandes,500036,43400,paid
order_kfz5xj7lo74pj7,20/03/2026,cust_jy57o0u,Meera Joshi,560009,92200,paid
order_g24tbx8i4x1pig,02/03/2026,cust_02f3blj,Anjali Fernandes,400022,50500,paid
order_kdmil8z5uqxjnk,18/02/2026,cust_4y0j7aq,Joseph Pillai,400091,84200,paid
order_586ovxes7a6aj6,04/01/2026,cust_b0x3g3e,Meera Nair,560093,135900,paid
order_qvbhfnx6jq4hza,30/01/2026,cust_e705zb4,Sandeep Pillai,560048,59800,paid
order_0i8sdoryj6d49d,30/01/2026,cust_zcaqoy5,Vikram Sharma,110096,146100,paid
order_qux57i3buv15pc,20/02/2026,cust_0acm2e8,Rohan Pillai,560008,70100,paid
order_baui46ln3gb6t6,07/02/2026,cust_jgnpy8i,Meera Khan,560041,58000,paid
order_bklq7yg0fcqiwu,25/01/2026,cust_tv1c2m5,Meera Desai,500080,53400,paid
order_noodsz8d7jh8a3,21/02/2026,cust_2irpxyc,Manish Khan,560081,554500,paid
order_ts2ie895ufnuqu,18/03/2026,cust_n431l8f,Priya Pillai,400001,107000,paid
order_vjpia6cta0bfmj,18/01/2026,cust_39fjyel,Meera Joshi,500039,94700,paid
order_pdznfwx7e5pjgg,18/01/2026,cust_t9mgt09,Sneha Desai,560046,33300,paid
order_b522foyqer6veo,12/01/2026,cust_zdahsnv,Pooja Bose,400021,57000,paid
order_xmq809m70n2q3g,06/03/2026,cust_df1r1rg,Rohan Kulkarni,560101,114500,paid
order_v5siuoks73vhh0,30/01/2026,cust_r87lme3,Lakshmi Sharma,600111,58900,paid
order_9qvf4yadc3s7ih,02/02/2026,cust_ij496nk,Divya Bose,560023,65600,paid
order_gfiizhouz24kd0,30/01/2026,cust_0hnrnw3,Pooja Joshi,411042,70400,paid
order_t4m477ltuyzxem,20/02/2026,cust_v2sktnu,Kavya Desai,400004,69500,paid
order_5p4olmzmvxs92p,30/03/2026,cust_1pnd4xe,Joseph Rao,600099,140700,paid
order_0xrhjy7wzfte9l,05/03/2026,cust_zroldz9,Manish Rao,400063,48000,paid
order_og7eqz382tok1c,13/02/2026,cust_8ehed4f,Fatima Fernandes,560091,77000,paid
order_hm0i0rf1w9ne5g,04/03/2026,cust_4qsil52,Kavya Patel,600058,267200,paid
order_bwn553ho99zvpa,08/02/2026,cust_gj05vgi,Tanvi Mehta,600047,46900,paid
order_nc3rigl4ajkv0u,13/01/2026,cust_kta1wa5,Divya Gupta,500070,37600,paid
order_tjqdmols90dhd0,18/03/2026,cust_hgyxf7w,Pooja Rao,400036,252300,paid
order_yj83elw0k3bc8u,26/03/2026,cust_0m65gx1,Vikram Chatterjee,560008,51000,paid
order_1edfa9zch09pys,30/01/2026,cust_xemqq0w,Priya Sharma,560019,290100,paid
order_xcfohcss5405jx,06/02/2026,cust_zx2fe7i,Sneha Bose,560027,59800,paid
order_kwbm0uhvast6vw,26/02/2026,cust_gfaixmw,Fatima Desai,110063,98300,paid
order_mpzra6mvh7f2l1,28/02/2026,cust_78qagax,Ananya Khan,110005,132100,paid
order_l1flwz8odf5bd6,01/01/2026,cust_82q4ewn,Aarav Nair,500025,147000,paid
order_l72i4wn8is9e4s,03/03/2026,cust_rf8dl19,Aarav Mehta,500096,148700,paid
order_ivry1ulnsz825n,25/03/2026,cust_np39th2,Joseph Bose,560008,143200,paid
order_8kqbxpvzdly2ux,13/01/2026,cust_66nkrzr,Kavya Khan,400082,53900,paid
order_aj3ja47whey31d,15/01/2026,cust_ilejwie,Harish Pillai,700119,112900,paid
order_otwbcq4xxq6lsh,15/01/2026,cust_4f06z9k,Sandeep Rao,560031,120500,paid
order_wm2yicanjaoic0,30/03/2026,cust_cgmbwxq,Fatima Fernandes,600062,32400,paid
order_bnkr0t1lnui3v6,07/01/2026,cust_gxsloek,Priya Khan,302022,85700,paid
order_at9mme5cgy02q0,18/03/2026,cust_zbt1wkh,Divya Gupta,500027,253400,paid
order_696zp17i7u240f,17/03/2026,cust_xaqowno,Kavya Menon,110015,349000,paid
order_ndc9p28znkt2w4,03/03/2026,cust_ceze4w0,Anjali Reddy,400079,101100,paid
order_566rfjma3jc0n1,05/03/2026,cust_c1mdlqe,Nandini Joshi,560075,102500,paid
order_fz8c6iql9vn7mk,31/01/2026,cust_22xnfrs,Kavya Menon,411014,313700,paid
order_24ugno0refra79,27/02/2026,cust_6dc30ko,Sneha Rao,411050,334100,paid
order_zhpin0ss6p1vwo,12/01/2026,cust_565bxzo,Rahul Kulkarni,400031,94800,paid
order_fe96fwz0e88otv,02/01/2026,cust_6sbswaz,Siddharth Pillai,560089,37100,paid
order_xxzscorlrzf67v,07/03/2026,cust_bazm5lr,Siddharth Rao,560080,65700,paid
order_jsxotakkuy9npj,07/02/2026,cust_b3oeums,Rahul Reddy,560033,640700,paid
order_je3djer1i8khry,12/02/2026,cust_uruwsx2,Ananya Fernandes,560091,61900,paid
order_8cdyunul0bj2gx,26/02/2026,cust_cpuy5az,Rohan Fernandes,400071,65200,paid
order_cfuqy43lshgi6v,06/03/2026,cust_th58atc,Siddharth Rao,110053,77800,paid
order_r3edmdxth83om9,01/03/2026,cust_l6n6i1v,Vikram Pillai,400078,36700,paid
order_sadpdbls6cccuf,28/02/2026,cust_70knvoh,Anjali Iyer,110028,62400,paid
order_8kz10i9xkb0erd,21/01/2026,cust_d60fxvr,Sandeep Gupta,600053,78400,paid
order_ua4d9ht7gyg50t,08/02/2026,cust_6zrzqsj,Meera Fernandes,560069,133000,paid
order_slktono0clh6js,24/02/2026,cust_1jbagzl,Tanvi Patel,682029,47500,paid
order_fnt7qo8559s6g9,12/01/2026,cust_9l8ed8p,Priya Iyer,560097,44100,paid
order_c4btmj0zqa0an4,01/01/2026,cust_o8gua7z,Manish Kulkarni,600116,35200,paid
order_nxpeiu5vufl0r9,08/02/2026,cust_mykjzb1,Harish Fernandes,600102,60300,paid
order_4nvdqzs3l66cxi,17/03/2026,cust_1d3yreq,Pooja Gupta,110012,516800,paid
order_ym42mu89srctd6,04/01/2026,cust_grxedrp,Meera Joshi,400076,257100,paid
order_q2fqqs037wrrz0,26/02/2026,cust_f407em7,Harish Kulkarni,500077,131800,paid
order_29kn91o9bwho4l,21/03/2026,cust_222cwtp,Vikram Pillai,500001,444300,paid
order_3t0wac57dtrlb3,06/01/2026,cust_lx9fchm,Aarav Sharma,400053,43100,paid
order_b7h91raxqocbkn,18/02/2026,cust_ijcry5d,Joseph Chatterjee,560023,132100,paid
order_mb29qaoxbm8m00,10/02/2026,cust_d0blw2l,Tanvi Chatterjee,560001,101800,paid
order_cnoowmjhh2avry,02/02/2026,cust_mzmlwyw,Fatima Gupta,302037,33800,paid
order_k1b9zbuf73hdxp,14/02/2026,cust_72i29x0,Aarav Khan,411036,58700,paid
order_g1eqh2uknlzjos,04/03/2026,cust_hdrqo9q,Arjun Chatterjee,400062,72400,paid
order_jrhdbgjjgg3ayw,08/02/2026,cust_leyu1pd,Pooja Kulkarni,560024,68700,paid
order_op6is185wijben,08/02/2026,cust_b9jky13,Ritu Gupta,600037,48400,paid
order_4rjdlim8mtx1tq,08/01/2026,cust_gk3ob2v,Sneha Iyer,302005,44100,paid
order_ji7cnz7349fh00,02/01/2026,cust_p6a26gh,Manish Iyer,411032,132400,paid
order_i4xt57rr412pon,31/03/2026,cust_utvbwuy,Ritu Fernandes,400069,66700,paid
order_ztkdzcn80htcyx,29/03/2026,cust_zpjtk24,Imran Sharma,560064,48400,paid
order_l8lfmjo20dx5hv,31/03/2026,cust_yxxsbv8,Rahul Patel,560078,210600,paid
order_xfl8ecxqqn0sew,23/01/2026,cust_uck6rsm,Lakshmi Desai,560090,107600,paid
order_lcy0ufl31vnq25,24/01/2026,cust_k83nmn7,Siddharth Patel,400053,50900,paid
order_bfaib0568ogmg4,22/01/2026,cust_csnn3rp,Kavya Rao,700078,145600,paid
order_16o7corgwjxt6q,12/02/2026,cust_ug77d9v,Meera Desai,411030,132900,paid
order_fs3qqieo6b6fje,15/03/2026,cust_9ehj3wy,Fatima Menon,600100,88000,paid
order_jic7uec8k5ox02,27/03/2026,cust_8l2h2ur,Imran Desai,302003,41700,paid
order_dtmwyqyodbuq1a,07/03/2026,cust_ysiw9q1,Ritu Patel,400065,37700,paid
order_dop1soonwegre3,17/01/2026,cust_ca0lfss,Anjali Nair,500006,134800,paid
order_212ephsiuuqo8b,03/02/2026,cust_1iq3eq0,Anjali Desai,400008,77600,paid
order_sjy7jcfog7r0wg,15/03/2026,cust_yo3lgjj,Aarav Reddy,380031,215500,paid
order_njimvitf9n89v5,22/03/2026,cust_ahu02c4,Tanvi Rao,700062,39800,paid
order_qj6qbohq9bvsww,20/01/2026,cust_oc2hszc,Arjun Joshi,560036,147600,paid
order_w8x8fkw8ndss4s,12/01/2026,cust_oal7j7t,Fatima Fernandes,380044,53300,paid
order_bkdmv7ak9dtz27,03/02/2026,cust_95akvk4,Sneha Fernandes,411045,34400,paid
order_kxulj6t63iwran,27/02/2026,cust_me86b18,Kavya Reddy,500049,345200,paid
order_zltmzo1ndojqv1,29/03/2026,cust_oyvidra,Rahul Bose,600031,115300,paid
order_9fplshb3zbsrpz,30/03/2026,cust_xkkkb6w,Siddharth Chatterjee,110032,107500,paid
order_5cpx07dovn2hig,26/01/2026,cust_y8893hn,Lakshmi Iyer,411042,40900,paid
order_ws6dg2rgw63xtl,22/02/2026,cust_dxrnt5z,Rahul Khan,110001,433100,paid
order_j41f37wov9vadr,12/02/2026,cust_u6ly6mj,Tanvi Gupta,682042,335000,paid
order_mwoo8cf8aim3x2,20/03/2026,cust_fsr3wh9,Imran Khan,500081,91300,paid
order_mpj9izhxkgcdde,07/01/2026,cust_2cud20y,Anjali Joshi,600109,144700,paid
order_dgxvj4h0uxapdr,17/01/2026,cust_hg898oc,Kavya Joshi,560102,48700,paid
order_m68q0y9jf5w36m,04/03/2026,cust_ucjd5xu,Manish Nair,400010,76900,paid
order_18rm7z02xvtk47,19/02/2026,cust_q6u0er3,Karthik Pillai,500072,864500,paid
order_mvewjh0o9vue6g,26/02/2026,cust_wzcvob5,Rohan Pillai,411027,63800,paid
order_19baajtajj6u10,14/01/2026,cust_1rozy84,Tanvi Menon,560007,124300,paid
order_wi9y9vsvasxxjt,18/03/2026,cust_rbmj9o5,Priya Pillai,400087,79200,paid
order_ja8ordsnio7myi,04/03/2026,cust_wsch38k,Imran Pillai,110092,327900,paid
order_ktl8s4jylmrdn3,19/01/2026,cust_ivzei67,Fatima Menon,500091,66500,paid
order_a5q07k34hjmk2q,18/03/2026,cust_kq1670f,Fatima Mehta,560103,57800,paid
order_xpobi6gacv969w,16/01/2026,cust_a5tjj6o,Divya Rao,411040,144600,paid
order_m5z5ja7hmk1e2o,01/02/2026,cust_9ja9yuk,Meera Gupta,500012,266500,paid
order_5vcjrvjoy21zeg,12/01/2026,cust_egbbwie,Ritu Menon,302003,133300,paid
order_3zq2k4y7gx1obu,31/03/2026,cust_m62vieg,Fatima Sharma,411002,107900,paid
order_vzskqkkab2tff6,31/01/2026,cust_xbfmucx,Tanvi Rao,560020,35600,paid
order_f9of70udnek9je,27/02/2026,cust_aqstdo5,Lakshmi Menon,560069,141300,paid
order_i2n7ggezk3hkv6,21/01/2026,cust_23fi9v1,Ritu Chatterjee,560091,129000,paid
order_vb8nlk04u9qagj,18/02/2026,cust_zkra9uw,Arjun Menon,500083,71600,paid
order_xbdg725t56ek7g,25/01/2026,cust_t8h1lqk,Siddharth Menon,400059,31100,paid
order_hxecvya9qk1bj1,17/03/2026,cust_vooseap,Aarav Iyer,700024,50500,paid
order_1zhmt6x5j9o1fq,24/03/2026,cust_qs6a6im,Vikram Pillai,400037,93000,paid
order_6qg70jdctfv3gl,05/03/2026,cust_h65pz79,Meera Joshi,560054,58000,paid
order_8dd96bzw5to7gk,27/02/2026,cust_zxqgkq6,Manish Gupta,411017,33100,paid
order_gx8vk6rakbbunc,27/02/2026,cust_fqyokeu,Ritu Khan,411033,319300,paid
order_lpw11l38ji6q75,24/01/2026,cust_u44oz6x,Siddharth Kulkarni,600063,76500,paid
order_8u15l48a6lla6c,14/01/2026,cust_agjiera,Sneha Menon,400076,56900,paid
order_43l7lv6p0a8ahv,04/02/2026,cust_a1gve0g,Joseph Iyer,700005,119300,paid
order_q7iez1mg06ixpp,16/01/2026,cust_srp5rkb,Tanvi Chatterjee,411041,30700,paid
order_4atujz40wgk153,27/02/2026,cust_g3lxz6j,Arjun Fernandes,560079,125300,paid
order_0xdnvynh1l37ur,05/02/2026,cust_98k109g,Divya Kulkarni,560026,48100,paid
order_do87v8ley6zasn,18/02/2026,cust_pd0idw0,Harish Gupta,560002,289600,paid
order_3zjhn9p2ghxlyl,22/02/2026,cust_6n8x0mp,Rohan Bose,110070,95900,paid
order_l9gwqymrvmj2jr,31/03/2026,cust_a76ahps,Sandeep Rao,560052,52100,paid
order_8kezb0efr64d1c,06/01/2026,cust_9lm2dff,Pooja Iyer,600051,38200,paid
order_vgxz29w064z71x,11/01/2026,cust_nhljjsf,Vikram Kulkarni,560016,306800,paid
order_6j9hvo2kmnfy8s,19/02/2026,cust_pwdebk8,Vikram Patel,411030,301500,paid
order_dn7e84e8e5a8b5,14/02/2026,cust_kmxjs0l,Divya Rao,110094,480700,paid
order_4qr48pfpt7ooht,20/02/2026,cust_jfh3i76,Lakshmi Desai,110087,71000,paid
order_iycmuk09w0kfuh,27/01/2026,cust_rcj0usy,Sandeep Menon,302002,134000,paid
order_ejniodye449ld1,14/01/2026,cust_mn0d6ga,Manish Menon,400043,129000,paid
order_jcz6tko3dh3dye,22/02/2026,cust_fqo7ohv,Vikram Mehta,411027,76700,paid
order_bayoigqxdlvl0g,17/02/2026,cust_nm0mqei,Priya Kulkarni,700010,57500,paid
order_ov1futtjrj8ld3,26/02/2026,cust_2cntblm,Sandeep Sharma,600047,317300,paid
order_jdkee3zrxa6n4u,26/03/2026,cust_0ut9afa,Kavya Desai,110053,60600,paid
order_9r79cjrz1iqec0,23/03/2026,cust_z97f275,Manish Kulkarni,560068,139400,paid
order_4utkg24429es75,04/01/2026,cust_f151prl,Rohan Iyer,600056,74000,paid
order_rkxb24v049z0m2,03/02/2026,cust_w8rnqrd,Joseph Joshi,560029,77200,paid
order_sbwd2cj9l4wbyv,21/02/2026,cust_qfhbk8f,Imran Joshi,600001,61300,paid
order_rup7hsdgm5x783,24/01/2026,cust_u7xlnkt,Ananya Nair,700007,128800,paid
order_1js8jvyu9ugc48,13/02/2026,cust_kso0bkn,Anjali Reddy,560098,263700,paid
order_ha8kk3xt22pdyt,22/03/2026,cust_nx8ql7p,Karthik Nair,560001,247900,paid
order_69h79m10qafmhw,02/03/2026,cust_pn0k8bt,Ritu Menon,560030,75900,paid
order_ui3xemok7v42ki,23/02/2026,cust_lsuxjfr,Karthik Pillai,400014,309500,paid
order_374ne4dnwrijam,15/02/2026,cust_7mucxod,Fatima Pillai,110031,282600,paid
order_kebramdzym570g,12/02/2026,cust_1lbldyo,Ritu Kulkarni,400049,304400,paid
order_nv6bqvi9r9te19,23/01/2026,cust_bodn8ki,Nandini Sharma,560068,114900,paid
order_0vur6o9a4gpqn2,21/01/2026,cust_t8km4zc,Fatima Patel,600027,77300,paid
order_17vm5dofibhwjo,19/03/2026,cust_9dc0xl2,Harish Pillai,110061,173100,paid
order_ckrjm3bh9972dd,12/02/2026,cust_ro2gse2,Rohan Kulkarni,110092,63800,paid
order_gvrawdrocv1llk,29/03/2026,cust_b0jzexz,Meera Joshi,560084,146700,paid
order_vk03dt8eygxcqg,22/01/2026,cust_nl8prk8,Rohan Nair,110045,43900,paid
order_b9csssvcg7njx9,28/03/2026,cust_xgdbksl,Nandini Kulkarni,560025,38700,paid
order_popn5mgejlo4tz,03/03/2026,cust_paibpu7,Pooja Joshi,500001,79800,paid
order_q0bnjrbhpslmns,27/02/2026,cust_bhm6vgn,Sandeep Kulkarni,110092,93400,paid
order_h76i7nqp2vlnph,06/01/2026,cust_gjzii8s,Karthik Sharma,560021,77000,paid
order_pefo0rp2g5wf7d,17/03/2026,cust_qis6fnh,Meera Sharma,400007,66200,paid
order_7kfahw1my5ayfx,04/03/2026,cust_3sl24hx,Anjali Pillai,411043,86200,paid
order_ipu82h63vuroup,30/01/2026,cust_kawuizf,Joseph Patel,400104,41800,paid
order_m4kp4vze8l9gx5,02/02/2026,cust_cnhfpp1,Rohan Joshi,411007,47700,paid
order_6t40vbky9xozb4,12/02/2026,cust_8ami9qn,Fatima Rao,380038,132900,paid
order_f28ybj7ttumcpa,22/01/2026,cust_r0g4qhv,Rohan Desai,560071,261500,paid
order_0qwme8qgka9one,11/03/2026,cust_xzlpdkf,Siddharth Iyer,380053,817400,paid
order_xw1mbjd9zz8hfh,23/03/2026,cust_kafozee,Arjun Khan,110077,41300,paid
order_lhp5a8mjkkxa6k,23/02/2026,cust_xui80wh,Ananya Fernandes,110009,78500,paid
order_apdrtop6x23z6b,30/03/2026,cust_7vrj4fy,Aarav Bose,560019,59300,paid
order_zwix47785i15ch,25/01/2026,cust_ybo91j4,Joseph Fernandes,400075,310200,paid
order_idqtumpf5q1qgk,07/02/2026,cust_n7wtr3k,Nandini Kulkarni,400027,160000,paid
order_b9rlnqpsvg9u4r,14/02/2026,cust_dj41l6a,Kavya Gupta,500058,40200,paid
order_r60w8hy5alo3rb,30/03/2026,cust_gxiljck,Rohan Kulkarni,560016,48600,paid
order_vnmh0td2hbbsfg,06/02/2026,cust_dclvucw,Vikram Iyer,110037,55600,paid
order_51ufennmcunpsh,11/02/2026,cust_ome4zoy,Ritu Pillai,560018,59300,paid
order_ifomlofdu4ukz7,15/02/2026,cust_f8gv9kw,Priya Khan,682014,819700,paid
order_wudn65j57641pg,23/03/2026,cust_cxxs3to,Anjali Nair,700129,129100,paid
order_7oftqvlb7kfrjk,24/03/2026,cust_6gf3zn7,Sneha Bose,500033,55900,paid
order_1sgk461y1mm32r,15/03/2026,cust_dpywcgi,Aarav Nair,560037,63700,paid
order_n1u3yzuii4bngi,22/01/2026,cust_2lsipua,Lakshmi Gupta,682020,77300,paid
order_d93bpwur724ri5,15/03/2026,cust_nb375fz,Ananya Rao,700087,55000,paid
order_jt32s8p1oxobxj,19/02/2026,cust_nx9twl4,Meera Menon,110092,145200,paid
order_gwp95rcpo4msua,23/02/2026,cust_fih63cy,Harish Fernandes,110095,31700,paid
order_t6por9oe8bx3fi,18/03/2026,cust_j38rnpx,Tanvi Joshi,560015,127300,paid
order_8b1xfzpwjen7kv,11/01/2026,cust_lr29anb,Siddharth Khan,302007,38400,paid
order_sgk02qkq5wxdls,17/02/2026,cust_pxv3btg,Vikram Gupta,400058,36500,paid
order_t3fi4084x7vkkn,27/03/2026,cust_twlz1t8,Nandini Desai,400018,59900,paid
order_hp6o7w2aevl0ss,27/01/2026,cust_lh60kn7,Anjali Kulkarni,380026,124300,paid
order_0jsa6zut26n8aj,31/01/2026,cust_vebz1y8,Tanvi Patel,110014,70400,paid
order_2k3ldeinrnnq58,20/02/2026,cust_idnkbi4,Meera Kulkarni,560040,32600,paid
order_btkvrkledsno9x,19/02/2026,cust_va79ais,Anjali Patel,500094,39700,paid
order_stfd8jyo1al29z,07/02/2026,cust_gnclnzv,Fatima Pillai,400082,74400,paid
order_h6vcwco4oartn7,03/02/2026,cust_vusztzb,Nandini Nair,560073,76600,paid
order_d0rh8v0tf7wl9m,19/02/2026,cust_2d8sm60,Rohan Bose,400082,69700,paid
order_3y2ssd2425g3j5,14/01/2026,cust_rlvvz43,Manish Patel,700043,107700,paid
order_h86ps1dce3dvsl,23/02/2026,cust_idwzgq1,Lakshmi Mehta,110051,111800,paid
order_xmgutyccr3fllc,21/03/2026,cust_l3f5fqd,Aarav Pillai,110096,38300,paid
order_qurjdo51n11gp6,19/02/2026,cust_gtxa7kt,Ritu Pillai,400064,142400,paid
order_fpabjz4jt2ui12,03/01/2026,cust_u81cqwa,Karthik Chatterjee,560084,347400,paid
order_7zuqyizu9f6292,30/03/2026,cust_9b8hd8g,Imran Rao,600004,47900,paid
order_xfz62q10d0pj3w,24/02/2026,cust_5z57qbg,Sneha Nair,700007,53500,paid
order_4nefij4obfrjvq,05/02/2026,cust_sy3kfbq,Pooja Chatterjee,400005,64500,paid
order_tvehrc6pdeqrek,12/01/2026,cust_d9m7rrq,Kavya Sharma,400024,67000,paid
order_w595sihtacsnvi,07/03/2026,cust_sku6g1g,Siddharth Pillai,600077,72200,paid
order_3lo4ikeyqu0bir,11/03/2026,cust_i7z7c7d,Sneha Desai,560079,69800,paid
order_idftzybp73rdtg,25/02/2026,cust_gtjhibs,Sandeep Khan,560083,106500,paid
order_t6t62ucnz8oyw2,05/01/2026,cust_akwhzb2,Joseph Reddy,700062,116800,paid
order_7m96jhyk30hj9x,24/02/2026,cust_6ra3ah2,Karthik Bose,600080,104600,paid
order_zmezj8by19hump,20/01/2026,cust_a7t5o7n,Ananya Mehta,400006,44200,paid
order_wtcl2108nuocp4,31/03/2026,cust_uz0u18g,Priya Gupta,700035,52300,paid
order_549f5xp82xv7vp,11/02/2026,cust_9zbt5w9,Sneha Mehta,560073,145500,paid
order_yf99kydcxj69bw,29/03/2026,cust_vf5v6ru,Siddharth Iyer,700119,219200,paid
order_q67xpquiekn9g4,03/01/2026,cust_q51jn9b,Tanvi Menon,110068,829700,paid
order_cvv46gn2r9mozu,20/03/2026,cust_h86023t,Arjun Pillai,560103,77500,paid
order_r70uta493vd7w8,31/03/2026,cust_6zswnjs,Lakshmi Joshi,110028,61100,paid
order_2lfvq5gn8bx560,12/01/2026,cust_v7z1szc,Karthik Khan,600072,140700,paid
order_jfl2yfv225yg0v,24/02/2026,cust_1qwgxih,Meera Khan,700069,54000,paid
order_99whh6e7ghq79c,20/03/2026,cust_s8hzbuk,Ananya Patel,302039,198500,paid
order_n47k4bwft2j1kz,27/02/2026,cust_qbdnorm,Harish Gupta,411039,294500,paid
order_9be96geldynqye,31/01/2026,cust_ztpf49y,Nandini Desai,560090,50400,paid
order_s1fbpvqvo3zivz,09/01/2026,cust_9faimyn,Arjun Gupta,500094,34000,paid
order_3ogpyy6689clst,08/01/2026,cust_tbc5jdr,Priya Mehta,400016,49100,paid
order_94xcj9rhfzss8i,18/03/2026,cust_8uoral0,Anjali Reddy,400004,609600,paid
order_97g403m2zlgt63,14/02/2026,cust_hygrfst,Anjali Gupta,500034,48600,paid
order_0mbwmjlw735jol,26/01/2026,cust_s8yz9kn,Nandini Rao,560004,222500,paid
order_boy7bkkr9e509f,04/01/2026,cust_i58arld,Fatima Reddy,500033,91500,paid
order_waxtball1gbqox,24/01/2026,cust_20cswhp,Manish Mehta,380012,97500,paid
order_yrw99qaogc8p9y,23/01/2026,cust_yd2byhj,Anjali Fernandes,110021,112000,paid
order_68uayty928bqrd,15/03/2026,cust_b5gm0sc,Manish Bose,411013,160600,paid
order_3q5n5gh9nt6axy,26/02/2026,cust_16hkag5,Kavya Mehta,560045,159700,paid
order_ygjx8wjhn78aby,21/03/2026,cust_ybwje4f,Anjali Gupta,400092,32700,paid
order_jj47akrwsn3s3i,02/01/2026,cust_iouggmz,Ananya Pillai,110032,119700,paid
order_qyrqsax9fnwrol,29/01/2026,cust_4wntiah,Aarav Rao,560010,48000,paid
order_i02bagyv7xff99,04/01/2026,cust_y0ha9ms,Ananya Rao,500024,124000,paid
order_ruh9ulkw7q3v3g,15/03/2026,cust_nhvmrxg,Nandini Pillai,500094,36200,paid
order_w4ll6vt9ojoafd,04/02/2026,cust_0it075m,Anjali Fernandes,110061,63000,paid
order_23g2iwpy215f6q,26/01/2026,cust_z3w9m9k,Priya Nair,500015,78800,paid
order_9t1oddsl5zbnwk,24/02/2026,cust_t8jclqm,Ananya Rao,400045,128300,paid
order_pnazy1amcxw1rq,17/02/2026,cust_cf6n13i,Harish Fernandes,560040,239000,paid
order_syk0h7hmqcfldc,07/03/2026,cust_39t6d2u,Manish Desai,400071,90700,paid
order_4z71l1i25tu3o9,15/03/2026,cust_ch82idh,Siddharth Iyer,500059,145400,paid
order_1oxqdz334muqay,23/01/2026,cust_okcjs6l,Vikram Nair,110031,647200,paid
order_3oiwyygiqk45qx,28/02/2026,cust_xkzsnwu,Divya Desai,411009,246700,paid
order_t9x0g87jfuzgok,16/03/2026,cust_x98rjbt,Nandini Sharma,560027,72900,paid
order_szk5atoa85qi4z,20/01/2026,cust_4xcjsui,Rahul Khan,560023,140700,paid
order_3dbrjjj8xfhb5r,20/01/2026,cust_kdkn2gn,Ritu Khan,560038,404600,paid
order_sfvk3u2mz7yydl,31/01/2026,cust_6gyi4q4,Lakshmi Iyer,600029,172100,paid
order_7ga98j7amdtnii,30/01/2026,cust_vxliocv,Rohan Menon,560084,51000,paid
order_m6jafmcurgcawo,31/03/2026,cust_clzin4y,Aarav Bose,560048,36000,paid
order_i3b0anxuri4yi4,12/03/2026,cust_hvhvkjw,Aarav Desai,560080,51200,paid
order_naz54h854hyl33,31/01/2026,cust_wvrmgia,Siddharth Mehta,560048,95600,paid
order_s7bsl7x2h5rkai,20/03/2026,cust_lsoxau0,Siddharth Patel,500086,95500,paid
order_rz0bgvq24fpdel,03/03/2026,cust_mawcw86,Nandini Bose,302035,251200,paid
order_ktwxt83u5ho7lh,21/02/2026,cust_3d0ozdd,Tanvi Rao,110050,59400,paid
order_p2ob480hk2xcpt,31/03/2026,cust_m7cv48c,Lakshmi Gupta,682029,117700,paid
order_71nd2br8lq0jlh,17/01/2026,cust_v30wn1j,Tanvi Pillai,400098,78100,paid
order_lyrqmdi785s0jb,20/02/2026,cust_gg41m7x,Tanvi Chatterjee,500021,32500,paid
order_q64kydobhsa9qh,11/02/2026,cust_zn7fraz,Karthik Bose,380052,254600,paid
order_bog2oquoizsjam,13/02/2026,cust_0oe7nye,Kavya Joshi,500039,65700,paid
order_2210ipgzngmfow,16/03/2026,cust_p34gbdi,Rahul Chatterjee,400029,130900,paid
order_y8g1zln8fjuycr,17/03/2026,cust_tjgqrbs,Rahul Mehta,400095,163300,paid
order_kl071nr99fwb0e,13/02/2026,cust_12t9sdt,Lakshmi Iyer,400090,71800,paid
order_1e7k8v4sw6mchc,23/03/2026,cust_lcx3wjs,Aarav Gupta,400016,148100,paid
order_t87a00r8xgp2x8,24/01/2026,cust_v4x5nwq,Rohan Sharma,110029,111100,paid
order_ml7onztavfcmfw,23/03/2026,cust_w8eag0m,Anjali Pillai,500086,70400,paid
order_vur7ouk4dosvn2,02/01/2026,cust_mfjodh8,Fatima Pillai,400052,170700,paid
order_92nvtcxu5kdzvw,06/03/2026,cust_dt5b6ii,Harish Joshi,560012,66200,paid
order_lr0jdovt3a1dcr,20/03/2026,cust_60w8xvb,Fatima Chatterjee,110050,443200,paid
order_ji9k09rtep0xga,20/02/2026,cust_vqvugpg,Rohan Chatterjee,560087,72800,paid
order_g635k1nr111v2n,07/01/2026,cust_a6erdmo,Aarav Gupta,560025,32300,paid
order_w8od06zp9rceto,20/03/2026,cust_00mnpto,Arjun Bose,400063,35700,paid
order_8vnwziemc677on,12/01/2026,cust_fciqozo,Tanvi Bose,560080,67200,paid
order_l9xc2sbjqajj13,15/01/2026,cust_xqjnct7,Joseph Reddy,110025,59100,paid
order_t8zio7h8i6cmly,02/03/2026,cust_w05wjnb,Aarav Gupta,560061,84000,paid
order_izzjowshlzicga,03/03/2026,cust_vmadqn1,Sandeep Sharma,110079,135200,paid
order_2cta22v7ofkpmn,14/02/2026,cust_og66j0c,Manish Nair,600010,64900,paid
order_aa9d5omj10owgt,05/01/2026,cust_heb8oj3,Nandini Bose,110078,111500,paid
order_ac09b695o5cgp4,05/02/2026,cust_8y9mf68,Joseph Joshi,560026,631900,paid
order_i98b1lh8jyqw49,17/02/2026,cust_qed70wz,Divya Fernandes,110046,294600,paid
order_5hitxamczswmz5,31/01/2026,cust_kg3k1pv,Kavya Mehta,380016,851500,paid
order_6c8faf9wzcf2mz,26/02/2026,cust_v6xv76r,Anjali Gupta,600071,30600,paid
order_xq6hs7o4lcd5x5,10/03/2026,cust_6pobxel,Pooja Desai,560078,60900,paid
order_kjiiib7x2f6jfi,16/03/2026,cust_ebu4rn8,Sandeep Mehta,400081,70000,paid
order_09x76oem14ngag,13/03/2026,cust_vj1iyl8,Meera Gupta,500008,81600,paid
order_kzvi9z51tjmtaa,06/03/2026,cust_3lnr6e2,Fatima Sharma,110069,35500,paid
order_04z0f2rzs7fnk9,30/03/2026,cust_o57p00j,Karthik Desai,110062,40900,paid
order_wdb7tx66ob6oog,28/01/2026,cust_umqco8s,Harish Iyer,110063,97400,paid
order_yavdkym9zqnhh5,06/02/2026,cust_iandfj9,Ananya Pillai,400032,157600,paid
order_dkrszeffawrkrv,18/02/2026,cust_zknwsob,Imran Desai,400016,258800,paid
order_fwl0ztpstuumj8,29/03/2026,cust_mgkl06m,Anjali Rao,411025,107900,paid
order_ow2tavqxqxxh8n,13/02/2026,cust_oqeu6bo,Joseph Joshi,600069,82600,paid
order_nfzj9gizellzah,01/01/2026,cust_cjl7zcq,Nandini Rao,560023,461600,paid
order_nkwiyxjrvol87h,26/03/2026,cust_h3mfvoz,Rahul Sharma,110033,234000,paid
order_aop36g01gffz1g,02/03/2026,cust_6zngoo2,Rohan Rao,560008,229200,paid
order_95qj49fsqez98u,31/01/2026,cust_ji3nuoe,Manish Bose,560071,125600,paid
order_rcr2npg699ru1r,30/01/2026,cust_8hwwhe5,Nandini Patel,380032,300200,paid
order_8w2gi8ujhzumee,12/02/2026,cust_t72p5tf,Harish Desai,560033,130800,paid
order_koeb1jaux4v7v4,08/01/2026,cust_f3dswj8,Aarav Joshi,500003,246700,paid
order_6194co11q81ihe,24/02/2026,cust_enx76w1,Ritu Fernandes,400015,71300,paid
order_0ysea9tp1dmz3j,27/03/2026,cust_egf1mar,Rohan Khan,110066,213000,paid
order_4p6gvsi1b1yvsc,12/03/2026,cust_eo3dkk3,Priya Reddy,110008,55200,paid
order_n09q57mx0ey5xi,29/03/2026,cust_3tc0rrn,Ananya Reddy,500018,75800,paid
order_m8awlszp05qsos,05/01/2026,cust_08y7ins,Sneha Menon,400068,39100,paid
order_h08edvf8xk4cgf,13/03/2026,cust_gx1h0r3,Anjali Rao,700136,85800,paid
order_ee2qbs4bjk3p7k,20/03/2026,cust_ncmqsbk,Anjali Rao,411020,78900,paid
order_n72qjq0ist8lg2,26/02/2026,cust_89s8ipg,Arjun Pillai,560003,221500,paid
order_vp9dzx46j731rj,31/01/2026,cust_gu53ajh,Meera Sharma,500031,67900,paid
order_8mgb0gc7k5h31f,13/02/2026,cust_du4fzfz,Aarav Nair,380015,686200,paid
order_uq45klxg9hdtxe,24/03/2026,cust_ff309kr,Tanvi Mehta,500088,269000,paid
order_vl2u4n2cvvrq53,25/03/2026,cust_anew5s9,Manish Pillai,110075,90600,paid
order_vpwe9x2si7hzcs,06/02/2026,cust_shfsdyp,Joseph Desai,500069,477900,paid
order_beotqvnbexgtda,06/02/2026,cust_biv9axg,Priya Sharma,400060,98600,paid
order_lczmmrm1ih6hyf,11/01/2026,cust_6cfu05b,Imran Rao,600023,339400,paid
order_94mrp2x1ssx8if,16/01/2026,cust_etj5ixa,Meera Iyer,600109,72700,paid
order_ggz9nytspf1a4b,08/01/2026,cust_2363orc,Pooja Fernandes,560017,216400,paid
order_gvzj72ftxskx3h,14/02/2026,cust_zc9vj35,Ananya Chatterjee,560086,142600,paid
order_fa6brygzszzlek,22/03/2026,cust_6wdlwsf,Lakshmi Khan,400041,74300,paid
order_ue523pbxkm39ja,16/03/2026,cust_dp1hekl,Tanvi Pillai,500070,60800,paid
order_g1way9w84xwto5,06/01/2026,cust_t9xwz9s,Sneha Bose,400058,309000,paid
order_33zmc9c17av37a,15/02/2026,cust_kbfd8na,Sneha Joshi,700150,61900,paid
order_e3jcqp4ihg66nf,24/03/2026,cust_wlsvm17,Vikram Patel,400087,91600,paid
order_1hpcymmifxvga5,23/03/2026,cust_q5ujka5,Karthik Nair,400088,327600,paid
order_xinvf3q8i7l8yj,25/02/2026,cust_sg5c1s6,Meera Pillai,560085,51100,paid
order_hlqu695w6sy6mb,13/03/2026,cust_q2m4kkq,Ananya Rao,560009,832800,paid
order_yr7jognhn87604,15/01/2026,cust_0nf6g6d,Sneha Nair,700014,217900,paid
order_puzec7cajqhyyl,03/02/2026,cust_vsuaeco,Sneha Pillai,560005,131700,paid
order_w43lajeykvnyw8,25/03/2026,cust_h9lhqmw,Joseph Sharma,600066,89000,paid
order_6ereh6kdskh2v8,27/03/2026,cust_pc18zct,Aarav Iyer,110081,52100,paid
order_gob45ominx50ei,31/01/2026,cust_8smwruj,Joseph Kulkarni,110032,61500,paid
order_m5qu9prsr8026b,27/03/2026,cust_9z3wu06,Sneha Reddy,411016,79400,paid
order_04xlcv1ws3sfxc,20/01/2026,cust_wa5tks3,Kavya Patel,400088,121500,paid
order_kwh8pjbk2r71kj,05/02/2026,cust_ludpzoh,Nandini Bose,400021,94800,paid
order_ennn21679lhzh4,09/02/2026,cust_49y4x9f,Karthik Reddy,500014,518700,paid
order_p360byf918lfb8,10/01/2026,cust_a9qiwhm,Siddharth Reddy,110041,816000,paid
order_rk82h5r1azb2xr,20/01/2026,cust_iwb6cwc,Divya Patel,600089,412100,paid
order_cbe8wv3norx4c6,18/02/2026,cust_h8fvxwg,Joseph Chatterjee,500070,103700,paid
order_b9ftsu6zfev37l,29/01/2026,cust_z1zgves,Kavya Reddy,110079,139400,paid
order_6hx9e8av5hox5l,18/01/2026,cust_2ax6m63,Lakshmi Menon,400039,34400,paid
order_m4pyvdohypyg0d,09/01/2026,cust_b09nd7w,Joseph Iyer,600001,53300,paid
order_rzssqdf9n1r9wi,29/03/2026,cust_8nkx3go,Siddharth Fernandes,400074,60100,paid
order_ibecq8paok0pq4,01/03/2026,cust_mvt1gtt,Vikram Chatterjee,600049,133800,paid
order_glmuveozribrxg,21/01/2026,cust_rv7rodm,Divya Nair,411057,663300,paid
order_jh7dqa8c678ui2,07/03/2026,cust_79fbvey,Rohan Fernandes,110084,160500,paid
order_yzamawagdaz9bd,20/01/2026,cust_oyf2q8j,Sandeep Fernandes,500043,31800,paid
order_vmxlvs062o2fec,04/01/2026,cust_uoo37ho,Rahul Khan,400040,198000,paid
order_37cj66rjgc680l,21/01/2026,cust_y7zyrjw,Kavya Khan,110018,54600,paid
order_94jsc8m0g8za9w,12/02/2026,cust_hqnf1py,Joseph Patel,400008,74100,paid
order_upikielr2yaccs,23/01/2026,cust_b33vqsf,Sandeep Reddy,560001,71800,paid
order_x57d2mqd4e3is4,09/02/2026,cust_kckxgz2,Nandini Nair,400039,32600,paid
order_te7s0ksoi2z6rn,07/03/2026,cust_8xlbf01,Tanvi Desai,500028,314300,paid
order_110wrrxv1t698a,30/03/2026,cust_7gy3evr,Aarav Gupta,700102,35500,paid
order_265tshqz8rabiv,30/01/2026,cust_yab0b8k,Joseph Patel,110079,60800,paid
order_m6bp5ewut7wp31,28/01/2026,cust_vfjgk1m,Tanvi Menon,411032,70300,paid
order_fr36agijzyxyie,02/01/2026,cust_7oxqgqp,Fatima Mehta,110088,42400,paid
order_utigzv4aie8b3j,20/03/2026,cust_v6crxgv,Nandini Gupta,600020,139800,paid
order_33m3kf9698cp08,11/02/2026,cust_15forjj,Joseph Rao,400078,48300,paid
order_pgawuf2apmqrme,19/03/2026,cust_xjtmnvo,Sneha Khan,411022,127700,paid
order_qzmphd2f0ttpn4,12/01/2026,cust_62vzkn1,Aarav Sharma,600048,134500,paid
order_82bzu9zex2hyga,05/01/2026,cust_2lbihbt,Rahul Nair,110057,311200,paid
order_ccns8s8p83tnqi,15/03/2026,cust_cb0tvxr,Ritu Gupta,700144,143800,paid
order_dk7qpldg71rxlf,18/03/2026,cust_gatp68f,Priya Menon,400054,217700,paid
order_dryq6sfhozs6av,12/03/2026,cust_e7gxu95,Imran Reddy,400025,89900,paid
order_mlr1gokgdkje0n,01/02/2026,cust_duvb44i,Aarav Patel,560033,126800,paid
order_zl1k70ekwhe7lj,11/02/2026,cust_uyrwh4i,Meera Pillai,500026,67400,paid
order_zcmrbe98vtofji,05/02/2026,cust_gppadmc,Sneha Sharma,600114,141000,paid
order_5xekrf1b8ev8q2,12/03/2026,cust_g6id9ho,Ritu Menon,400018,110300,paid
order_73r9b8bddqfq8b,06/03/2026,cust_ehsgg1o,Manish Bose,411021,58500,paid
order_pc22wh7ncw3f37,19/03/2026,cust_p88p6wz,Siddharth Mehta,560073,139200,paid
order_lqzf3wxddw705f,30/01/2026,cust_gar2z7e,Karthik Sharma,560088,58100,paid
order_m72v46j96nqkhw,11/03/2026,cust_8m2mkle,Arjun Fernandes,560097,77500,paid
order_egzn5r99i564f6,21/03/2026,cust_31my5lp,Kavya Joshi,400012,144700,paid
order_8jqki7vfxynt6s,17/03/2026,cust_1pj5haa,Pooja Kulkarni,400070,96400,paid
order_1lbg5pjgsg21tl,13/02/2026,cust_7thr79a,Kavya Reddy,682030,57200,paid
order_zcgzdi601xkew5,05/02/2026,cust_y1fo5pg,Arjun Fernandes,560041,129500,paid
order_l3097ib5ht6pdj,16/01/2026,cust_mxuvp5v,Kavya Mehta,411027,620000,paid
order_fwc62340iwgmwv,28/02/2026,cust_hsf0u19,Anjali Khan,400009,82100,paid
order_3sakk507xqbvmk,21/02/2026,cust_hh2aeoa,Fatima Iyer,110083,294600,paid
order_n4jpnqaiuf17ub,05/03/2026,cust_oj3hggt,Siddharth Kulkarni,400080,122200,paid
order_t0hbt72mkxyb6s,31/03/2026,cust_jc4spns,Imran Bose,560003,59300,paid
order_onehj8itfvcjze,28/02/2026,cust_nl6wxiy,Arjun Menon,411047,675700,paid
order_0plikw98sg40up,22/03/2026,cust_wk6k769,Aarav Fernandes,400016,58100,paid
order_eym8sxhx7db9w3,22/02/2026,cust_4k1cj4p,Rahul Menon,500021,131300,paid
order_nojsrpdzsqs3ca,30/03/2026,cust_si49sz8,Tanvi Khan,411042,62800,paid
order_pau3kvf0fr52ag,14/02/2026,cust_wy8lg4d,Rahul Mehta,302038,58600,paid
order_crn4fohrw2vb4m,13/01/2026,cust_7gb6qm0,Nandini Bose,560006,92600,paid
order_tjm1m0ebaqfrzp,11/01/2026,cust_1d3yg6c,Manish Menon,560081,146100,paid
order_2p0blw88pi5du0,16/01/2026,cust_gj2ikxa,Ananya Kulkarni,500054,124900,paid
order_v2qcu2q68m4843,20/02/2026,cust_6042bu9,Lakshmi Nair,560066,203000,paid
order_2t7b4qylbpgtmn,09/01/2026,cust_dlskbtt,Ananya Menon,500006,40600,paid
order_0c0y8owkwva25d,10/01/2026,cust_0qrym33,Rahul Sharma,400064,136200,paid
order_ffsmpyodqbh8i1,17/03/2026,cust_rppjw0t,Joseph Sharma,560069,94700,paid
order_3kq0zlspnt2zi5,24/01/2026,cust_27yklyw,Imran Pillai,411014,53400,paid
order_k36qq3zpc6l7ys,26/01/2026,cust_ydja0z6,Priya Patel,560097,125900,paid
order_ogxby0dmeqpmyw,19/02/2026,cust_tnve3gm,Ananya Reddy,110010,79500,paid
order_m91jv1q7aljb58,18/01/2026,cust_9qf2ix0,Fatima Sharma,110024,132500,paid
order_fhzdkyxgazf77p,08/01/2026,cust_htj9fxk,Sandeep Bose,411035,59500,paid
order_2rfqljtfe8ezbp,22/02/2026,cust_s1wbtoj,Meera Reddy,560069,79100,paid
order_naawcp8wb0x8mc,10/02/2026,cust_kwgwcem,Siddharth Kulkarni,110075,111400,paid
order_nyew370ii9w0pn,16/02/2026,cust_bvqkz5a,Vikram Mehta,411009,67700,paid
order_klqlpz1uy0hh5n,06/03/2026,cust_kf5ohh4,Karthik Mehta,600109,897700,paid
order_4h9nh0vqj5q3tq,18/03/2026,cust_oxnugvd,Vikram Joshi,302014,142600,paid
order_yjs30tdwa76lb7,19/01/2026,cust_hxf0ays,Siddharth Rao,400017,877500,paid
order_wub895py5uj5h6,31/01/2026,cust_upkdtk4,Sneha Mehta,411019,580300,paid
order_ye2ileapxyc54q,21/02/2026,cust_affduuu,Aarav Kulkarni,110040,885700,paid
order_balubi2xsakykm,03/03/2026,cust_cz8cn2k,Ritu Menon,600065,51000,paid
order_r206flhyjeffp6,01/02/2026,cust_424b2sa,Rohan Mehta,400027,67300,paid
order_yva5avu04pxzzu,18/03/2026,cust_tjcx37f,Ananya Reddy,110034,39600,paid
order_649qne01qsrzu0,14/03/2026,cust_boneqqq,Manish Reddy,560025,34000,paid
order_4x8yj96t0renpa,05/03/2026,cust_q0xxid3,Aarav Sharma,682025,190100,paid
order_i3wiaadg2lxs2c,15/02/2026,cust_c0tv2yl,Karthik Patel,400010,174800,paid
order_i34hhcqysue43k,13/02/2026,cust_h871cc8,Anjali Bose,560046,114900,paid
order_qdniw40rav62pi,15/01/2026,cust_e41crh8,Rahul Nair,682013,73600,paid
order_fjxnlsosw19exf,31/03/2026,cust_ybnkjv8,Arjun Desai,560103,66400,paid
order_em0ooruutwam16,01/01/2026,cust_q7ymudy,Tanvi Kulkarni,682034,187600,paid
order_j7m0vsffowcy88,02/03/2026,cust_8johiiy,Rahul Kulkarni,110027,111300,paid
order_sx8tqw8mmm2hwt,02/01/2026,cust_ninnlbs,Nandini Reddy,302027,30400,paid
order_5m8vsgqp7pnfgo,29/03/2026,cust_dui8lnw,Divya Fernandes,400069,312700,paid
order_n1w5piwe8x2p3e,14/02/2026,cust_qwtt3h9,Rahul Khan,560010,30700,paid
order_159u5zy22i714t,19/02/2026,cust_m0hia1c,Sneha Joshi,380012,173000,paid
order_2h3xids57oda02,05/03/2026,cust_18z851k,Tanvi Joshi,110078,128600,paid
order_u82f51lgrjusuf,31/01/2026,cust_5m223f7,Joseph Mehta,400067,85200,paid
order_jicr0c7vl466qt,04/02/2026,cust_9z40w54,Kavya Gupta,700059,86800,paid
order_2sja6chti8xc24,29/01/2026,cust_mij9brf,Ritu Iyer,500039,118200,paid
order_nk03llynxpx60w,28/02/2026,cust_43ence1,Arjun Khan,560103,108100,paid
order_vw5lmq3rpwev8z,28/01/2026,cust_i7jjw3p,Kavya Joshi,560032,126100,paid
order_a5c0ieco2uo559,30/01/2026,cust_g6lc2ec,Kavya Sharma,700100,222100,paid
order_4fp0axj5q6fruk,05/03/2026,cust_62vbv7l,Manish Nair,302005,346300,paid
order_georllcys0tva1,28/01/2026,cust_fjxlwj4,Pooja Chatterjee,700099,59300,paid
order_mrf5069cuunwv5,02/01/2026,cust_cz8z7h6,Rohan Menon,411005,111000,paid
order_pgp2yolc0u7z77,22/02/2026,cust_9cb3io5,Meera Sharma,400092,222700,paid
order_7a752n3rwu6m91,04/03/2026,cust_c81kxva,Siddharth Kulkarni,400013,50200,paid
order_ucgfaee4ng90ez,13/01/2026,cust_y9nxkdh,Divya Reddy,600020,82700,paid
order_c91n39lovdzey5,16/01/2026,cust_e13bdj8,Rohan Kulkarni,411025,139800,paid
order_z4k3h7oq1niky0,18/02/2026,cust_0kydd0a,Imran Kulkarni,110042,293700,paid
order_xplglq4l46qtfn,28/03/2026,cust_rajilql,Aarav Gupta,411041,77400,paid
order_ctremnx5pai0w7,22/03/2026,cust_w433sg9,Siddharth Joshi,700080,31300,paid
order_1dag8eo98li11n,31/01/2026,cust_d1h5k67,Lakshmi Gupta,110018,59800,paid
order_ck5w08tp9qe217,03/03/2026,cust_0n2xql1,Ananya Reddy,400048,157900,paid
order_cj6fp7jd74ob32,12/03/2026,cust_6i2qov3,Harish Gupta,380007,49800,paid
order_8km01jw7vwyh1r,25/02/2026,cust_eoepqts,Lakshmi Desai,600053,224400,paid
order_k91d9p2yo3epug,12/01/2026,cust_mz86mry,Tanvi Iyer,600024,59300,paid
order_fcak5w7z6b7vwi,16/01/2026,cust_2g7hcbk,Fatima Sharma,400091,88000,paid
order_jh1wh742crtw40,22/03/2026,cust_0nauj9u,Harish Joshi,302026,276600,paid
order_dlaudiurdd2qs8,13/02/2026,cust_kw8fsk8,Divya Pillai,400008,118900,paid
order_b0bslbdpww9kf9,20/01/2026,cust_4qdjyl7,Karthik Desai,411037,78700,paid
order_6n6jsbxnawg1lq,21/01/2026,cust_4zsedzz,Sandeep Sharma,560096,125400,paid
order_8qu2ubj4a1q161,26/01/2026,cust_uvju6m3,Arjun Pillai,110017,51300,paid
order_fml3efswsha8i9,20/01/2026,cust_c6xp8mt,Kavya Menon,400058,74000,paid
order_0wmfauug5nebua,26/02/2026,cust_nj01oom,Meera Joshi,380021,65200,paid
order_s23r1sijbseswu,27/02/2026,cust_bqs9mcw,Kavya Gupta,500035,71500,paid
order_aqofyk2wevbsi9,06/03/2026,cust_pxruh78,Karthik Fernandes,560087,39900,paid
order_djhrxhp7y2k5sb,23/03/2026,cust_qut0228,Nandini Patel,110023,103800,paid
order_qulsciblgtivje,26/02/2026,cust_dix6qzi,Tanvi Joshi,400017,31400,paid
order_2q0vyxiukx2du7,20/03/2026,cust_nopla00,Tanvi Bose,600027,46100,paid
order_j6c0xfbfm0noj3,07/03/2026,cust_69myjoi,Rahul Fernandes,302019,41700,paid
order_iicqxyk67dic6f,10/01/2026,cust_ekwyx55,Nandini Khan,400083,99100,paid
order_cawb5wtghyun24,14/01/2026,cust_7sck6mo,Joseph Reddy,500094,666100,paid
order_12yst8a61je92o,06/03/2026,cust_a7brdsm,Harish Patel,600061,199000,paid
order_wm8hrctq0v96dm,27/02/2026,cust_fgu7r35,Harish Joshi,110048,149100,paid
order_6amx05q44fv0r0,10/03/2026,cust_m9m3jeu,Ritu Desai,411040,45600,paid
order_ycpzkgzvazpq4n,27/02/2026,cust_hq6semr,Ritu Chatterjee,560091,124300,paid
order_c1kkta0rd4gsjt,16/03/2026,cust_0m0ctab,Fatima Bose,560038,572700,paid
order_8en7o6wqyh4anr,14/01/2026,cust_6l2nx5y,Karthik Pillai,500083,53100,paid
order_z4z5azm60hse3w,13/03/2026,cust_5lm1mvw,Kavya Patel,400067,67700,paid
order_xjj99uwgbrbcmb,24/02/2026,cust_ojv8bd3,Ritu Chatterjee,500028,65200,paid
order_64y6gy7m2fjejv,28/02/2026,cust_ucyypxt,Priya Khan,500074,107100,paid
order_zw1fo5w8pkuc3r,26/02/2026,cust_tffj8c4,Sandeep Sharma,700034,76300,paid
order_1lo6ecmw0s8x4g,08/02/2026,cust_f9w7ibb,Rohan Reddy,110044,159200,paid
order_ak6wey4sbx7ibg,06/03/2026,cust_1047kl9,Rahul Joshi,560064,102700,paid
order_n7io8a0d6xw7jt,30/03/2026,cust_1cao56p,Siddharth Mehta,560021,186900,paid
order_jvi8v2wowy0twf,30/01/2026,cust_hc5i030,Kavya Desai,411023,70000,paid
order_0v2kzv6qbxifx1,22/03/2026,cust_3eh1qyx,Sneha Reddy,110058,45500,paid
order_by4l10s5a1vn0h,03/02/2026,cust_ia4riu1,Sandeep Bose,380054,81500,paid
order_3d896qpxopjpnd,05/02/2026,cust_dmad50u,Ananya Nair,700130,102500,paid
order_d113j0ox2dtm4v,07/03/2026,cust_upx0jsw,Ritu Kulkarni,110096,224100,paid
order_ga67w4bk641jdl,08/03/2026,cust_z5hwc4h,Tanvi Bose,400099,43600,paid
order_4m6d44wqo1bppq,01/03/2026,cust_v0rttvp,Vikram Mehta,110062,111900,paid
order_f928urdsit8389,09/01/2026,cust_8bhuiui,Imran Joshi,560033,45000,paid
order_fpgrsroevud1fo,30/01/2026,cust_eae45kc,Anjali Bose,400008,50000,paid
order_fvqbwc5ejzwhrb,27/01/2026,cust_b4xke98,Pooja Joshi,400003,35500,paid
order_kzr32z2roosqos,26/03/2026,cust_l3egncg,Fatima Nair,700109,71100,paid
order_oqsnts0xcj2y0c,30/01/2026,cust_fdlijhq,Imran Sharma,560032,34100,paid
order_8j68vbuwxly03r,14/03/2026,cust_dsmblpl,Rahul Joshi,500025,36300,paid
order_yva7ssxphgknb4,18/03/2026,cust_1k1ut11,Priya Menon,500024,276700,paid
order_p8rte21pk8wjef,30/03/2026,cust_7nkj95f,Siddharth Khan,110078,35900,paid
order_nkom29bbv84bta,29/03/2026,cust_9odu9p8,Rahul Gupta,400005,757900,paid
order_sz8voa3o8ryqfx,18/03/2026,cust_dm8ew2k,Ritu Sharma,700122,39300,paid
order_9szxeni7qmw0fu,28/03/2026,cust_e58sxkx,Sneha Gupta,560009,88100,paid
order_80998pd98t69or,23/01/2026,cust_ucxebhd,Priya Joshi,560017,711600,paid
order_8qx0ywrkvr3709,27/01/2026,cust_8qv1ub5,Imran Gupta,500065,49000,paid
order_qjlnzq2qlhv4qi,27/01/2026,cust_dq2exw0,Priya Sharma,560050,245300,paid
order_6vnb3acrtgiavq,04/01/2026,cust_0bez7b1,Manish Fernandes,500030,72400,paid
order_zzkaew9j3zyz69,27/01/2026,cust_jjtopym,Ananya Khan,560024,258800,paid
order_n25br4ociwup1y,05/03/2026,cust_svo3b9s,Meera Fernandes,110012,88200,paid
order_1nid09u25n33xk,23/02/2026,cust_yckjpir,Ananya Fernandes,700132,127800,paid
order_vk1y6cecf2clfj,29/01/2026,cust_o1anlv9,Arjun Iyer,560045,32400,paid
order_c69son9kbbbj5w,28/02/2026,cust_qolgyer,Siddharth Khan,400077,117200,paid
order_ce211fyrn7qm79,24/03/2026,cust_i2y7dil,Sandeep Kulkarni,411016,141200,paid
order_fxmqhhv61mju4y,15/01/2026,cust_dn7fsru,Arjun Joshi,700155,556300,paid
order_3oi8zprd79pozx,02/03/2026,cust_16daftx,Harish Reddy,411041,62800,paid
order_7j20gu7wz6aw7x,24/02/2026,cust_cyum1l3,Kavya Patel,110056,83100,paid
order_1wpfo8dvyptsiu,02/03/2026,cust_27z52wi,Tanvi Iyer,600021,220000,paid
order_qiavcy7f8o1298,04/03/2026,cust_tiu6vd5,Nandini Nair,110007,105300,paid
order_4375nkayhrlsgg,02/01/2026,cust_e661jf8,Fatima Khan,700124,889000,paid
order_bfciaf1xokenw9,26/01/2026,cust_o97vc12,Aarav Chatterjee,411051,326300,paid
order_5off0dhurxgqqx,04/01/2026,cust_evjh3y0,Fatima Chatterjee,560100,55800,paid
order_0n7jxnalli4vpg,15/03/2026,cust_n68gajs,Pooja Menon,400100,134700,paid
order_bi07ydn5h6jsaa,30/01/2026,cust_rptckhc,Manish Nair,400047,766400,paid
order_sy9zox3161c4gf,23/03/2026,cust_dq9vptw,Tanvi Nair,400001,192900,paid
order_226l1e9d8h3lvb,23/03/2026,cust_ugdhffe,Nandini Bose,560003,111200,paid
order_qpqrpotuhbzih4,25/03/2026,cust_qu933gc,Sneha Patel,400020,771700,paid
order_gzfur9akf4kif9,15/02/2026,cust_l8muvju,Sneha Patel,560090,81800,paid
order_puq2udvbz55yjy,17/02/2026,cust_dxjx8dd,Fatima Fernandes,411024,79300,paid
order_icaqojcumtigqn,06/03/2026,cust_ju49xn3,Joseph Patel,400030,74900,paid
order_jf2zrdkg2opb71,06/03/2026,cust_vocgk1w,Rohan Rao,400031,71700,paid
order_2luxa1iqkr1oa9,05/03/2026,cust_dr2yu5j,Divya Iyer,411047,131100,paid
order_hzcwb3mwadfgz9,11/02/2026,cust_nn2wmwr,Karthik Kulkarni,560076,36500,paid
order_6dg2qduwr9hjgg,31/03/2026,cust_qd0y6mb,Anjali Sharma,682018,50900,paid
order_3g12f3awybagq0,15/02/2026,cust_ok6kcrc,Pooja Chatterjee,400081,52600,paid
order_vw8it77r1j3sn7,29/03/2026,cust_v8u4spf,Karthik Gupta,400081,107600,paid
order_ypdc11dqj7jgkf,18/03/2026,cust_a6qcyw9,Manish Nair,110073,30100,paid
order_94zowwfnk0ruf6,08/02/2026,cust_lopzez2,Rahul Khan,600050,105600,paid
order_1m4cu8bhtylnal,25/02/2026,cust_czyu0l1,Manish Reddy,560043,114200,paid
order_rv96khb2s4gp6i,16/01/2026,cust_jvq4nic,Rohan Pillai,600028,106200,paid
order_mzaexz72kytbl5,09/01/2026,cust_0sh1r0w,Sneha Pillai,411055,623500,paid
order_64to1xdd7lwklh,30/01/2026,cust_lc1yp38,Lakshmi Mehta,110086,108900,paid
order_eln61zzi2z5bsv,04/03/2026,cust_eofof5k,Nandini Bose,560038,875500,paid
order_9wv3j3xrq7u4ct,09/01/2026,cust_fgkszke,Manish Menon,560066,148400,paid
order_0pte7r9g75vtrd,03/01/2026,cust_axpra6n,Manish Desai,302005,238800,paid
order_hz3uy5qzz5hwtg,02/02/2026,cust_gzwfv4o,Aarav Bose,411016,264500,paid
order_w68b9txpqsnoxp,22/02/2026,cust_o1y4a20,Ritu Sharma,110076,58000,paid
order_axqt392b5qnvzb,05/01/2026,cust_cr0hb2f,Manish Joshi,400064,59000,paid
order_aujnhsovsmodkp,03/01/2026,cust_lp24v0t,Meera Iyer,560066,110900,paid
order_zrqermk59g5cac,07/03/2026,cust_ae1u6jw,Vikram Bose,560071,52900,paid
order_c3gb3xb98glv4f,03/03/2026,cust_b162id1,Karthik Reddy,400103,135700,paid
order_qkuxcoeffleys0,08/01/2026,cust_x9bka4h,Imran Patel,560065,88100,paid
order_gz6dptva3vxf0t,02/03/2026,cust_v1unipa,Nandini Chatterjee,500049,44500,paid
order_bin78j5ampmzzc,04/03/2026,cust_g7kxgxm,Ananya Kulkarni,411022,93400,paid
order_37f80u5uev9n9h,27/03/2026,cust_8zfaf25,Sandeep Joshi,400089,693100,paid
order_xhk4de331qds2r,20/03/2026,cust_wmfnx0k,Joseph Gupta,411039,135900,paid
order_pyo2ygdwzfi6nx,02/03/2026,cust_ogzeplj,Joseph Patel,682036,85900,paid
order_i1hb3wpq6s3l03,03/01/2026,cust_tvv6eit,Aarav Joshi,600081,68700,paid
order_z14429enu0eaa8,09/02/2026,cust_kcdd1c5,Ritu Pillai,560071,46400,paid
order_mqmjsg2ilylzk4,21/02/2026,cust_q041zos,Karthik Reddy,500012,30400,paid
order_upi0d0qan7gl22,19/03/2026,cust_dya09xe,Anjali Pillai,500087,144700,paid
order_i59w6o2vfyjrb7,19/02/2026,cust_4vdxldq,Ritu Khan,110066,301000,paid
order_r9cce7mn217svu,19/02/2026,cust_pnb3ywq,Ananya Patel,411022,103900,paid
order_mei5c8qbe6y144,21/02/2026,cust_3rrzrfs,Sandeep Desai,560070,380300,paid
order_ox8srt3u4o2dki,05/03/2026,cust_mza998d,Lakshmi Chatterjee,600057,281400,paid
order_zq45gnfl9jca92,21/03/2026,cust_mysto2w,Anjali Desai,560097,77300,paid
order_cm741ka88ty7of,11/02/2026,cust_tpvwq0d,Divya Joshi,500038,73800,paid
order_frrsahts3frhy1,29/03/2026,cust_ts0xmg4,Joseph Khan,411014,39300,paid
order_sxpf40azce5zfx,10/02/2026,cust_8grdi8d,Ritu Iyer,411013,74600,paid
order_qc6ppjetlezmt0,21/01/2026,cust_ehtgn24,Manish Reddy,560028,327300,paid
order_g8wsg6mwo7u0cn,20/03/2026,cust_1mebp9q,Fatima Joshi,411047,64800,paid
order_poziv9wooge61f,30/03/2026,cust_esc9qsl,Nandini Bose,110049,90900,paid
order_8x3ptdsvv7f95j,26/01/2026,cust_nlboyzi,Siddharth Kulkarni,500058,295600,paid
order_cpgd33cbw8gg1d,04/01/2026,cust_1ioaf3u,Anjali Chatterjee,110042,117800,paid
order_ydzrfokefpovkn,20/02/2026,cust_ske40ly,Meera Chatterjee,302025,62000,paid
order_qx8hk0gmpdozyn,10/03/2026,cust_jzx5b2r,Siddharth Gupta,700021,100800,paid
order_bu9s4m88m09yjw,29/03/2026,cust_awoyp7n,Fatima Menon,500024,142900,paid
order_ctzf21zmospp4f,19/02/2026,cust_4v6pyj6,Lakshmi Kulkarni,380047,321100,paid
order_zhvzvpkkwp62rp,28/02/2026,cust_1kc3of9,Kavya Iyer,700062,162300,paid
order_r1hrbxop9yn7de,25/03/2026,cust_qdw2y1c,Sandeep Chatterjee,400026,140400,paid
order_00muzpu7doafmv,15/01/2026,cust_ns70a45,Rohan Nair,560086,86900,paid
order_dqa99edsdll5g4,05/02/2026,cust_hs0sc7n,Joseph Desai,560046,49500,paid
order_x2z8xu3flirkzt,24/03/2026,cust_ib39n7m,Joseph Chatterjee,400005,132800,paid
order_j59dssarxi5vm3,31/01/2026,cust_etgyk1v,Rohan Chatterjee,560087,82900,paid
order_a7rirqqr32lppw,21/02/2026,cust_vd9zavu,Aarav Desai,380024,71000,paid
order_rgqgrpp94shsw3,16/03/2026,cust_eu8mr4c,Vikram Joshi,700021,41700,paid
order_7cnio6ak0ud685,17/01/2026,cust_vik65e8,Rohan Nair,560004,141000,paid
order_94i8xuof3zwppp,13/02/2026,cust_b4w5fco,Anjali Bose,560057,66800,paid
order_pha4g7e4p07qv8,26/02/2026,cust_dyyizwb,Divya Pillai,400004,230400,paid
order_c202foptt2kd8k,29/01/2026,cust_z7ncp4i,Kavya Joshi,400064,93800,paid
order_7dorsyn25jcy33,05/02/2026,cust_q3h0c1j,Rahul Fernandes,600062,49600,paid
order_jtzf38n4almeum,10/01/2026,cust_7y7rkza,Ananya Kulkarni,500073,542500,paid
order_i1xrsawusi7uke,26/03/2026,cust_esrbumu,Rahul Rao,500070,187800,paid
order_qjyzwid1lrnd0h,23/01/2026,cust_y6fro8v,Sneha Gupta,700121,46200,paid
order_cs0126ed8a00b1,02/01/2026,cust_0k5fcgb,Divya Pillai,600056,45100,paid
order_jeaep4ehry9kh7,24/03/2026,cust_qkecjyi,Kavya Menon,400051,64600,paid
order_y7nea6zzy9hcnc,21/01/2026,cust_14r08wd,Meera Kulkarni,600105,64200,paid
order_wy72kqwtiile94,09/01/2026,cust_9xlf7dj,Imran Desai,110082,81900,paid
order_msa9xxk7846lhi,29/03/2026,cust_m0anvu3,Priya Bose,110021,123800,paid
order_snyujzdm8a54qq,29/03/2026,cust_2vu5lf3,Kavya Sharma,411044,137200,paid
order_2tzwydxl4ujxtt,06/01/2026,cust_73f1frv,Pooja Gupta,500016,127400,paid
order_gxr6gxscrxv35l,13/01/2026,cust_0h873uz,Fatima Iyer,400084,276600,paid
order_7k70hjqtbk32g3,23/02/2026,cust_r29fk53,Pooja Gupta,600119,37400,paid
order_iftte4jdx6073f,24/03/2026,cust_ro5v0z9,Vikram Khan,700156,35300,paid
order_gllk1b5s3krzki,20/03/2026,cust_a8voigj,Arjun Menon,700138,168200,paid
order_gi0v6p2r1c4q6m,23/02/2026,cust_eesu54s,Rohan Pillai,600050,248900,paid
order_p8eqolg442da4h,08/03/2026,cust_q5ourfw,Imran Desai,110050,96100,paid
order_ea0ky4wbpzlekv,10/01/2026,cust_8tmoev5,Manish Iyer,600080,149100,paid
order_i8pls4tiuz1if3,30/03/2026,cust_06ojeyb,Karthik Bose,560030,473300,paid
order_8vcyrg3mtypbb0,03/02/2026,cust_tusdau4,Divya Kulkarni,560095,32400,paid
order_ygib1k4xqdw48y,13/02/2026,cust_cd15k6j,Nandini Reddy,560010,75300,paid
order_3qd52y64od8mgk,11/02/2026,cust_lohaden,Lakshmi Bose,700035,127100,paid
order_2eqd66mtkpjjsl,21/02/2026,cust_kgk2u5b,Rahul Desai,400061,138600,paid
order_t2t29b35ndjldv,15/03/2026,cust_cdjzxpj,Rahul Fernandes,560083,221300,paid
order_72e8ctexnj1lz7,12/03/2026,cust_pi6q8vt,Arjun Menon,380001,41000,paid
order_rfbb1wmhy11p25,10/02/2026,cust_wtge0m1,Joseph Iyer,380037,95300,paid
order_33f1fx0mom04zd,28/02/2026,cust_wx9kilj,Joseph Pillai,400022,230000,paid
order_bglfxdikaok846,28/01/2026,cust_aobadk0,Aarav Fernandes,400092,53300,paid
order_w24tzfttppshy9,10/03/2026,cust_mhwi8f0,Fatima Mehta,500044,365300,paid
order_nw55jrlz8rr6rt,14/01/2026,cust_iazpjf9,Sneha Sharma,400073,217300,paid
order_tnhaltkgmp0vfp,24/01/2026,cust_i2ofjd4,Manish Menon,682022,67700,paid
order_k4qjghdt0235vw,12/03/2026,cust_emaf36r,Imran Kulkarni,110019,307400,paid
order_q6p73xyh37eru3,18/02/2026,cust_f8alpq0,Aarav Fernandes,400091,77200,paid
order_m4ta8visibgfya,20/01/2026,cust_d71ifrm,Rohan Rao,411021,46400,paid
order_ie9h9vg2y8q81k,31/01/2026,cust_dytt6aj,Rohan Bose,411030,38100,paid
order_6n34uk93viaf6a,05/03/2026,cust_b7tgypj,Siddharth Chatterjee,400059,141300,paid
order_3mtqdri65vt8zq,08/03/2026,cust_qkbmn48,Sandeep Reddy,560103,77100,paid
order_6a0xo0ra47fzvw,21/01/2026,cust_ge3kiw4,Manish Rao,500072,125500,paid
order_kzy8bh8rzd7lfj,11/01/2026,cust_w61bjx4,Divya Chatterjee,400031,176600,paid
order_cxjazjunadioo5,26/01/2026,cust_ccx86w0,Siddharth Rao,560042,197100,paid
order_hkn4r99rwxszb0,11/02/2026,cust_y3xgdvi,Rahul Reddy,411001,56200,paid
order_3wt31q58gwes7o,20/01/2026,cust_976x4h5,Karthik Chatterjee,600010,110200,paid
order_mxtqt9mf3nuk0y,26/02/2026,cust_yfnt97t,Arjun Bose,411025,134100,paid
order_ocxuuf61u79vm9,09/03/2026,cust_eot8vew,Vikram Gupta,500009,317600,paid
order_yr6302y3rb1z08,17/01/2026,cust_sqf8cd1,Harish Kulkarni,560091,113100,paid
order_mywvm46nlaumk4,07/01/2026,cust_0cyn6yo,Anjali Bose,302024,83300,paid
order_2inet5isjv155u,20/03/2026,cust_rtrj4xe,Nandini Fernandes,600005,62500,paid
order_1j9pm30lo8ub53,13/03/2026,cust_wdcwhr3,Imran Desai,600082,65500,paid
order_mbfottl7wp00yd,12/02/2026,cust_j0cjukd,Harish Gupta,700058,35000,paid
order_i15pfevvu1kgl6,26/01/2026,cust_87nhgks,Aarav Rao,700008,32200,paid
order_kajf22u528l89q,08/02/2026,cust_2gjlrb8,Kavya Iyer,500028,30500,paid
order_ild53b3k4jvrma,18/01/2026,cust_wzxjy7g,Anjali Gupta,560010,329900,paid
order_o9ddazy0gor5kv,03/03/2026,cust_o84jr5z,Sandeep Sharma,560034,32900,paid
order_mnti3zew59yff9,24/01/2026,cust_5iziynk,Arjun Desai,411027,74700,paid
order_j8hp7zfn91c996,30/03/2026,cust_ijdpptd,Tanvi Joshi,600013,57000,paid
order_4pehx26irchspf,05/01/2026,cust_74jmmfd,Anjali Menon,560020,60800,paid
order_ss11d5kslgdwqy,28/01/2026,cust_4plwopd,Tanvi Fernandes,110052,41100,paid
order_sg88kesoqioq1g,07/02/2026,cust_9mmj4sz,Priya Menon,400015,124900,paid
order_y06yuh32wa0tgz,30/01/2026,cust_gb5gnmg,Kavya Fernandes,700020,118600,paid
order_t2xaz7i72zebcu,18/01/2026,cust_n3wlsur,Aarav Bose,700119,50300,paid
order_t3629etjq3ijds,15/03/2026,cust_qbd8ml6,Fatima Chatterjee,560049,35000,paid
order_uj6yzyn5z86ffe,30/01/2026,cust_23n9gzv,Imran Reddy,110008,117700,paid
order_9yq15nazk6h3k9,04/01/2026,cust_v6llofk,Tanvi Patel,400027,92200,paid
order_q353cm9u26jr9m,06/03/2026,cust_htu0ya7,Divya Desai,380003,316000,paid
order_3c06rnkqm1dash,11/03/2026,cust_0qm26s8,Divya Desai,600077,32700,paid
order_7emhfh9doy52dl,22/01/2026,cust_qzeq5eq,Priya Chatterjee,400037,57100,paid
order_ozotx91dj17jsg,23/02/2026,cust_gtme4k2,Divya Gupta,411052,61600,paid
order_l68323ue5zxmhi,01/01/2026,cust_vay9fe6,Rahul Joshi,400064,280700,paid
order_p9vqz5ebrswpg7,07/02/2026,cust_lxuzal1,Rahul Sharma,411023,69700,paid
order_l6ipywo8ih1s7k,15/02/2026,cust_jp62p9l,Vikram Fernandes,400038,61500,paid
order_t47ibsmt2arhca,25/02/2026,cust_iwkd4dc,Lakshmi Desai,560011,59200,paid
order_9k58jcy1h29s8k,23/01/2026,cust_ugqrgwg,Imran Mehta,400029,128700,paid
order_dz1j1l36bc3wgo,24/03/2026,cust_8gjaga3,Divya Kulkarni,500038,112200,paid
order_33m2xah72451c1,30/01/2026,cust_h5qu0ld,Rahul Khan,400009,79000,paid
order_t9yg0zkhiz7mrj,27/02/2026,cust_xwiqe0z,Rohan Khan,411020,72600,paid
order_a7sbqvc85dyin6,08/02/2026,cust_zcuucxl,Lakshmi Nair,560085,165600,paid
order_tvcu5y6ca707gn,26/02/2026,cust_rgl0557,Priya Menon,411015,38800,paid
order_cgltoa1w59kjeb,23/03/2026,cust_odlrddt,Sandeep Khan,560038,269000,paid
order_6i812w0o6n1d5t,15/01/2026,cust_4o8mkpb,Vikram Iyer,380016,135900,paid
order_zgp5o5y7ff4hv0,14/03/2026,cust_0rdi5fc,Sneha Kulkarni,411020,416500,paid
order_7y2icwd21kv7as,07/03/2026,cust_gld0q4b,Sneha Kulkarni,560053,866200,paid
order_y6ydblgd9815vk,11/02/2026,cust_oyioa3g,Ananya Bose,600081,92000,paid
order_g3lu7q3lptupow,26/02/2026,cust_i2xmzst,Lakshmi Bose,560062,211400,paid
order_hifobprkmpxzgy,20/03/2026,cust_11bphmq,Ritu Nair,700125,118100,paid
order_3cyjardnxvi57y,25/02/2026,cust_91gdbo0,Divya Nair,110054,33300,paid
order_p066kko0d5npb3,17/03/2026,cust_m5qldbp,Ananya Bose,400025,146900,paid
order_dla9g3qe8bwx7e,13/03/2026,cust_a5tm4er,Aarav Desai,560030,45900,paid
order_azeg9972d9zzeb,08/03/2026,cust_c52v62x,Priya Kulkarni,560031,34200,paid
order_9uzbqwbmcrd7xp,23/03/2026,cust_njkc636,Ananya Desai,600057,37700,paid
order_c6j3aqyxzkg1f0,26/03/2026,cust_qa00wly,Manish Desai,560048,71500,paid
order_0pk1nqx1ehyppz,10/02/2026,cust_85ta7ug,Sandeep Khan,500071,47500,paid
order_tkletmpqfbdyz4,13/02/2026,cust_qjypfh4,Fatima Fernandes,110005,103800,paid
order_o1i7loa62ndj2x,30/01/2026,cust_lfpg3fd,Sneha Rao,560038,76200,paid
order_43srr3rjc4a7cd,06/01/2026,cust_3rbst0b,Fatima Nair,560042,107000,paid
order_s2liv00qlwmcu8,19/01/2026,cust_2z3qbpc,Joseph Nair,600014,174700,paid
order_n3sj1nx8a5sx4y,03/02/2026,cust_rwt7o30,Siddharth Mehta,500074,125700,paid
order_60cuyqfp3xvgqb,22/03/2026,cust_6sc5npa,Karthik Joshi,411020,134800,paid
order_nzaycg1nemkpji,31/03/2026,cust_iewukbc,Anjali Gupta,560031,137800,paid
order_4dslcmmv7je9j2,06/01/2026,cust_2sonen1,Aarav Reddy,600057,221600,paid
order_i03czycfwpf3d5,20/01/2026,cust_q4u55yy,Nandini Fernandes,560096,38000,paid
order_mhoje2x2ecnhk0,27/01/2026,cust_f8y50kc,Kavya Rao,600108,136500,paid
order_jzmmeo95d1u13x,12/02/2026,cust_0ftjgt0,Arjun Reddy,560090,78500,paid
order_w36gdp7pmtiypr,25/02/2026,cust_noc5r39,Lakshmi Rao,380007,45500,paid
order_qrrsfl1jake01p,09/03/2026,cust_wcvpd5g,Kavya Fernandes,380008,97800,paid
order_4u1zh6okuton2m,18/03/2026,cust_teryc3d,Arjun Nair,700107,78000,paid
order_slf0bw2ysegys4,29/03/2026,cust_8qb1zgw,Harish Sharma,411028,31800,paid
order_gcgi72pb9zvj7k,24/01/2026,cust_owfltxb,Ritu Sharma,600063,30200,paid
order_wtzcmxw09o4xkm,12/02/2026,cust_ishkhd9,Pooja Menon,500028,282800,paid
order_hvpddm1bvahye8,17/01/2026,cust_q865qin,Anjali Bose,700028,48600,paid
order_9oifhapaffphud,25/03/2026,cust_97ziuey,Arjun Khan,682003,40900,paid
order_uects9or2ryjxv,26/01/2026,cust_23rxo3v,Fatima Menon,560095,139900,paid
order_rbmacurkgwx533,03/03/2026,cust_zae94un,Divya Sharma,380063,71400,paid
order_vwi7ronvkwy9w0,10/01/2026,cust_8tqofgp,Siddharth Gupta,110093,843900,paid
order_rykfepqbsr9xbf,02/02/2026,cust_229j4sb,Pooja Sharma,400093,109700,paid
order_8zo2updlw4joir,05/03/2026,cust_4pof326,Divya Joshi,560067,45900,paid
order_fulzn58ranrp4l,18/03/2026,cust_09rmz5z,Lakshmi Gupta,380059,124600,paid
order_75hjeuk8zhbfi8,12/01/2026,cust_g705ff8,Tanvi Reddy,600055,127800,paid
order_rxpzjnqvzict17,27/03/2026,cust_jgg53hk,Ananya Reddy,400097,70400,paid
order_25o1h3nns178vc,29/01/2026,cust_djdy12c,Divya Bose,302021,143900,paid
order_69d04t6lvwj7ts,02/03/2026,cust_3vzda6q,Nandini Mehta,400051,45900,paid
order_9os4crtp0dnrq4,22/02/2026,cust_8i57vjb,Siddharth Patel,110023,47000,paid
order_5jkyf1zpv6bw7p,26/02/2026,cust_bp6qt9i,Aarav Joshi,700036,138700,paid
order_4ck3bddtnw1dvm,24/01/2026,cust_7ycxvhg,Sneha Sharma,302002,84600,paid
order_uhbvngaluuhn1u,14/03/2026,cust_pow44vf,Sneha Kulkarni,500020,294300,paid
order_238u54tw6so3fg,18/01/2026,cust_hqe5aly,Manish Bose,560071,132800,paid
order_ebla1wt1z7q64h,16/01/2026,cust_l86bj8w,Ananya Kulkarni,400010,187400,paid
order_h15texa0rmiafj,10/01/2026,cust_jkq8wed,Kavya Bose,560103,120900,paid
order_ohzy99d3idmhq2,04/02/2026,cust_a5lzzlb,Rohan Sharma,110008,66500,paid
order_ew1w5u304u96rm,15/02/2026,cust_0tk55lh,Rahul Sharma,110079,539700,paid
order_lhlouxh71d5a79,18/02/2026,cust_gp3g5n8,Sandeep Pillai,682016,47000,paid
order_4865xz896raiv7,08/03/2026,cust_f79a2db,Karthik Nair,500051,52800,paid
order_l7emrr26eir459,07/03/2026,cust_d47wlcq,Priya Chatterjee,560074,36000,paid
order_7oigfkyhjij4km,08/02/2026,cust_k0sq68l,Imran Khan,110027,279700,paid
order_5zufkuv078mspf,09/02/2026,cust_us1tzgy,Ananya Gupta,600082,407100,paid
order_rxvh24i7simw02,17/02/2026,cust_1pvmoe9,Divya Patel,110048,53200,paid
order_7jhe812cbvqgrc,03/03/2026,cust_m9294vd,Harish Desai,600033,277300,paid
order_d4rcp8me0iwque,22/03/2026,cust_69dl3zd,Tanvi Menon,500027,43100,paid
order_m986u9rp1jx9gl,02/01/2026,cust_a0epamc,Tanvi Chatterjee,400100,52600,paid
order_8eww1j33te6c02,14/03/2026,cust_qkmw9cx,Priya Menon,400073,343900,paid
order_59h637k6l3dcmr,05/03/2026,cust_43dlj62,Lakshmi Bose,560027,58800,paid
order_zh5s9ijdhvrfzk,13/02/2026,cust_sqy3yez,Siddharth Khan,560092,51800,paid
order_5gweaaaqf3dob0,25/02/2026,cust_8avtg7v,Imran Nair,500095,432400,paid
order_wt3734mt4s9o2g,17/02/2026,cust_e4u8cej,Ananya Gupta,110006,99700,paid
order_k1tzk1k3oe5biu,20/01/2026,cust_cxr0z5k,Aarav Bose,682040,73400,paid
order_coyugi4dlfxwjn,21/03/2026,cust_3s5cjfn,Anjali Pillai,400037,314800,paid
order_n0bg58vmbef63y,24/01/2026,cust_n1dg45d,Harish Rao,560068,103700,paid
order_gu8jvv486a0ozz,29/03/2026,cust_f5jj4pn,Priya Pillai,600060,303400,paid
order_28c14haznjerjg,28/01/2026,cust_pbzv7cx,Siddharth Chatterjee,700123,48000,paid
order_pu5bxdl92pjnqi,04/02/2026,cust_8sdbd04,Fatima Kulkarni,380027,176600,paid
order_mgnzletvkq0udc,02/02/2026,cust_5d4mzjh,Fatima Bose,500040,33100,paid
order_uufi7znfdj1r0t,17/03/2026,cust_vxqt6pf,Imran Patel,560003,68500,paid
order_ogevws1wdqmhcg,19/03/2026,cust_xzcz789,Meera Menon,600037,649600,paid
order_culap3jgdnj92d,13/03/2026,cust_4s6ihs0,Vikram Chatterjee,560040,63200,paid
order_vyq1yp0qs0frq1,30/03/2026,cust_ihy0scj,Pooja Khan,110025,91700,paid
order_24osmt9bfno1xe,21/01/2026,cust_jrj4ysr,Harish Gupta,560084,52700,paid
order_v1ntef6dw6laj9,03/02/2026,cust_l906wtu,Rahul Iyer,560095,347500,paid
order_0c5ffziay0qbaw,28/01/2026,cust_oif0bg1,Vikram Patel,400001,109600,paid
order_ttjuad8lae23yd,29/03/2026,cust_zz5yt53,Nandini Desai,380010,62300,paid
order_zblowat15w899f,15/03/2026,cust_mkp8hx9,Imran Khan,302018,863200,paid
order_bnu91bsc13odn6,02/01/2026,cust_cnqtlgo,Pooja Gupta,560020,31000,paid
order_bbh82a1ytxjww1,16/02/2026,cust_yclzj1i,Ritu Fernandes,400005,256800,paid
order_cdly0sswg7adc6,31/01/2026,cust_hjb0b73,Nandini Desai,560002,118200,paid
order_0rww8gqb9abbvy,28/02/2026,cust_cp2h1od,Tanvi Mehta,411003,106600,paid
order_exft6et715los2,11/03/2026,cust_blto1uf,Rohan Gupta,110085,176200,paid
order_s70ygasdb8eq3w,31/01/2026,cust_76oech1,Anjali Patel,500066,109100,paid
order_1k0iruu4xejh9u,24/02/2026,cust_4c9xjnw,Rohan Patel,560088,258900,paid
order_nbq1rl7ws5y82b,19/03/2026,cust_9mcd7pf,Sandeep Nair,560069,52200,paid
order_gfltszr0s36lql,08/01/2026,cust_rxd7pzr,Ananya Desai,560080,74100,paid
order_ur2j7qkwx2ska0,15/02/2026,cust_8r7l2gt,Ritu Reddy,110014,145700,paid
order_4ejtk0wo0i4kqw,11/03/2026,cust_lrq6o7v,Fatima Iyer,560029,36700,paid
order_93phdyxssseuj0,17/03/2026,cust_165iteg,Ritu Mehta,560070,235400,paid
order_s57q4em1jrvcrc,29/01/2026,cust_isv6le7,Vikram Desai,700129,333600,paid
order_7nze8udeqyg4h2,10/03/2026,cust_u1c5cwz,Pooja Desai,500080,340300,paid
order_l2jq08iciwl1yl,13/03/2026,cust_pfp6jg2,Fatima Gupta,560058,71600,paid
order_eijsfrp4fsgnby,26/01/2026,cust_lce6mfn,Pooja Fernandes,400013,30400,paid
order_umbdgfel5z4jv9,25/03/2026,cust_y0vjg00,Harish Patel,700021,40800,paid
order_l0agi349q6oozz,09/03/2026,cust_6t5jjob,Arjun Bose,110003,106200,paid
order_lbax4vlah8jm2y,03/03/2026,cust_h2ag08o,Harish Pillai,411056,140500,paid
order_5r6z9n8ois9mb0,17/01/2026,cust_l6u0h1s,Sneha Patel,700004,184600,paid
order_j7b1zmrf02v7xo,29/01/2026,cust_7t7qs4a,Arjun Khan,560001,37400,paid
order_94btea2l6kuou2,09/03/2026,cust_8yfe7a1,Harish Rao,411053,33800,paid
order_kcrox9j404vtrd,05/03/2026,cust_hd9qeb0,Joseph Gupta,400086,161600,paid
order_otzfv6lf5smx4t,14/01/2026,cust_nneowf9,Rahul Gupta,560095,127900,paid
order_uyo31ra66bwk3t,15/01/2026,cust_22yrnl7,Kavya Mehta,110006,87600,paid
order_1dwa0gia9zmvqb,30/01/2026,cust_m8udvcj,Joseph Patel,560070,97900,paid
order_evfps6y9pv222p,23/03/2026,cust_yp4qpgk,Nandini Joshi,400065,110000,paid
order_7zpwpv26jr1t9i,02/03/2026,cust_mxg698g,Aarav Patel,411018,138400,paid
order_x5r0xcwwrj98l9,18/01/2026,cust_uygz77k,Kavya Mehta,500043,77400,paid
order_kysp2ofuqthyx8,17/01/2026,cust_iibinp4,Meera Gupta,500060,102200,paid
order_i1zggfrn7uhzfe,28/01/2026,cust_0z3qqy9,Manish Chatterjee,560053,126000,paid
order_diu37b2fmceqs6,21/01/2026,cust_gezubbv,Tanvi Fernandes,380001,246600,paid
order_t6zkbiov02k2p1,01/02/2026,cust_a93hu9d,Kavya Gupta,400071,70100,paid
order_ik3bajeox6e806,10/03/2026,cust_hhgalcn,Tanvi Iyer,110018,218700,paid
order_avdtw1rqfbj27k,17/03/2026,cust_kmrbv4v,Karthik Gupta,400096,92700,paid
order_kqo6kqgbxyc436,01/01/2026,cust_gkr4284,Lakshmi Fernandes,110042,281600,paid
order_sc420t3sgkh1ra,07/03/2026,cust_vx6f2ve,Tanvi Patel,500040,66800,paid
order_ve0b3tgpdmr3nd,18/01/2026,cust_d0n2ist,Sneha Bose,500092,147800,paid
order_g7zis1yhf15vka,16/03/2026,cust_7vehgrk,Siddharth Nair,380063,61500,paid
order_bh39a3yhstlti8,01/03/2026,cust_bjvssof,Karthik Sharma,400072,63700,paid
order_3s90ng74s27tdv,16/03/2026,cust_2f3lbkx,Lakshmi Khan,560063,166100,paid
order_1wf5plqawbaq8p,28/01/2026,cust_aaet1u4,Sneha Desai,560080,125700,paid
order_xx1faf72achw6d,20/03/2026,cust_gvi7jw1,Harish Chatterjee,560056,53100,paid
order_5xv0o0etzhuvvd,29/01/2026,cust_i0q87ky,Tanvi Bose,700136,34200,paid
order_f3qy6dr3x23ukl,03/01/2026,cust_dnbbcvl,Rahul Pillai,110030,270500,paid
order_xmjkimwe31vmzm,01/02/2026,cust_mt28w7c,Vikram Joshi,560033,294200,paid
order_14a1mcjftbayrr,06/02/2026,cust_ftc7di4,Pooja Patel,411013,102200,paid
order_v6c10axo49s403,25/03/2026,cust_8jcswwg,Arjun Fernandes,411011,54300,paid
order_lq9ekq5j6zbx6y,30/01/2026,cust_ygk0dht,Divya Fernandes,600087,139900,paid
order_4gs3yyifuv7jf7,23/03/2026,cust_kfb6vwt,Imran Patel,560025,202300,paid
order_txfc88iih2ajui,26/03/2026,cust_i6exi41,Divya Joshi,411029,95900,paid
order_xz4e9ttjcwug62,10/02/2026,cust_nab4r9k,Siddharth Iyer,110080,131200,paid
order_sdh3aj3dsy6us4,02/03/2026,cust_tzvbjt1,Sandeep Menon,302014,37800,paid
order_dxs8atf64f28ut,18/01/2026,cust_fmvsflv,Sneha Desai,400001,602200,paid
order_q9cvl4jyysvvs7,25/03/2026,cust_a2t848l,Sandeep Reddy,560068,59100,paid
order_48mraote3halli,01/03/2026,cust_tbgkks7,Karthik Mehta,500045,124800,paid
order_54ssk328rxc19v,09/02/2026,cust_qp9fcnn,Karthik Bose,411045,137700,paid
order_s83x83qdo7xop2,06/03/2026,cust_yfd297z,Rahul Khan,560014,121700,paid
order_uky5ma2cfgn94n,19/02/2026,cust_t6vl7f8,Tanvi Patel,560089,668700,paid
order_somdqcf2nzeo5s,15/01/2026,cust_e47o8qf,Rohan Sharma,400059,57800,paid
order_708kje1nf60g2m,25/03/2026,cust_shojwfw,Karthik Fernandes,560005,62500,paid
order_0oino8sj6vmebr,30/01/2026,cust_c36i2zz,Rohan Nair,400003,108400,paid
order_qwhvqvhz1jplq9,20/03/2026,cust_vhpv5uy,Karthik Sharma,560035,135200,paid
order_6zhm4qs3nlys8z,20/03/2026,cust_726gbjm,Priya Fernandes,600002,87000,paid
order_dwmd4k1bj6h6gd,02/03/2026,cust_zn44b59,Tanvi Sharma,700123,571900,paid
order_4s6zpz8p79d84o,23/03/2026,cust_8u4cwdc,Vikram Menon,302022,66800,paid
order_j26p6wet7myvgs,04/02/2026,cust_nwazzpn,Manish Desai,600106,47800,paid
order_oyjsoyg8473tsz,30/03/2026,cust_3hbl741,Manish Reddy,560045,223800,paid
order_lyd09b7gxqdlfv,25/02/2026,cust_xpurt4p,Arjun Chatterjee,400005,72800,paid
order_x2dsdna9203bps,25/01/2026,cust_66808nq,Meera Nair,400028,54400,paid
order_9oam1v8u8wp182,22/01/2026,cust_bhpl56t,Rahul Bose,700094,346300,paid
order_l89lhx6q2505go,07/01/2026,cust_a60am00,Nandini Rao,110085,328800,paid
order_6vnieq6kf53iso,04/02/2026,cust_60zcwkc,Tanvi Fernandes,560003,205700,paid
order_ie4m1x6yxcd0tt,03/02/2026,cust_ppjujgh,Lakshmi Iyer,110003,36700,paid
order_m4iwr36yrzx58d,15/01/2026,cust_k4785o0,Priya Reddy,302034,126300,paid
order_xu81kj1swk6t0q,29/03/2026,cust_qcnte4a,Kavya Fernandes,560006,244300,paid
order_i278u919j1vz2h,17/01/2026,cust_dyohr42,Nandini Pillai,500068,399000,paid
order_kdtufdbh3mm5l6,16/01/2026,cust_57a9lkf,Tanvi Khan,500036,79700,paid
order_zwovfsermled5w,22/02/2026,cust_7t89j0w,Manish Sharma,560013,240300,paid
order_1110v0v0xw8wle,30/01/2026,cust_0ee6a7m,Nandini Rao,411054,65500,paid
order_r8p2fp3argoeay,08/03/2026,cust_ldztvyr,Pooja Bose,400009,51000,paid
order_t0h3uef3gd2ybg,21/01/2026,cust_trhpobo,Joseph Bose,500030,68200,paid
order_f65nr14840manj,23/03/2026,cust_sgqe47p,Lakshmi Nair,411040,315700,paid
order_4q6trmsmntz0fg,10/02/2026,cust_oxvieux,Vikram Fernandes,400102,325900,paid
order_xwwca0biq8ya41,26/02/2026,cust_j6m6blk,Manish Nair,560001,885000,paid
order_n6u8hv25g0qvm7,14/01/2026,cust_hu9iffm,Joseph Mehta,560090,34700,paid
order_kmwnutruxk9p27,06/03/2026,cust_7r6ox24,Kavya Reddy,411003,112800,paid
order_6aj2gf19oe672z,16/03/2026,cust_qshpjuz,Lakshmi Khan,682006,123900,paid
order_pc0k3kmn9pjm5r,02/03/2026,cust_292cn93,Harish Gupta,400011,37600,paid
order_b5duygxichcoe8,25/03/2026,cust_d9atfcu,Siddharth Fernandes,411040,42400,paid
order_65u4u811se5n70,22/01/2026,cust_66w31yx,Divya Iyer,411037,140000,paid
order_jy7vyt0xzluq0l,25/03/2026,cust_0nc83kx,Priya Menon,500067,855200,paid
order_c9owmowcwdw46r,21/03/2026,cust_hd1243y,Divya Menon,400098,83200,paid
order_a3p6bo4lke3262,24/02/2026,cust_qiit31f,Nandini Patel,700060,179000,paid
order_tbk22llyewrxu5,01/01/2026,cust_jbxl1pw,Vikram Bose,400072,73000,paid
order_zoepok5gtlez3l,13/03/2026,cust_bscak04,Harish Kulkarni,400072,198500,paid
order_1hui5jgez0ppfs,26/03/2026,cust_noksl4f,Ananya Fernandes,110047,221200,paid
order_hjmhf9mb1o0l3x,20/03/2026,cust_27qt432,Pooja Rao,302036,114300,paid
order_am86qwo3v9zhw8,12/02/2026,cust_v5ivrr9,Manish Reddy,560074,734900,paid
order_k8776e9sb1v3sw,23/03/2026,cust_ikzk3z6,Vikram Bose,560061,32700,paid
order_rln5lji9diptqd,09/02/2026,cust_alrj9ab,Ritu Joshi,110068,58300,paid
order_l7czztdtv34fcd,14/02/2026,cust_7ql10f0,Imran Rao,400031,328600,paid
order_kr6zv8an98huv7,25/03/2026,cust_bz9hjcz,Lakshmi Khan,560079,36700,paid
order_0kumowfcvrhsx2,17/02/2026,cust_1rt6alm,Imran Gupta,600031,59700,paid
order_hmvh2kvfe77uu2,23/02/2026,cust_v3atd3h,Lakshmi Iyer,400095,53800,paid
order_whq7myetnj21r6,11/02/2026,cust_rf1tmys,Vikram Pillai,560044,241300,paid
order_paxrgqr21ngv79,20/03/2026,cust_3ouhs22,Priya Mehta,500053,218900,paid
order_cdpeteklpp4ptd,09/02/2026,cust_m1y7zkz,Sneha Mehta,560052,53700,paid
order_poc74doah645gr,03/03/2026,cust_o7nduqj,Sandeep Menon,411024,71400,paid
order_fmzvr55xnf2bwx,26/01/2026,cust_15dizim,Sneha Pillai,560092,224400,paid
order_1qhs1ovgeieqw4,30/01/2026,cust_re9ffh4,Manish Bose,560015,189300,paid
order_bgwq1qo0beahov,28/02/2026,cust_2hiudc3,Ananya Mehta,500039,71900,paid
order_pxrwzfjr0x1hng,24/01/2026,cust_84n0ow0,Lakshmi Sharma,400002,104000,paid
order_rcmp90hee94hsr,15/03/2026,cust_xxr0i1u,Anjali Menon,400038,30900,paid
order_kqo1hvukohgy85,23/01/2026,cust_dp13ucp,Joseph Gupta,110079,39900,paid
order_2tes2dvnft7s28,02/02/2026,cust_vthchwe,Fatima Rao,500011,110300,paid
order_pd8sogwjkaxopt,31/03/2026,cust_maga6sp,Anjali Pillai,560089,53200,paid
order_12jmdd6qpknsnw,29/01/2026,cust_iuk7qay,Ananya Reddy,560043,40900,paid
order_lzk6mc8x5tr66t,29/01/2026,cust_cf1x5tp,Aarav Desai,600053,126600,paid
order_3iyygd1exhevlb,30/03/2026,cust_jyw57k5,Ananya Joshi,500028,33900,paid
order_5qjgrb310i40n9,06/03/2026,cust_wu59qub,Divya Patel,500070,302700,paid
order_netv853wkea4p0,21/03/2026,cust_leqga78,Kavya Gupta,500081,198700,paid
order_fq22aiufiypb7l,21/03/2026,cust_gkl3dva,Manish Nair,400022,82100,paid
order_sxhbr7wuyhyu1h,30/03/2026,cust_cif2ciw,Lakshmi Mehta,411026,92800,paid
order_b5lv5qanw3m6ch,27/02/2026,cust_g5b110f,Joseph Rao,560032,844000,paid
order_nbkm4etx23pa74,02/01/2026,cust_svx127m,Sandeep Iyer,302023,304000,paid
order_1sais00ph6nnh2,25/01/2026,cust_7j2ktwj,Ananya Khan,560021,126200,paid
order_q0zxmtvjkbo7u3,09/02/2026,cust_wnrm9l3,Manish Sharma,110064,76800,paid
order_it6o4olen16k0d,05/03/2026,cust_kw4i0cn,Harish Fernandes,560043,117900,paid
order_jkib6r066bx2tn,19/02/2026,cust_l986tsa,Aarav Desai,411046,69100,paid
order_tj4ebijjr5qwnl,20/03/2026,cust_fjopxp1,Divya Pillai,560035,218500,paid
order_484ig7rwa9utcq,21/01/2026,cust_yk3amdp,Arjun Fernandes,110065,62900,paid
order_xhrd8ommxrvkmq,21/02/2026,cust_q5irojx,Rohan Patel,380027,78400,paid
order_0fjas0e0m1nucr,02/02/2026,cust_xnu2up1,Lakshmi Fernandes,400034,467900,paid
order_3upi871pstnj6j,02/03/2026,cust_5f0jho4,Karthik Iyer,380050,305100,paid
order_6lgjrzdo16yn61,27/01/2026,cust_ie3c87i,Fatima Pillai,302013,54100,paid
order_642blu46yiwt3e,17/01/2026,cust_ejhcqp1,Rahul Iyer,400074,39200,paid
order_9k54vwkhl34bq5,08/03/2026,cust_hyi367i,Ananya Reddy,380054,41700,paid
order_opj4f52zzedh4i,01/01/2026,cust_a8zbq9k,Nandini Khan,560031,124600,paid
order_m3qptx86atoe0o,29/03/2026,cust_6mhc74x,Rohan Pillai,400054,92800,paid
order_gi7ge4c6re18uf,02/03/2026,cust_jkpo6ya,Rohan Joshi,560008,46500,paid
order_gxa17v69errrsl,27/03/2026,cust_2t8adoj,Lakshmi Rao,400043,255500,paid
order_smwoehnj2p59xq,18/02/2026,cust_gtif9wk,Rohan Iyer,411021,35600,paid
order_wx57u615x84kyw,10/02/2026,cust_khnvnfq,Sandeep Pillai,560036,893600,paid
order_7m403zwcexqcf9,26/02/2026,cust_4g0igdx,Divya Pillai,560017,127700,paid
order_dlifwvmcwv4t6y,24/03/2026,cust_9w43t92,Aarav Nair,560042,84900,paid
order_n90pas178t8f0y,15/01/2026,cust_imih7o3,Joseph Rao,500017,69900,paid
order_el06f9meuqz7cg,11/01/2026,cust_fxojjtj,Meera Mehta,500098,37900,paid
order_29c20g73srpraw,28/02/2026,cust_0g681f5,Kavya Nair,560009,35200,paid
order_a2w14s3hsftzt0,10/03/2026,cust_xseubkw,Kavya Patel,600060,71900,paid
order_onhfnl0ibhzosi,26/02/2026,cust_r708xl2,Arjun Reddy,560090,533000,paid
order_f6n8gzjob0q393,06/02/2026,cust_89jv13n,Sneha Desai,400051,146000,paid
order_24i9li213k9jqn,08/02/2026,cust_qq753p2,Ritu Khan,682039,50400,paid
order_wxixbrqy1e723s,27/03/2026,cust_yq1oeux,Nandini Reddy,400031,39300,paid
order_cyhdmfib1mt42l,03/03/2026,cust_t17n9b7,Nandini Pillai,400088,94800,paid
order_d13nvsim4nqkln,01/01/2026,cust_oekvj7e,Fatima Bose,560052,266600,paid
order_07w8s9nqf53xhk,27/02/2026,cust_30z0ryp,Imran Reddy,302016,93000,paid
order_pt3rf6byt7tpt0,15/02/2026,cust_0gxuql2,Harish Iyer,500035,92200,paid
order_xt6o9z8v2db9ph,09/03/2026,cust_xcl6r58,Imran Rao,411008,126800,paid
order_krl5h9lqe7slr7,05/02/2026,cust_wxdfr1s,Aarav Patel,560023,214300,paid
order_7hxmfjdle10sup,17/03/2026,cust_bmafqaz,Fatima Desai,400047,57200,paid
order_dtntehsujowi1o,01/02/2026,cust_fpx9hiu,Imran Sharma,400062,125900,paid
order_qw0hwrupw5qys4,16/01/2026,cust_8sdqsea,Divya Joshi,411023,74400,paid
order_6gt5tv216fydcn,16/03/2026,cust_54upzy5,Sandeep Bose,600005,68100,paid
order_xra4oaje1estvk,08/02/2026,cust_q60nu9x,Sneha Kulkarni,700127,559300,paid
order_byo0zzvlc0ygud,21/02/2026,cust_ddgdtyb,Nandini Sharma,600096,97200,paid
order_qjsvi53n31awte,07/01/2026,cust_2twaqec,Rohan Reddy,600103,297800,paid
order_icnzg29kat9xne,16/03/2026,cust_2brc6pz,Ananya Patel,400034,74100,paid
order_q1c9b2i39n6ux2,03/02/2026,cust_z8gu7u9,Priya Khan,560013,59500,paid
order_36myy62ujsl4mp,28/01/2026,cust_d7mgodg,Pooja Chatterjee,560091,60700,paid
order_im2h775af3ibi6,11/02/2026,cust_c89yiwk,Vikram Iyer,110064,46400,paid
order_7p02hy7com5a1x,30/01/2026,cust_j41v7ge,Karthik Gupta,700041,283300,paid
order_d722edbst2fmgu,29/03/2026,cust_x7b64nl,Priya Sharma,600022,47300,paid
order_9bg08sekwtoh85,22/03/2026,cust_husg5tj,Siddharth Desai,560055,149700,paid
order_r0xj9gb2fm5isr,07/02/2026,cust_c4ann76,Meera Pillai,380009,179500,paid
order_8rbgrz40j04s8g,19/02/2026,cust_fy3kxo9,Kavya Rao,110094,31300,paid
order_6blw9fzm81lhf4,02/03/2026,cust_3m0amk6,Sandeep Menon,400001,75200,paid
order_rx6dxg6uzu8ir0,09/02/2026,cust_9hm1gl1,Fatima Sharma,400099,58400,paid
order_8mb1ew7b2zjmix,13/01/2026,cust_2ftrir7,Rohan Desai,400079,70300,paid
order_ux1g4dmo4d50lc,14/01/2026,cust_jyqp785,Rahul Reddy,400001,48100,paid
order_icp1o2vl2i1qo9,30/03/2026,cust_2jr3niy,Divya Bose,380051,51100,paid
order_io45aghrypktlm,08/03/2026,cust_urghkmz,Joseph Patel,500038,52100,paid
order_0v5ptefc4ys2kd,24/02/2026,cust_5ylr6fw,Nandini Mehta,560003,54900,paid
order_hbxv1svh4wc43r,19/03/2026,cust_pylfhei,Meera Joshi,411011,87700,paid
order_boiuam40lkutbp,29/01/2026,cust_btn85xq,Ananya Kulkarni,110013,229600,paid
order_y5zra2j3v0p527,15/01/2026,cust_yc83p0j,Divya Chatterjee,110091,115500,paid
order_xev3j1y1h2ggiq,18/02/2026,cust_wfzap5a,Pooja Fernandes,560086,117800,paid
order_0bxhi20a318t7m,07/03/2026,cust_n6tb5qq,Tanvi Rao,110003,86400,paid
order_9a6bj6je3ii08r,09/01/2026,cust_jojev2z,Ananya Chatterjee,400077,69300,paid
order_1axrgo7ewlzj4c,13/03/2026,cust_0egmjzi,Imran Rao,400077,735500,paid
order_33gv1m0mk7d1wc,13/03/2026,cust_sj79zpu,Rohan Iyer,411037,98100,paid
order_2agpeg4ylji54y,27/03/2026,cust_4s8dboc,Rahul Mehta,560055,113000,paid
order_0s15eh73w3i3yo,14/03/2026,cust_m9ziu8g,Tanvi Nair,560051,150300,paid
order_g3cjw75fcwss33,10/03/2026,cust_d444kl0,Anjali Desai,110026,113300,paid
order_h0s8xcfhupfwwa,06/01/2026,cust_lmoyms9,Ananya Menon,110012,57700,paid
order_xqnega6p6rvgkj,23/01/2026,cust_qnjd1uj,Siddharth Gupta,400087,283400,paid
order_8wjvjzrroexdti,23/01/2026,cust_3qd5ift,Rohan Joshi,411025,53300,paid
order_zz0noi90fysig2,02/02/2026,cust_3z4l1ns,Rohan Menon,110015,32300,paid
order_wd44vavdiwam4a,21/01/2026,cust_1247cau,Rohan Chatterjee,110053,74600,paid
order_zykjhbs14fi9cg,09/01/2026,cust_0uknjd5,Sneha Patel,560020,503700,paid
order_o847kfc8y1uudt,12/01/2026,cust_2a47pep,Vikram Chatterjee,302022,83200,paid
order_59hw83bi4tvps0,31/01/2026,cust_4urqgty,Siddharth Joshi,500025,208400,paid
order_dymwfgt64inuuc,21/01/2026,cust_5eubrkt,Vikram Reddy,380054,40000,paid
order_17wtauc7jaxe9o,26/02/2026,cust_a39mrar,Rohan Nair,500065,142800,paid
order_sqrutgev1flida,16/03/2026,cust_x89mmug,Fatima Joshi,600053,48300,paid
order_34082xigopzxzi,18/01/2026,cust_dgsp9p4,Siddharth Sharma,600020,49900,paid
order_i3my0pq8onx2f6,23/01/2026,cust_8dzy5qq,Joseph Joshi,700016,34500,paid
order_ctfsxlk21k2u0g,17/03/2026,cust_vhzwuoj,Vikram Sharma,700091,86900,paid
order_vm5talul2prcee,30/03/2026,cust_f8tvbvi,Ananya Mehta,110084,68800,paid
order_m266fpy8npad0y,23/02/2026,cust_fnv9bmt,Meera Khan,411040,68900,paid
order_v1qsu0ixs6zkf9,19/01/2026,cust_17hyw2c,Joseph Desai,400069,123700,paid
order_9otx6sgcqdjsz9,26/01/2026,cust_23u4wyn,Rohan Gupta,700064,144300,paid
order_plkqvp3smo2ehv,03/01/2026,cust_960rtt2,Rahul Desai,560061,224000,paid
order_42jb53oi9v096q,05/01/2026,cust_ncmz2ge,Sneha Chatterjee,110080,332300,paid
order_ldw9zfk7c86o9b,02/03/2026,cust_ebb1dl2,Rohan Kulkarni,500062,331700,paid
order_p0mx1447f58xag,10/01/2026,cust_snug2cd,Siddharth Rao,560082,319300,paid
order_qvur0ybc8bczwx,06/02/2026,cust_a63gn31,Vikram Patel,560069,363000,paid
order_6dfjhjimxquv7h,20/01/2026,cust_2jfurft,Ritu Iyer,110047,73900,paid
order_kx8f47hh31lnhw,11/01/2026,cust_io3z4jk,Divya Reddy,560011,51200,paid
order_gvmssua71xngi2,31/03/2026,cust_om8a7wd,Manish Reddy,700038,128100,paid
order_t98mrok7ps3syo,30/03/2026,cust_4bzn7nw,Meera Sharma,400024,130000,paid
order_rk7s9pthnu8gw2,10/01/2026,cust_s5g0sdb,Nandini Reddy,400099,48700,paid
order_6s6po6fvbw4ysx,26/02/2026,cust_8w3qqas,Manish Patel,500057,160400,paid
order_e43o5on5odjwpr,09/02/2026,cust_5svqmrg,Harish Gupta,110083,126300,paid
order_10jkoooulvke39,24/02/2026,cust_1x0ytey,Pooja Gupta,560059,43500,paid
order_5laqxnljklk3bf,04/03/2026,cust_39i3kkf,Rohan Rao,682005,43000,paid
order_xlorsz9itkfxpc,29/03/2026,cust_o8bc9m7,Sneha Chatterjee,560068,144400,paid
order_602iag1p84ptz0,13/03/2026,cust_ntsmwk4,Anjali Chatterjee,600013,148600,paid
order_vp8hzqpygsakkx,27/02/2026,cust_pq86fgj,Sandeep Desai,700002,148600,paid
order_wsyur8tp0sezow,02/02/2026,cust_9izj1ne,Ritu Menon,380006,67000,paid
order_s051lche0xmmzf,11/02/2026,cust_uuglb5l,Lakshmi Khan,560024,139800,paid
order_s7rt7cfqjez1wc,14/02/2026,cust_yg5jdhs,Imran Reddy,411012,887900,paid
order_ym5nuxh4rmdi1r,26/02/2026,cust_pgw84vp,Joseph Patel,500051,814100,paid
order_jcnsb8s1bt126d,29/01/2026,cust_9ty1hiq,Fatima Sharma,560081,277000,paid
order_p5lhrecp9s5mn5,27/02/2026,cust_r787khm,Karthik Nair,682012,396600,paid
order_ietvac8x5pbtmf,12/01/2026,cust_degq7ed,Rohan Rao,110032,321400,paid
order_uxb46tkicvpjqu,24/01/2026,cust_39twnfy,Meera Khan,600046,41300,paid
order_3v995ecnsor365,16/01/2026,cust_4g41uwj,Meera Chatterjee,411029,265100,paid
order_61o4h3n4chcpio,29/01/2026,cust_lxdiqgl,Harish Iyer,600046,67600,paid
order_skd94052i60uw7,26/02/2026,cust_so8825x,Ritu Nair,700040,102400,paid
order_u9ym7siaex65ed,22/01/2026,cust_zdw2khw,Fatima Reddy,600053,139100,paid
order_yibxykmrqumshj,07/01/2026,cust_s412vpv,Sneha Menon,700096,39300,paid
order_1dnqc01r6gd8yd,02/02/2026,cust_n098bet,Tanvi Joshi,380043,589200,paid
order_2qy0cild4jhfk9,13/01/2026,cust_c9hvb70,Aarav Khan,380014,50800,paid
order_2dvo1tqi3h90i6,05/03/2026,cust_cdrv20p,Ritu Nair,560006,51800,paid
order_s4e7rzeep5cjek,31/03/2026,cust_6kxar4t,Manish Mehta,500011,118100,paid
order_b8df05332bermi,23/02/2026,cust_fygvk3a,Anjali Iyer,560068,64900,paid
order_8k9gut5n57un7e,04/01/2026,cust_vx2y4fc,Tanvi Menon,400102,79900,paid
order_votdc0o1jpsxgb,04/03/2026,cust_7iatuwn,Arjun Kulkarni,700101,100600,paid
order_o29vy9d22gqg42,15/03/2026,cust_h8jaqm9,Karthik Fernandes,110088,757000,paid
order_thois1997paxln,30/03/2026,cust_39wqrtz,Siddharth Chatterjee,700044,62900,paid
order_8yyvkurxakcpg7,11/03/2026,cust_uloh26n,Divya Sharma,110013,171300,paid
order_8j4m6c32cf84nr,06/03/2026,cust_ybyssj3,Ananya Khan,110044,53100,paid
order_vhd7gpjf5tfatz,30/01/2026,cust_5pup5dd,Lakshmi Nair,302036,29900,paid
order_c405phdjgenpp6,24/02/2026,cust_pyf57sa,Tanvi Patel,400090,47600,paid
order_m8gynoadk1pgos,16/02/2026,cust_rfgabxp,Meera Nair,380003,33400,paid
order_qiy4no2ppm5q7o,23/01/2026,cust_nd96c5s,Divya Sharma,600088,584300,paid
order_jpvrx04077dzvv,28/02/2026,cust_vbvyaly,Rohan Khan,500022,44400,paid
order_o0zjv2t794lt1f,23/03/2026,cust_p4a9xm1,Karthik Menon,600070,55900,paid
order_2zq817dr2xu9ss,28/01/2026,cust_cy5xuz0,Rohan Kulkarni,411001,72800,paid
order_jskqnnoketv6my,29/01/2026,cust_ew1sux6,Divya Iyer,400058,52600,paid
order_aidiu3epsxx40u,25/01/2026,cust_83nej5y,Ritu Joshi,400046,141800,paid
order_nxct4d9y2p8esl,26/02/2026,cust_zwseqwa,Anjali Pillai,110080,62300,paid
order_n0rzaawfvg499g,23/02/2026,cust_c0ja7x5,Meera Bose,700133,136300,paid
order_f3eiu4ysw5r4dd,17/03/2026,cust_yd3ba5a,Ananya Sharma,560069,45800,paid
order_25wcz0jna73qnq,23/02/2026,cust_9niiz3m,Vikram Joshi,400054,52500,paid
order_0iuzbdytzjbccc,07/02/2026,cust_j2a7l45,Manish Rao,560051,70700,paid
order_4mk8zmrlrpgo7y,29/01/2026,cust_r43uq7r,Vikram Chatterjee,700056,32800,paid
order_9kqmmrfrb41woq,23/02/2026,cust_1gdxxst,Arjun Joshi,700102,122500,paid
order_gyk474hokptz4n,16/03/2026,cust_ueqkqax,Manish Kulkarni,110039,111300,paid
order_rxbdn9j2x9svpk,24/03/2026,cust_06ecwg4,Ananya Bose,600102,68900,paid
order_10uxno8i00gb23,12/03/2026,cust_2330t8j,Kavya Patel,411043,85200,paid
order_t7ic21yvzzexhn,29/01/2026,cust_gaft1fs,Meera Menon,400102,106900,paid
order_mv7i5o3ebo1p1c,20/01/2026,cust_1v8mhut,Pooja Mehta,110078,143100,paid
order_u03vaacjkptzki,22/01/2026,cust_i81qk3g,Anjali Gupta,560011,467500,paid
order_dtl3tpmhbtc4r1,10/03/2026,cust_i7iyg4k,Harish Mehta,600048,78600,paid
order_0s7jlwfsl42gst,27/02/2026,cust_lx7aqwm,Vikram Joshi,110067,55000,paid
order_cxyjp9sc36dhkh,30/03/2026,cust_i8eqi4s,Joseph Nair,560042,116700,paid
order_glsrkk1fz7qoi4,16/01/2026,cust_mnw1whl,Priya Desai,380029,646500,paid
order_y9o8hy57f42x0e,16/01/2026,cust_01l13fy,Rohan Chatterjee,600111,62200,paid
order_pr6zyofhkdswa8,05/02/2026,cust_sikc7qt,Aarav Khan,400047,90000,paid
order_5czb8nceo7ts7c,04/03/2026,cust_y3xu50j,Arjun Menon,400048,48800,paid
order_j0qm2xlwir8ywb,16/02/2026,cust_7ork5oc,Fatima Fernandes,400087,211700,paid
order_aprxnjt2xqt8db,11/03/2026,cust_gtlf73j,Divya Desai,400007,524500,paid
order_6ncamd6r0ept1r,07/01/2026,cust_7yqe2b9,Sneha Mehta,411010,260100,paid
order_ay9z9ct4x7ikdq,20/01/2026,cust_9kbhryg,Rahul Chatterjee,500095,127900,paid
order_fg9rua4faqzhj1,13/03/2026,cust_c3e481b,Sneha Fernandes,400011,61600,paid
order_mcl6r6lj6584d1,30/03/2026,cust_b6izdur,Harish Fernandes,560031,192400,paid
order_l9vcngri762snz,10/03/2026,cust_ksfvlxq,Karthik Chatterjee,560069,83600,paid
order_mxmahzch4hjk61,21/02/2026,cust_x6flt4g,Tanvi Menon,560050,266100,paid
order_55v9mjlrpt4u0x,24/03/2026,cust_0p6je8a,Vikram Patel,500020,54100,paid
order_9blvy5k3v3b1jm,29/03/2026,cust_h6d90t4,Priya Iyer,600095,173400,paid
order_xnqeu4vlh139vq,04/03/2026,cust_9xtra8g,Sneha Desai,700035,144300,paid
order_0p5c4ylj4trlr2,03/03/2026,cust_gd5sg36,Aarav Rao,560006,271200,paid
order_8u5ebikodghsku,31/01/2026,cust_myuij4o,Aarav Kulkarni,560002,133000,paid
order_0t6ifz4n9ev3a3,08/01/2026,cust_awana9k,Vikram Patel,560023,100000,paid
order_bwf30v1ntxi3ow,02/03/2026,cust_rt6zybh,Karthik Reddy,411009,44000,paid
order_m5tr0lyeghhegs,11/03/2026,cust_xfy6omw,Kavya Rao,411026,313900,paid
order_evqo4q9iv851x2,17/01/2026,cust_539ldeu,Fatima Nair,600076,645800,paid
order_0q87t5wggvfd1w,18/02/2026,cust_mkxw394,Rahul Iyer,400029,147700,paid
order_32w5fbqh4jq0bn,21/01/2026,cust_z2ec26p,Priya Nair,600039,111800,paid
order_iriqp6gqbfjito,02/01/2026,cust_cdmxqfg,Kavya Patel,500075,101500,paid
order_asxr1jzqkof3uy,30/01/2026,cust_r1ooypd,Ritu Menon,110080,78500,paid
order_h41y8tp4q4t09k,21/01/2026,cust_f587vgb,Pooja Chatterjee,682042,120500,paid
order_c9b2936nezpv1j,24/01/2026,cust_h7blyqs,Meera Kulkarni,400077,850400,paid
order_vz1iqb3rl38c2s,21/03/2026,cust_xq7mrgq,Priya Patel,110003,133200,paid
order_mdc529y6tdw1ix,23/03/2026,cust_r54163e,Vikram Joshi,400004,82000,paid
order_svayzjldolusk5,18/03/2026,cust_xq6bj5h,Fatima Menon,411048,300500,paid
order_v2vq7uo3hwrfrd,14/01/2026,cust_vc7eb2e,Sneha Mehta,110019,63500,paid
order_fxpsgn3jjrb2mc,03/01/2026,cust_4g6tam1,Karthik Bose,600001,83800,paid
order_u15wu3xg7dkov1,24/02/2026,cust_eonwlh0,Divya Khan,302016,102200,paid
order_0k06mz01agmxb9,23/01/2026,cust_tof3du1,Anjali Pillai,400096,89600,paid
order_1rh6hs54dc1jzd,14/02/2026,cust_3af65to,Nandini Khan,560034,185300,paid
order_pw0kfam7o9xtcp,05/03/2026,cust_i2v658f,Lakshmi Desai,110084,165500,paid
order_5xpx7z3q6cdvv5,02/03/2026,cust_in2hfld,Vikram Pillai,400085,43100,paid
order_wpp97c556r573c,18/02/2026,cust_cjdtlbp,Rahul Joshi,600116,40600,paid
order_2vxhhqmc6jj3tk,27/03/2026,cust_fo4q28c,Ritu Kulkarni,110068,78400,paid
order_9xzlpqnlsm2ltk,17/03/2026,cust_ne5tjz0,Kavya Menon,600068,40100,paid
order_gttaqgyg23r74f,28/02/2026,cust_kbilltv,Joseph Gupta,400048,124200,paid
order_46yefqmmd8e6rw,27/02/2026,cust_lhk3yz8,Kavya Pillai,500049,36700,paid
order_g14fa25r8jewbn,04/02/2026,cust_owg874a,Siddharth Menon,600110,221300,paid
order_cnwvsrou8vgwpf,24/03/2026,cust_n8qw3by,Arjun Iyer,560059,136600,paid
order_7a861vwhcumkjb,25/02/2026,cust_y6taz57,Karthik Gupta,400013,617900,paid
order_srf6msewfbp850,06/01/2026,cust_wvjay9v,Pooja Nair,110062,43500,paid
order_rcwj1heolmae9r,04/01/2026,cust_5fmnasj,Rohan Patel,400064,106800,paid
order_spsdqcqa65g5le,29/03/2026,cust_f7qqk3r,Joseph Kulkarni,380009,63400,paid
order_cn5heldr2whcrj,14/03/2026,cust_9kmjky5,Ananya Patel,682022,107100,paid
order_yn79mmp1skbr62,05/02/2026,cust_sxferz7,Ritu Menon,500070,145000,paid
order_l147kmyk8s879g,13/03/2026,cust_spy3bex,Divya Bose,400050,61200,paid
order_zw5018y5yxqpkc,27/02/2026,cust_0hbmd1m,Manish Khan,560025,69400,paid
order_28532yxrgsyajy,29/03/2026,cust_p21bv60,Lakshmi Gupta,380058,108800,paid
order_ogt4dnltlyj3zq,30/03/2026,cust_04l76lf,Siddharth Nair,400067,138400,paid
order_hes19k6igjvkge,16/01/2026,cust_iw21a3e,Rohan Pillai,682011,37200,paid
order_6bgqmta3rvp0mg,29/01/2026,cust_6itkfxe,Nandini Bose,302016,49000,paid
order_zwx5tnu1f9mhoe,29/03/2026,cust_6lsowtb,Joseph Nair,500003,126500,paid
order_d2llr8n16oaxpq,17/01/2026,cust_selwiiv,Anjali Khan,400066,107800,paid
order_x45khiexh2x7re,07/03/2026,cust_qq69iv5,Kavya Nair,400018,96000,paid
order_akr4qcfeip59ma,28/02/2026,cust_cpvm9rt,Meera Chatterjee,400064,107200,paid
order_tkov5jygt9dvm9,16/03/2026,cust_yd13kaw,Vikram Fernandes,500029,118700,paid
order_05zrx40k2w19qn,24/03/2026,cust_pqfo1o2,Manish Menon,600082,91200,paid
order_tgllg23r6069zz,10/03/2026,cust_o8qeapy,Fatima Khan,110004,36300,paid
order_4csc6rhevv3scy,10/02/2026,cust_zx5ozoh,Ananya Joshi,700022,93100,paid
order_njsq6jtvekcz2l,05/01/2026,cust_veh9s33,Ritu Iyer,110066,50700,paid
order_hgnirtcrsaegtl,27/03/2026,cust_ju9ymsd,Siddharth Menon,110056,74700,paid
order_k679dmxoazjrc3,27/01/2026,cust_f4d0bdd,Pooja Rao,380033,101300,paid
order_mxllo4txh628ne,08/01/2026,cust_e8xw7to,Meera Chatterjee,500067,810400,paid
order_lv0iu49vtuakx6,10/02/2026,cust_2lwc60h,Aarav Gupta,110021,42300,paid
order_zy9wduzog5iga0,26/01/2026,cust_9gzojsj,Priya Iyer,560074,35500,paid
order_lfqhanadmk817y,03/03/2026,cust_l3ykcp1,Pooja Rao,560037,345400,paid
order_arld56ctp42vkz,06/02/2026,cust_6memlfq,Divya Nair,110017,112500,paid
order_wbtndr5lk0uo3o,06/02/2026,cust_7m6z5wj,Harish Iyer,380031,41600,paid
order_w7r9xfk5xs3vc1,02/02/2026,cust_5zbnwjm,Nandini Desai,380013,68200,paid
order_36seoy0ufi6p28,28/02/2026,cust_inebg15,Sneha Reddy,400023,146800,paid
order_iarv0ean0azbnp,19/01/2026,cust_zejzpnp,Anjali Pillai,500050,79300,paid
order_7wm8r2meyqe3xl,08/02/2026,cust_8o0o0gt,Pooja Gupta,500098,76100,paid
order_hrm11e04ntvzj6,17/03/2026,cust_jqzva5a,Imran Joshi,560026,93000,paid
order_xbvs2w086p7060,03/03/2026,cust_cc4djyi,Sandeep Fernandes,560002,115300,paid
order_yv1af2vlte4pc6,12/01/2026,cust_t9nzjzb,Harish Khan,110023,89300,paid
order_uft4g18xm8605p,16/01/2026,cust_t61yfay,Joseph Desai,560077,572400,paid
order_z0bh5vw7wucr7i,10/03/2026,cust_kx89dij,Meera Pillai,500046,87400,paid
order_ar1fxe5rvwvobz,21/02/2026,cust_zcnuuvk,Nandini Iyer,400042,75500,paid
order_nn22qjto3apebm,28/01/2026,cust_vqh4lh4,Ananya Sharma,600075,95000,paid
order_ia7dxaupvw1p7u,25/02/2026,cust_jgwd9ux,Ananya Chatterjee,110070,166200,paid
order_yg50bu0b7p1gxc,08/02/2026,cust_r9tc1w7,Siddharth Mehta,110064,176600,paid
order_y5aqexjm0c2go0,04/03/2026,cust_f16doyy,Priya Pillai,600100,417000,paid
order_33xrdj8c79n2zh,22/02/2026,cust_npc672x,Fatima Bose,560007,84600,paid
order_v70me6p24lre00,20/03/2026,cust_opy84j0,Rahul Reddy,110016,222600,paid
order_15xhpg10rxe2ae,28/01/2026,cust_73ethx8,Meera Iyer,400061,81700,paid
order_g3evdqqhhhgncu,03/01/2026,cust_60ibwtm,Ananya Fernandes,411053,35500,paid
order_y5ez3bpaauk2l2,26/02/2026,cust_an3y7ul,Imran Joshi,400050,51100,paid
order_apza99vzoobb2s,28/02/2026,cust_2m2pj2s,Arjun Kulkarni,500092,311500,paid
order_7hjjown6b4w1f8,16/03/2026,cust_wktguac,Nandini Menon,110009,248500,paid
order_eoka12eundvo79,16/01/2026,cust_agr20lh,Harish Fernandes,110053,61800,paid
order_0ne0owvydp7tzo,29/01/2026,cust_aevz2t6,Lakshmi Nair,110022,77000,paid
order_4bq96egnbgtnww,06/01/2026,cust_ygg433u,Rohan Khan,600096,87300,paid
order_5o5qv4l3pwzz4l,27/03/2026,cust_mu6dnv6,Arjun Reddy,560002,37300,paid
order_z25snah5wvbd6i,24/03/2026,cust_oqtdksu,Arjun Nair,560052,136500,paid
order_qpvl1gfo2430gk,31/03/2026,cust_xtorxe8,Sneha Nair,110073,86100,paid
order_phdc6fo2eigt80,27/02/2026,cust_b6fqbum,Nandini Sharma,380042,36000,paid
order_4f9xm68cfsgajf,26/02/2026,cust_gjr2pim,Tanvi Sharma,682033,73000,paid
order_n8eqytox6v7bq2,02/02/2026,cust_33l4fzy,Vikram Rao,500058,137300,paid
order_f9czpar2xf1jzc,23/01/2026,cust_ped86fp,Sandeep Desai,110061,37600,paid
order_xma3hrvnqibpb1,22/01/2026,cust_8xf8p1o,Rohan Patel,302025,102500,paid
order_oedye8gvmzpsjl,05/02/2026,cust_apqz3tn,Ritu Pillai,302002,56300,paid
order_s1ko3sychmln0r,21/02/2026,cust_s0zseyy,Karthik Nair,500066,48000,paid
order_u1hueonjcgc89p,09/03/2026,cust_oof60oc,Harish Rao,560010,146600,paid
order_mvbkk31ci6eadl,27/03/2026,cust_cfe4qv3,Pooja Rao,400031,206800,paid
order_x1dnnam6vuh9yx,26/02/2026,cust_y7hwydh,Fatima Nair,700129,89600,paid
order_mwro6onolp9stj,29/01/2026,cust_cvg1d2v,Ritu Iyer,560071,114500,paid
order_7bblud2l9jqh4x,09/01/2026,cust_10vwfun,Pooja Kulkarni,500030,210200,paid
order_3xuw8qg922le0r,22/03/2026,cust_azrzp87,Ritu Pillai,400025,77800,paid
order_9fdnlex5fszf9a,17/03/2026,cust_u6ljfxi,Tanvi Desai,110074,30500,paid
order_avul1i8xxm3ofe,05/02/2026,cust_8jw9f1f,Lakshmi Sharma,560015,255400,paid
order_qux2bsi2f0zj0e,01/02/2026,cust_lybnbfs,Priya Bose,560012,149700,paid
order_joh8o3ef4igzz4,12/03/2026,cust_rd2ce23,Fatima Patel,700065,228200,paid
order_wtw1gqrgprdmdp,23/02/2026,cust_48oynrq,Sneha Khan,400076,206900,paid
order_f2womvfflkyzqv,24/02/2026,cust_nkolucf,Siddharth Sharma,411031,44700,paid
order_orbon6owjqffhv,06/01/2026,cust_73ighdh,Kavya Reddy,500092,592500,paid
order_07bie2xh9bp93n,08/01/2026,cust_4zal0y7,Priya Gupta,400040,42200,paid
order_m1y04weui34mtt,05/02/2026,cust_l7uy3cw,Kavya Rao,600052,117300,paid
order_iwrt1ddtb1ft76,27/02/2026,cust_xv47xzd,Pooja Mehta,500016,50900,paid
order_84vcu0w8op7ksm,22/01/2026,cust_kht9d66,Tanvi Chatterjee,500067,322200,paid
order_eleq0c3p3ex1hu,02/01/2026,cust_k1xb0wt,Lakshmi Reddy,400035,237900,paid
order_go3phdwq03ru4v,24/02/2026,cust_ginz74r,Rahul Iyer,400067,272100,paid
order_9lrnf4x373fx93,13/02/2026,cust_teb3zxi,Karthik Gupta,560015,67200,paid
order_973j8b4rxbq0yu,30/01/2026,cust_ct6ziwu,Manish Fernandes,400027,58900,paid
order_jq74g0uju25v2w,16/01/2026,cust_lrg9ttd,Priya Patel,700111,624600,paid
order_wx81uhkq6te14l,28/03/2026,cust_uyv7f0z,Arjun Khan,600016,61500,paid
order_swdapbz3l3ux6a,28/02/2026,cust_bglp40j,Arjun Iyer,560071,43100,paid
order_utb61niei0pbke,24/01/2026,cust_pjl45n9,Divya Pillai,110002,112800,paid
order_e3ky9jb5sr21vq,01/03/2026,cust_vqz4edo,Karthik Khan,411046,314200,paid
order_asydpojeqyjx7a,19/03/2026,cust_purmvkx,Tanvi Rao,400056,113100,paid
order_fiehz02jqgp3gv,27/01/2026,cust_35g70nr,Harish Bose,560032,142900,paid
order_izudmmq58khnz8,05/01/2026,cust_ipiacj0,Kavya Rao,400032,308600,paid
order_msxwfs3r4f0jsq,08/02/2026,cust_ui6o2m4,Kavya Menon,110042,211400,paid
order_8vc3xf274a57d6,20/02/2026,cust_lo7jjyj,Pooja Patel,560008,35500,paid
order_3r57x9dbmvfrho,14/01/2026,cust_5mt9zyh,Meera Bose,560062,312500,paid
order_j87j69yp6511ya,17/02/2026,cust_07336yf,Lakshmi Iyer,110021,75700,paid
order_6bz0np2goxpz3e,02/02/2026,cust_u6p09gp,Rahul Gupta,700021,40400,paid
order_5jdam0fs531ebh,07/03/2026,cust_m0poesm,Meera Khan,411020,134900,paid
order_7j69tczhy3jfdc,27/03/2026,cust_cp5rjhv,Rahul Menon,110024,65100,paid
order_9jb4jsz91gtu7e,09/01/2026,cust_my24rmk,Karthik Gupta,110025,36400,paid
order_94parzlnsn3mrt,13/03/2026,cust_im0qaiu,Aarav Rao,411011,307400,paid
order_a9vqw9c731lsha,12/01/2026,cust_t4pa30n,Arjun Pillai,400014,134600,paid
order_gcc08x5zfz676l,03/03/2026,cust_veviwmw,Kavya Desai,110038,35100,paid
order_uy3syvfetv8m1f,31/03/2026,cust_y3hw1il,Ritu Iyer,400004,125400,paid
order_e95zooq2ojcuoy,12/02/2026,cust_zstfjcf,Rahul Patel,380003,802900,paid
order_pgkynhchcmcmi6,09/02/2026,cust_6iowi90,Siddharth Desai,110085,31000,paid
order_srd0np5sfygxl3,24/01/2026,cust_qqmm7yo,Pooja Fernandes,380009,863800,paid
order_xbmabq0vxhvrkg,28/01/2026,cust_mdywwdk,Siddharth Mehta,400098,85500,paid
order_8timhfx9r8mgon,21/02/2026,cust_qyweplk,Karthik Gupta,500014,120200,paid
order_luoomk108o4n4t,28/01/2026,cust_c8ec0p6,Rohan Kulkarni,560098,69000,paid
order_qee9f7okwueft5,30/01/2026,cust_0rcf867,Ritu Gupta,411054,115700,paid
order_4dx5hwfy0gnbni,20/02/2026,cust_ooezrwi,Meera Menon,380007,142500,paid
order_aaxbw9mk1unkap,19/03/2026,cust_pdvn9pt,Imran Reddy,560073,38700,paid
order_74fc1ir1nguep1,14/02/2026,cust_fspyjko,Vikram Rao,110095,132000,paid
order_9vrxyinsde1ukk,20/01/2026,cust_dxwlag8,Priya Khan,110015,68200,paid
order_ctaqq9em17q18g,10/03/2026,cust_ohqxg3e,Divya Rao,700099,37700,paid
order_2nqihccdhjwlce,09/01/2026,cust_5jg6kxt,Tanvi Bose,411007,102100,paid
order_sei6k9ils25vnu,06/02/2026,cust_ur9iwcs,Nandini Bose,400091,758200,paid
order_x3rgcglgec6egm,16/03/2026,cust_4jgo91p,Rohan Bose,560015,50000,paid
order_8nacvlyugctwhc,19/01/2026,cust_p8cw7wt,Nandini Fernandes,380003,42200,paid
order_urljf6u5da68je,10/02/2026,cust_f24mrlw,Sandeep Rao,110069,169300,paid
order_v3c3vmq9i0ojlc,30/03/2026,cust_lo7jniv,Vikram Chatterjee,700113,51800,paid
order_3h8oqxyqxlmgpl,17/01/2026,cust_3sbja1j,Sandeep Joshi,400053,122000,paid
order_z9p9jrvckw8nu4,02/01/2026,cust_qkqjl2p,Siddharth Sharma,560098,242200,paid
order_bqjiccznfturi8,31/03/2026,cust_hocdicq,Divya Gupta,411036,58400,paid
order_zhsmqfgth7aife,05/02/2026,cust_tv099lf,Sneha Menon,600080,47500,paid
order_zdijz87efe0qfp,01/02/2026,cust_gojiecj,Meera Mehta,400067,57600,paid
order_jt9twjz8zj6fwh,03/03/2026,cust_w8ci0an,Anjali Pillai,110039,628300,paid
order_uz35fvt11btu3c,28/01/2026,cust_vjepv3v,Sandeep Mehta,600023,35800,paid
order_f023aj1tqildss,12/03/2026,cust_92sfpxz,Ananya Iyer,500049,140400,paid
order_r9xnyemqvydpzq,29/01/2026,cust_vqiwh4p,Arjun Menon,500045,84900,paid
order_mso2jubr2ick0u,26/03/2026,cust_ye0fakf,Fatima Fernandes,500007,115700,paid
order_e3f2qarpw3uo8c,20/03/2026,cust_yfhpr8y,Imran Joshi,560025,98800,paid
order_mtn0hhfp8vx707,12/01/2026,cust_9utxnei,Priya Mehta,560059,108600,paid
order_yc3t1n9a3mmupw,18/02/2026,cust_8jdp6f0,Tanvi Sharma,560047,46300,paid
order_r69rnadm6jti48,26/02/2026,cust_fb2enbr,Manish Pillai,560030,33100,paid
order_ddyj2zidrebk5e,09/03/2026,cust_sntk7hp,Lakshmi Patel,400061,188500,paid
order_kyamzspms74ubf,15/02/2026,cust_ahwkhwg,Joseph Bose,682004,331900,paid
order_cmicye0rqkj0d5,19/02/2026,cust_n6deiy1,Meera Patel,600028,70500,paid
order_otgmmy86yns8w8,03/03/2026,cust_bkz2mdn,Lakshmi Gupta,110061,51900,paid
order_2js7nlwy6jriim,05/03/2026,cust_pv8mloz,Imran Khan,500091,201700,paid
order_xzq9zmjezo3cqi,24/02/2026,cust_2ki2hy7,Ananya Menon,110037,36400,paid
order_wkn4oaru5iwptv,23/03/2026,cust_rvw12n7,Joseph Khan,560025,59200,paid
order_qotnv2tvppwqaj,29/01/2026,cust_p7dac8s,Imran Gupta,400081,51500,paid
order_k2pd2iercbok0w,31/01/2026,cust_kw08ons,Meera Pillai,110081,63900,paid
order_1u9fn4m80cxuw0,17/01/2026,cust_5ijbya0,Joseph Desai,400091,68900,paid
order_qf7dnidalei3cg,26/02/2026,cust_bwrpndo,Ritu Kulkarni,400057,74100,paid
order_3d49wkjnrx65tp,10/03/2026,cust_ywuh6dn,Joseph Rao,110015,48500,paid
order_mqjs40eyfkxp7e,27/02/2026,cust_7ac1s6t,Harish Rao,302020,339600,paid
order_l4u5r2nxripxcz,22/02/2026,cust_t3o4ron,Rahul Bose,500019,92000,paid
order_kklqi9zmvzr3td,13/03/2026,cust_9otm4qc,Sneha Khan,411053,178500,paid
order_og95sqmqu7d4hy,31/01/2026,cust_ake8dja,Tanvi Kulkarni,560018,409100,paid
order_yhfzkge7zy6alv,05/03/2026,cust_d29caqo,Sneha Rao,400084,34400,paid
order_9kxpwg37kkygcn,09/02/2026,cust_82ee18k,Lakshmi Bose,400067,45600,paid
order_vpx4l699p6k7ej,01/01/2026,cust_o82jbus,Pooja Mehta,400081,113300,paid
order_1spahecjl9yxgk,09/02/2026,cust_8p8nb4r,Priya Sharma,411033,50100,paid
order_a9wohhklpzz3yl,17/03/2026,cust_mk1iwbs,Aarav Rao,560044,30900,paid
order_tim3cbvgkeocby,14/01/2026,cust_jsaxye3,Rahul Sharma,400066,46600,paid
order_n25uw9glyzcowl,19/03/2026,cust_vzciibf,Joseph Nair,400035,235700,paid
order_o2nty0kz11hjz6,01/02/2026,cust_qwqm9nj,Harish Patel,110046,79400,paid
order_dlud4fyn369n2w,17/03/2026,cust_f8pjrlq,Karthik Kulkarni,700006,125500,paid
order_9w1gn0gps916l6,07/03/2026,cust_kjen72g,Harish Kulkarni,560079,886200,paid
order_91m8ie5dndtzpk,28/01/2026,cust_ccutxba,Harish Joshi,380060,62200,paid
order_iz6zcpedv4npet,15/02/2026,cust_pt0c23o,Imran Mehta,600084,74200,paid
order_onacrtdb1ftor3,11/02/2026,cust_l4gvnle,Divya Khan,600062,97500,paid
order_8w09rync0lzrar,06/02/2026,cust_khe0p3p,Fatima Gupta,411023,84400,paid
order_vwbl9hih3wleb4,12/02/2026,cust_c6jgkax,Ritu Iyer,400096,274900,paid
order_xkkc9h7lhghb7k,13/01/2026,cust_cmlhvjl,Siddharth Khan,682016,56100,paid
order_k8okj0sn7zwdf5,02/01/2026,cust_u694mwt,Fatima Reddy,400091,140100,paid
order_fepw38bkbgwnu9,13/03/2026,cust_b33eud9,Arjun Joshi,500060,84300,paid
order_yrp2sj5o562veh,23/03/2026,cust_4d78ggy,Sandeep Fernandes,110083,53400,paid
order_w2vimfvf3jlgui,20/02/2026,cust_wq0pajf,Joseph Bose,411051,123400,paid
order_mxk0snq8qfwfae,17/03/2026,cust_o63aptk,Aarav Desai,110008,73800,paid
order_f2h5s5bzh0yvpl,10/03/2026,cust_1c62cml,Manish Sharma,600029,74600,paid
order_varu54qpaownxr,25/03/2026,cust_bp343s6,Harish Pillai,110078,38900,paid
order_fzst6uedqo1dmo,27/02/2026,cust_g417l3e,Joseph Menon,500049,53400,paid
order_b65vxr0qoqy7th,25/02/2026,cust_yj2lqa5,Sandeep Nair,400095,35400,paid
order_b673t2vuqqmf5j,31/01/2026,cust_wb36x9q,Harish Fernandes,500090,46900,paid
order_1ovs45lblc13h9,30/03/2026,cust_neq8txx,Kavya Mehta,682019,96200,paid
order_8x5ht6kdrhlq3q,16/02/2026,cust_ez6bl98,Joseph Gupta,400083,127600,paid
order_mx4bqgddd7ygo9,05/03/2026,cust_siql1hz,Tanvi Pillai,400075,82000,paid
order_3jbdblyfkmo83r,21/02/2026,cust_8k6u5qw,Divya Iyer,411054,60200,paid
order_jnk8vsmdujjyse,20/02/2026,cust_r47v8q8,Rohan Joshi,560067,155500,paid
order_yh925m4pt5opuo,08/03/2026,cust_6ry44ew,Kavya Chatterjee,411036,124300,paid
order_0oau91psqo0uns,05/03/2026,cust_mh9kqm0,Lakshmi Khan,110002,206000,paid
order_89augdzr6xy4km,07/03/2026,cust_18ebd2d,Kavya Khan,400075,56900,paid
order_56op0l9er8skvc,29/03/2026,cust_zlyx40s,Sandeep Iyer,500006,113700,paid
order_9fvanjj21wajo0,16/03/2026,cust_av5sfgj,Joseph Reddy,400053,55400,paid
order_0vv6ix85iqjiw4,11/03/2026,cust_4uzr7kp,Joseph Menon,700115,48400,paid
order_lavx826906y5dh,20/02/2026,cust_6xkn4z4,Lakshmi Desai,700032,151200,paid
order_ze5hlhzm42m6er,25/01/2026,cust_kj0kd5g,Ritu Rao,110086,72200,paid
order_rt69zg9j2pbxo8,01/01/2026,cust_4964wt4,Rahul Rao,110038,238600,paid
order_im9mrp6cu8l24u,30/01/2026,cust_5emle43,Anjali Kulkarni,411010,79100,paid
order_g21mtzd2qim8vx,29/03/2026,cust_82iug46,Joseph Desai,110015,58600,paid
order_5h2jrvchi5oeev,16/01/2026,cust_xhtwlca,Siddharth Gupta,500050,37900,paid
order_18huot4mvk1i6y,29/01/2026,cust_4tyfog3,Sandeep Nair,400057,50300,paid
order_fy4ei42ejzcvjp,17/01/2026,cust_r95du9k,Anjali Gupta,500049,75100,paid
order_l983oboaeetstn,03/02/2026,cust_askw5dt,Harish Gupta,110080,413200,paid
order_gv7fa9j6q70ivk,29/01/2026,cust_zm6d9po,Meera Nair,400101,132200,paid
order_ooic66sxbiwg0f,14/02/2026,cust_cusbgsm,Joseph Pillai,400078,249400,paid
order_x9ctbbjrdk5g35,01/01/2026,cust_gjc7pt5,Sneha Fernandes,400076,136900,paid
order_r3e6sld5h3pt8n,29/03/2026,cust_ts4f418,Ananya Khan,411024,226300,paid
order_jqgjq1w59t9jwm,07/01/2026,cust_5ec9kh4,Pooja Joshi,560005,311300,paid
order_1nutl7jrhrkkuw,08/03/2026,cust_xq9p3ds,Manish Fernandes,600040,84900,paid
order_u138wr6p06qelb,19/02/2026,cust_gfnz4j9,Sneha Chatterjee,500044,138500,paid
order_7s2zzjdc0jmovv,28/03/2026,cust_l8cq41e,Harish Bose,400025,75900,paid
order_j2thq52h90px13,09/03/2026,cust_46i9ihh,Sneha Patel,500054,179600,paid
order_uprbhvkiyeu1y7,27/01/2026,cust_4ajz6n5,Imran Rao,411039,124900,paid
order_s5g8ahtsq0mph2,31/03/2026,cust_5tsxhv9,Nandini Khan,400081,120200,paid
order_z540duhjomerjt,02/02/2026,cust_z7979tf,Joseph Khan,500067,80600,paid
order_8tr0ow5v169pfa,07/02/2026,cust_8qfdyej,Priya Menon,560003,194200,paid
order_98mkyiahl5w61u,30/01/2026,cust_ubjhqo4,Sandeep Sharma,500070,52000,paid
order_ax806qwkjlx34f,15/02/2026,cust_1eq3dav,Priya Nair,110040,45800,paid
order_4py42dchlqf1of,30/03/2026,cust_tzr2rxk,Sandeep Sharma,411012,94600,paid
order_6n2j7eh772vqfy,30/01/2026,cust_wxt0dco,Divya Pillai,500035,67000,paid
order_laxafymbjv3dlt,15/03/2026,cust_ygifxqt,Priya Mehta,400102,78400,paid
order_qebqswlhfpp0wf,01/01/2026,cust_fgzu288,Anjali Pillai,600023,140800,paid
order_roajol5hviisc9,11/03/2026,cust_qe5japa,Arjun Chatterjee,600115,341500,paid
order_07mgahjyt4hzf1,18/02/2026,cust_aep8hr5,Aarav Desai,500094,53900,paid
order_d2iue7iappghr6,18/02/2026,cust_whytpbt,Ritu Patel,302026,120200,paid
order_jhiqyckg21csj0,19/03/2026,cust_0d8l927,Kavya Pillai,500090,39000,paid
order_v1em98yj9o3m0k,04/03/2026,cust_h9yd0ys,Siddharth Desai,600061,307500,paid
order_0zn5xxlktzvbk7,18/03/2026,cust_cyb45pr,Manish Menon,400096,580300,paid
order_sd4fgbq6f42d4y,08/01/2026,cust_5fs82cs,Priya Patel,411012,44800,paid
order_ze7x0h2v5vn0wh,15/03/2026,cust_jm9ey9z,Joseph Desai,700155,74500,paid
order_z7f47v02xdr471,21/02/2026,cust_l5466bw,Lakshmi Mehta,700039,34800,paid
order_8aay10i1uak4gk,30/01/2026,cust_1es2s78,Fatima Fernandes,500048,124700,paid
order_rcz9isikfnfron,09/02/2026,cust_lq6odpd,Anjali Desai,560051,85500,paid
order_yh8pjtk7779svk,30/01/2026,cust_0in2tp2,Karthik Mehta,400062,192200,paid
order_e60xglex951cul,26/01/2026,cust_9nohmne,Aarav Menon,110064,175900,paid
order_kf1d3xac3dj3g2,13/01/2026,cust_5qel9h4,Ritu Chatterjee,110005,138300,paid
order_cy4jwjab9dq270,30/03/2026,cust_yln0sia,Vikram Mehta,411004,335000,paid
order_zqgza84tgkw4ey,27/01/2026,cust_evngy1e,Rohan Khan,500008,106800,paid
order_dsuzgqahsu3psd,13/03/2026,cust_wpkmxjv,Vikram Fernandes,411032,631600,paid
order_p3rftm8l1nfed1,25/03/2026,cust_m5bq5c3,Rohan Iyer,700054,848000,paid
order_zx5wr426vv3vdy,05/02/2026,cust_y4mjooo,Joseph Iyer,500008,57400,paid
order_u5cg1o83lw7dkt,28/03/2026,cust_jmrngdk,Aarav Fernandes,400034,29900,paid
order_0j6ni8n63uikr9,16/01/2026,cust_mb2mgtz,Rohan Mehta,110065,195000,paid
order_u8y4i4tsxorwxq,27/03/2026,cust_59846kn,Vikram Khan,600106,345100,paid
order_jvmbk6rc2hcp46,29/03/2026,cust_aux3rf6,Siddharth Chatterjee,110093,558500,paid
order_qormg40hi89rz6,29/03/2026,cust_87bzgc3,Siddharth Sharma,500015,109000,paid
order_fpgpxz10qtw0zk,24/02/2026,cust_sge152h,Rohan Nair,400035,296500,paid
order_27b8favscb2ki9,19/03/2026,cust_slpqh9q,Rahul Rao,400061,46600,paid
order_yy0un5aafh3i31,29/01/2026,cust_pfi4w2r,Lakshmi Desai,600119,113200,paid
order_im1vo9kya44gqa,29/03/2026,cust_g9vg950,Manish Desai,560069,46300,paid
order_xc4vr5kfaflh4i,18/03/2026,cust_tg7db0s,Manish Patel,400044,143200,paid
order_kiw9lcixlp7zty,01/02/2026,cust_rvaca13,Pooja Chatterjee,110022,65800,paid
order_648v0w00uzyl75,02/01/2026,cust_9wblawg,Karthik Reddy,560096,55400,paid
order_nd3zzob0ix59im,01/02/2026,cust_a42bf2d,Arjun Mehta,500063,637700,paid
order_qujo04eb4ymrey,30/03/2026,cust_2jdfq0v,Fatima Reddy,400015,38200,paid
order_pv4xkfwc36g44v,19/02/2026,cust_ifhsehh,Aarav Chatterjee,560004,49700,paid
order_oz2vca95hjixtu,13/03/2026,cust_ikbxf5m,Rohan Joshi,560082,117100,paid
order_yuonyys9udvus4,21/03/2026,cust_spag4n2,Kavya Chatterjee,411030,74000,paid
order_ut5pcdtaxv2t75,30/01/2026,cust_mvf5xxz,Sneha Joshi,700009,271500,paid
order_g4ko87nyim958g,24/01/2026,cust_uki1alw,Meera Iyer,500092,69100,paid
order_01io7t0jxfxd8a,27/02/2026,cust_l9xuunx,Vikram Mehta,700065,74800,paid
order_4r32638o7vl727,10/01/2026,cust_5l4dqcn,Divya Chatterjee,110071,148200,paid
order_oxq93mqm5lusm9,30/03/2026,cust_t1jkhwa,Anjali Khan,600057,52400,paid
order_d1e7409pbky07f,15/02/2026,cust_xsqtpqa,Anjali Chatterjee,500093,114900,paid
order_4b7m20bk0jr46v,08/01/2026,cust_6cz3gm4,Nandini Joshi,110066,300900,paid
order_om8gea6bjz2at0,12/01/2026,cust_k0juf8b,Sandeep Desai,560084,133600,paid
order_9a8jeanewfu2ni,30/01/2026,cust_5nmksd8,Vikram Iyer,302023,206000,paid
order_48p2ssnzvhtjhg,22/01/2026,cust_mpulo15,Harish Chatterjee,500052,187300,paid
order_6qphi19mc39pku,29/03/2026,cust_xyznixk,Pooja Reddy,411009,68300,paid
order_h1wxqqyk6w5s6k,11/03/2026,cust_2t4vcpl,Joseph Bose,411006,83900,paid
order_kadfri99zdf9yr,05/03/2026,cust_y24naw0,Vikram Fernandes,560044,59400,paid
order_rzt2l0rd3teis4,31/03/2026,cust_yrfypr7,Rohan Fernandes,560024,215500,paid
order_6wgbzrpetfl3tf,15/03/2026,cust_uxwnyu5,Manish Patel,500033,70000,paid
order_dp8qky2urbzl4f,30/01/2026,cust_j2km0d4,Fatima Sharma,400003,146800,paid
order_akqk8zkj9pwog8,12/02/2026,cust_37l766s,Manish Khan,700044,66400,paid
order_juodedlyhopah6,18/01/2026,cust_el741xo,Karthik Fernandes,411014,68000,paid
order_tl622wlkfevbvk,27/02/2026,cust_h2bjcvv,Rahul Pillai,500055,83200,paid
order_czecnvltrkm0x6,30/01/2026,cust_mctgm4y,Lakshmi Iyer,560008,180600,paid
order_fjg7geki98poqc,31/03/2026,cust_qvqt85f,Sneha Joshi,400024,43700,paid
order_leriqo0ski6ot3,14/01/2026,cust_kyt9l7x,Siddharth Gupta,411052,59400,paid
order_fxblj7q1ssk1tn,19/01/2026,cust_tvpa8l5,Pooja Rao,560022,80700,paid
order_m5enjqb9wnutzs,05/02/2026,cust_9r1smal,Nandini Mehta,400052,76300,paid
order_mtcjtsah0wj9cu,06/01/2026,cust_gzgj2ym,Manish Patel,500031,73000,paid
order_swyjajx3yd7tvb,07/03/2026,cust_nskb43s,Karthik Menon,110023,532400,paid
order_egzrl25ihuvphj,16/02/2026,cust_f5vrodo,Harish Desai,110001,169200,paid
order_ugeubbuduwb2s4,31/01/2026,cust_12tlg2l,Nandini Sharma,560009,59600,paid
order_l22zvrz9784d4o,31/03/2026,cust_l29s5dy,Imran Patel,400066,184100,paid
order_t9n7qe53sq63w4,16/02/2026,cust_yiykg99,Imran Bose,500061,79100,paid
order_524xutvvve4ayg,30/03/2026,cust_zprigsm,Imran Fernandes,411010,45300,paid
order_c0frdlml7vfvy7,10/02/2026,cust_b5e79oj,Tanvi Reddy,600047,314600,paid
order_pmmtk1r4no0jfp,29/03/2026,cust_75zyzbn,Divya Desai,411034,119900,paid
order_brht1iwgwlaswp,31/01/2026,cust_s2j0472,Vikram Nair,110052,79200,paid
order_hd7x76ii4g49my,06/03/2026,cust_21y72q0,Imran Bose,110032,76900,paid
order_g05xntabtdtiw4,16/01/2026,cust_bez4phe,Imran Gupta,400053,86000,paid
order_b2hrvvupnqw1ef,18/02/2026,cust_9u5e1zy,Ritu Rao,600028,59900,paid
order_th1did1qyi59zw,28/02/2026,cust_ry4hyhb,Manish Nair,600078,70300,paid
order_pydbp851tlpuvx,21/01/2026,cust_n74p8nh,Joseph Mehta,500009,333200,paid
order_orb12z110wsepr,15/01/2026,cust_k0pv0a5,Nandini Iyer,700123,32800,paid
order_s1g9t1za0xpv10,09/03/2026,cust_fhmo3im,Ananya Sharma,400007,50800,paid
order_sywgae7lc9nxi9,08/03/2026,cust_75eu9xz,Siddharth Fernandes,682010,91400,paid
order_fgjdvxe1oiytgy,31/01/2026,cust_ovut1at,Rohan Pillai,600052,178700,paid
order_zfjj76xk4qjw8x,16/03/2026,cust_awn4ole,Arjun Iyer,400082,41700,paid
order_y7qktrflbfr6yw,30/03/2026,cust_eprenrj,Nandini Reddy,302002,35600,paid
order_4wlii5kcb9s2bh,27/02/2026,cust_0wn85tz,Sneha Pillai,700124,39300,paid
order_8093soi79oqtlu,28/02/2026,cust_pn39c80,Meera Gupta,600060,342100,paid
order_98kod371o24d9i,19/01/2026,cust_9ij072a,Rahul Kulkarni,110046,642700,paid
order_2rk22qtcptxd4u,29/03/2026,cust_l58ltmg,Manish Khan,560102,58900,paid
order_lup7jmsaj2ni0p,17/02/2026,cust_ul4p2t9,Sneha Desai,560084,184900,paid
order_yvrgum86lf0l3t,27/03/2026,cust_67wruys,Lakshmi Iyer,560003,59700,paid
order_yd67uwyp8o0ulq,17/02/2026,cust_a4rzowi,Harish Pillai,600024,289000,paid
order_syy0u8lqgue7uc,18/01/2026,cust_iq46b48,Divya Kulkarni,600032,146400,paid
order_ousdu8lfu13ye5,13/01/2026,cust_yycxjre,Harish Chatterjee,682038,36000,paid
order_1qidcb3pxn1zlo,03/03/2026,cust_kghobgm,Vikram Menon,500001,38900,paid
order_vl3hhwdv883ifr,16/01/2026,cust_h6ire9x,Nandini Khan,400012,183700,paid
order_sgfoxc5izm9h3a,19/03/2026,cust_djtrans,Tanvi Pillai,600036,294500,paid
order_e6ey58duehievo,02/01/2026,cust_dec6ese,Aarav Gupta,600112,144400,paid
order_vkwspc7g74ni8u,20/02/2026,cust_dobmpcy,Ritu Sharma,500057,67400,paid
order_io494bm5la1iu5,09/02/2026,cust_ng6rwjp,Imran Mehta,110064,54100,paid
order_80n27x8v3vxtae,02/01/2026,cust_n0tfc10,Sneha Sharma,411019,39000,paid
order_cgeljof8lxrubp,11/03/2026,cust_ad5169c,Sandeep Nair,110078,65300,paid
order_t2i0pcvvg1qzuo,19/03/2026,cust_g6hdm9a,Pooja Reddy,400069,94100,paid
order_ing5rouwgg47v7,08/02/2026,cust_gf86eji,Nandini Gupta,600075,86000,paid
order_qsfm66q1ezcjtp,22/01/2026,cust_4bidkcw,Ananya Kulkarni,110095,31000,paid
order_8e0l6zfizbrb2c,20/02/2026,cust_709qq1y,Sneha Menon,302029,141000,paid
order_thtuwm19xyqqbm,25/02/2026,cust_wet6pv2,Rohan Mehta,400049,58700,paid
order_b7xmi8cbnaoig7,13/01/2026,cust_gl0vqsf,Fatima Gupta,700093,662500,paid
order_legqe4vzilknba,16/01/2026,cust_v8jdm87,Arjun Sharma,600087,67900,paid
order_ki6w932dtggduy,28/03/2026,cust_59gftfv,Joseph Patel,560001,142000,paid
order_aw045bihu4bxkp,05/03/2026,cust_0xdevy8,Joseph Khan,560031,126600,paid
order_qouh4nosheebt5,13/02/2026,cust_fy6q4ck,Kavya Bose,400062,186900,paid
order_uue6pl1p8z9lrk,02/02/2026,cust_o0f78ix,Imran Kulkarni,400047,838800,paid
order_1ctemw209hh0b0,27/02/2026,cust_pdvcaek,Tanvi Rao,110027,51300,paid
order_rb0tpmoh9kzrok,18/03/2026,cust_9f8262y,Imran Nair,600050,31200,paid
order_pmcxmif63dzw13,05/03/2026,cust_f2l1qo2,Vikram Bose,411028,47600,paid
order_cwer871bueixm9,17/01/2026,cust_5dh1o8o,Imran Chatterjee,380029,43300,paid
order_u1zrgp45iqrxcu,29/01/2026,cust_75it691,Karthik Fernandes,700090,64600,paid
order_ghmik6v90gbswe,23/03/2026,cust_tnbyf73,Harish Desai,560054,266700,paid
order_g3rzh2dskl8lz6,15/02/2026,cust_6mpo8z9,Anjali Patel,400093,43500,paid
order_b4d4glj42gf7ii,03/03/2026,cust_ylitu41,Manish Sharma,400089,565800,paid
order_gsmdqt9p1kr1uh,15/02/2026,cust_xgdeo2d,Sandeep Nair,560086,83500,paid
order_0rmkebjzn08qht,16/02/2026,cust_nsrh3bv,Ritu Fernandes,110038,34500,paid
order_zx9fotupwwolji,20/03/2026,cust_toz6s0q,Tanvi Iyer,110052,274200,paid
order_rjh5z96t0vjxfj,27/02/2026,cust_vin7pbk,Lakshmi Bose,700109,37900,paid
order_2vjqt8aghy5jk6,19/03/2026,cust_pqqwmz5,Meera Reddy,400064,241800,paid
order_lj6c0zvtirnae5,10/02/2026,cust_itz49qg,Siddharth Patel,400028,175800,paid
order_7brrt2l6t1unh9,29/03/2026,cust_vflnyj9,Sandeep Desai,500027,72400,paid
order_7fs8hkpxfzefj7,02/01/2026,cust_uzsdh2g,Rohan Kulkarni,380058,37000,paid
order_ma6vo4bmg9j3wt,31/01/2026,cust_mdef29m,Ananya Sharma,110041,35100,paid
order_dswumzcb6184wz,14/02/2026,cust_o2niwem,Ananya Kulkarni,411053,53500,paid
order_c90glh3jn7a7yd,16/03/2026,cust_62by57g,Harish Joshi,411004,49500,paid
order_apg00yv2oungn3,02/02/2026,cust_rsg3kp7,Imran Rao,600061,55200,paid
order_nyz5kk0clv56be,19/01/2026,cust_zcwg0m7,Meera Joshi,500090,54600,paid
order_m5g5mfl03i6vo0,16/02/2026,cust_gno8tuh,Manish Iyer,560035,96500,paid
order_m9ie82557gw6h5,14/02/2026,cust_q76x8mo,Priya Khan,110074,48900,paid
order_gmipbqywg55d96,03/01/2026,cust_lsft2hg,Manish Mehta,400093,164500,paid
order_gl2v8kzjgaqddz,07/02/2026,cust_1wtz86g,Priya Chatterjee,110023,235200,paid
order_5k7hnedkypn0ip,12/03/2026,cust_wi6xy91,Kavya Fernandes,380042,55000,paid
order_5ksz32y93qw5wl,31/03/2026,cust_w5xp4we,Rahul Desai,600044,57700,paid
order_kgnunxtn1lifci,12/01/2026,cust_cd9qqcr,Rohan Patel,500070,50400,paid
order_9msxd0qiryqgul,17/02/2026,cust_q9pvuxg,Karthik Chatterjee,700004,611400,paid
order_wwyf7pwupmn7hr,28/03/2026,cust_3dvcbya,Kavya Sharma,110028,64700,paid
order_f8mug9hfsy1czm,14/02/2026,cust_qvsqtuo,Arjun Chatterjee,400082,106500,paid
order_nzd6n8t8v7qu7w,12/02/2026,cust_gmqow7c,Priya Menon,400073,147600,paid
order_dnnf0omkbk7zi1,09/01/2026,cust_g115oer,Rahul Nair,380039,49000,paid
order_sbcmqhnuorq9gd,30/03/2026,cust_08ai4wh,Ritu Pillai,500095,133700,paid
order_c04p3qau9t8f9j,10/02/2026,cust_tnexiz1,Rahul Iyer,560027,31400,paid
order_97m2q29o0yewds,15/01/2026,cust_w8vf05u,Priya Bose,110096,51600,paid
order_z1uzae3icjjki6,12/02/2026,cust_juydr20,Imran Menon,500089,144000,paid
order_wwlcq90qqe8kt6,30/03/2026,cust_7dva33b,Pooja Chatterjee,400070,432400,paid
order_oskqq1qm05c382,27/02/2026,cust_b8kd31o,Ananya Reddy,400037,645600,paid
order_x2jn23dty5d374,13/01/2026,cust_0xf5d2a,Fatima Khan,560077,357900,paid
order_fz5prikxazo0s7,22/03/2026,cust_icr6c6d,Lakshmi Kulkarni,110023,741500,paid
order_9q4opmu5terx0j,08/02/2026,cust_lq7jhc5,Meera Desai,682013,737000,paid
order_5mmvnkj4cnq2pu,30/01/2026,cust_s58dlm7,Joseph Pillai,110093,830600,paid
order_uyx13n288m8ntj,14/01/2026,cust_5p71pra,Meera Rao,302002,339700,paid
order_3n9pi3o3hr6bbz,05/01/2026,cust_nl0852y,Siddharth Sharma,500071,126900,paid
order_9ob5kcd93q75u1,29/03/2026,cust_zkzz01d,Rahul Chatterjee,400088,82900,paid
order_eboy9g0hr1kiie,30/01/2026,cust_2ow0vo1,Karthik Desai,560031,619300,paid
order_ww479zy9pcutq1,02/02/2026,cust_4m4g5bd,Nandini Reddy,500013,296100,paid
order_ksqr5vrgh99ivx,21/02/2026,cust_3jifj9u,Lakshmi Gupta,560033,54300,paid
order_mt22wd58lmob68,21/02/2026,cust_kfj4ias,Karthik Desai,400024,49000,paid
order_mxt05ukbjo7q53,25/03/2026,cust_yrgsskr,Ananya Desai,400024,317100,paid
order_oucishmn0ntx7n,18/03/2026,cust_vxjugar,Arjun Bose,600054,655600,paid
order_1qcv0r1s7c5tlc,05/01/2026,cust_y3r1vp4,Tanvi Menon,500038,34200,paid
order_xrmjsgie11xhlt,02/01/2026,cust_m01gmrs,Rohan Fernandes,400098,73500,paid
order_axf3657ob1x1qy,10/02/2026,cust_yk2h1v6,Ananya Desai,560010,44100,paid
order_km881nf13tiojg,15/02/2026,cust_rogz415,Tanvi Patel,560067,63900,paid
order_fy64mw23fbf0fh,26/02/2026,cust_bl5wt0x,Meera Chatterjee,302002,39300,paid
order_u1flurc5wnxflm,21/01/2026,cust_jju5k69,Rohan Nair,500005,33300,paid
order_4kyjiz3clo3fjn,16/03/2026,cust_38zouxk,Manish Desai,302024,129900,paid
order_zube5o9678hjzb,21/01/2026,cust_j612ys6,Nandini Gupta,500010,54100,paid
order_u0y4af5v1daytc,25/01/2026,cust_2w1ihdh,Ritu Reddy,400046,115300,paid
order_hukwms39ksbofq,17/02/2026,cust_a9vwg0r,Sandeep Desai,110009,119800,paid
order_qj4zy8tu0pjwx1,29/03/2026,cust_i9s1hrm,Joseph Nair,682012,662000,paid
order_7olutqcsnre9xa,21/01/2026,cust_ujmjcau,Sneha Sharma,411011,73300,paid
order_su5xq2b1i9alnj,07/01/2026,cust_2medhr1,Meera Kulkarni,400058,57900,paid
order_ck04flg8b1z2gf,17/01/2026,cust_06tru6d,Rohan Nair,400028,76700,paid
order_84l6dgc41gyors,14/02/2026,cust_5puadqd,Ananya Patel,600048,571500,paid
order_pdwjjsd61rpaii,20/02/2026,cust_3u4wwxx,Karthik Nair,560068,134900,paid
order_gheks3mzfnph6s,12/03/2026,cust_oywgptm,Anjali Nair,110013,118400,paid
order_3x533m8mb4ugjj,23/01/2026,cust_aioen8q,Joseph Nair,560064,330400,paid
order_omnom3l3tjt550,12/01/2026,cust_fpbx6gh,Priya Rao,110093,269900,paid
order_1tlwbde9ltxal0,11/02/2026,cust_udkyn0i,Imran Khan,560101,46200,paid
order_8xvr1ksdpyh48p,02/03/2026,cust_27abi4p,Pooja Mehta,411055,47500,paid
order_o1c61ryd061mts,29/01/2026,cust_44i5d4j,Pooja Chatterjee,560022,38600,paid
order_k0flu1d17kxk9n,15/03/2026,cust_x7x49gu,Tanvi Patel,110027,75900,paid
order_3hp799m65bzow0,18/02/2026,cust_wvrzixs,Rohan Pillai,600075,135300,paid
order_5pe0ksk5ptshbh,17/03/2026,cust_u1uadwc,Sandeep Fernandes,400081,298000,paid
order_gzqk5pqchlwwjr,18/03/2026,cust_b98yr07,Siddharth Chatterjee,500038,173000,paid
order_r5uw8zge4se3q5,01/01/2026,cust_5chtn8p,Karthik Fernandes,302031,77000,paid
order_re8q9hf0vmroku,10/01/2026,cust_g5zistl,Divya Chatterjee,411046,399700,paid
order_w59rfx4spahewp,03/02/2026,cust_95jaqlu,Siddharth Nair,110052,38000,paid
order_v3xmievrlp1vt1,19/01/2026,cust_488mn7r,Sandeep Kulkarni,560005,34400,paid
order_b7lz8dh7ttyj5s,30/01/2026,cust_4bc2dfe,Ananya Rao,560029,54100,paid
order_dtx5ews3837k38,10/03/2026,cust_dspu894,Fatima Chatterjee,560085,150200,paid
order_9fe4qlf3yrodpt,03/03/2026,cust_5yph6km,Manish Mehta,400102,55700,paid
order_1a0x2wxqjxl3r7,28/02/2026,cust_f671rgo,Harish Sharma,110083,329100,paid
order_e9aob5rk2abvuq,02/02/2026,cust_lfq1m8w,Nandini Rao,500019,31800,paid
order_2059mhx64oimc7,04/01/2026,cust_py2kl2q,Manish Patel,560103,78100,paid
order_gvc6bt8oy7ybq6,24/03/2026,cust_dd63pci,Imran Sharma,560044,277100,paid
order_rn1a9uvy0ac4sp,18/02/2026,cust_ktgjoea,Aarav Reddy,560091,69800,paid
order_kx2g4ibpyw6vgf,30/01/2026,cust_vqvsvox,Priya Chatterjee,600017,77800,paid
order_u676w9f3qyff8l,31/01/2026,cust_hjs2wlq,Tanvi Patel,110081,110900,paid
order_pi39llrwarpunx,15/02/2026,cust_lc0lbz6,Fatima Iyer,500033,67200,paid
order_364vlssvefox6t,02/01/2026,cust_gd4991j,Lakshmi Joshi,411006,125500,paid
order_qyfwo0413qva6y,08/01/2026,cust_l2ufhfi,Anjali Reddy,600012,36900,paid
order_s8mephxbdvhxag,02/03/2026,cust_888mar8,Ananya Desai,110077,50100,paid
order_zk3bxwu9apcu03,17/03/2026,cust_pigte36,Anjali Patel,400088,147800,paid
order_7k6x2l2iq18jvc,15/03/2026,cust_gyy7hc1,Lakshmi Fernandes,500040,95500,paid
order_78ebwd1ggn3f1b,18/03/2026,cust_qllknt4,Ananya Kulkarni,110066,68200,paid
order_tjpuo43fpalvfg,05/03/2026,cust_d17gzjl,Nandini Desai,380008,144800,paid
order_rbkwc1xf8g4ev9,06/03/2026,cust_paix96h,Priya Desai,600117,35400,paid
order_4dseqz9ga7y2oh,04/03/2026,cust_2nn0wgk,Sneha Bose,500004,77700,paid
order_oe3xlvd9r9n4qr,12/03/2026,cust_w0ezosk,Imran Reddy,600006,73400,paid
order_kkbs8ck3h6mz4e,11/02/2026,cust_agq8orq,Pooja Mehta,411021,78000,paid
order_b2xeool1j4ndsu,05/02/2026,cust_tnzr6fv,Sandeep Rao,560011,70500,paid
order_05v2irapguxk6m,27/01/2026,cust_luxjybo,Imran Khan,110027,340100,paid
order_typ4fou4uzphz9,26/01/2026,cust_zmnzsl4,Anjali Fernandes,400014,75700,paid
order_1f7et1xn2o7g84,16/01/2026,cust_aujo6tp,Karthik Kulkarni,560030,73900,paid
order_6rigugb9gmq3aa,01/03/2026,cust_jtwxqwu,Divya Chatterjee,400002,50900,paid
order_oxh85zx3gflny8,31/03/2026,cust_r1tx88g,Rahul Joshi,400051,118900,paid
order_icnne5vnks7shk,23/02/2026,cust_7di70h2,Vikram Gupta,380026,248200,paid
order_1ja6c0atv5f7n4,29/01/2026,cust_2b8xg19,Tanvi Mehta,600050,149800,paid
order_lx3ippa86wadtb,15/02/2026,cust_3un5cw8,Nandini Mehta,560084,49000,paid
order_9g9ls7gtfhwzd2,01/02/2026,cust_u8lmea6,Pooja Menon,110005,104200,paid
order_pizxcqjoa8n0cb,08/03/2026,cust_lnzrhf1,Sandeep Sharma,560036,59600,paid
order_vqumh4u8a7fq7u,04/02/2026,cust_k6t02kj,Rahul Patel,500088,42100,paid
order_a2v2uivlhwc1jq,31/01/2026,cust_4cy6wmv,Sandeep Patel,682030,46000,paid
order_zbd4wp8z9wxc2t,31/01/2026,cust_l61nouv,Priya Khan,560057,122200,paid
order_316j81f58tug1l,17/02/2026,cust_rdtsqih,Pooja Bose,400069,36600,paid
order_vo4djrdktpw4jm,23/01/2026,cust_95ij9lf,Ritu Joshi,560030,33500,paid
order_4qzy8xm78s0jpn,16/03/2026,cust_l35liyk,Sneha Sharma,110090,133100,paid
order_21dj7kfoswdu88,11/03/2026,cust_xhvr2k2,Ritu Nair,500008,791100,paid
order_67nhm5sunhwrx1,19/01/2026,cust_25v90sf,Harish Menon,500047,47900,paid
order_0rskat8h9vypv1,04/01/2026,cust_a6eihuo,Rahul Rao,700028,60200,paid
order_e9el4zmnjktiqc,09/02/2026,cust_4ptfa14,Sneha Menon,110043,646900,paid
order_za6zpy805nrkfu,31/03/2026,cust_os28bsd,Imran Rao,500085,61100,paid
order_c68k8wbjwdz1hq,26/01/2026,cust_8z3hgx0,Pooja Pillai,500014,125400,paid
order_pkp9jyhgoqlx2l,12/03/2026,cust_g5kr0x3,Aarav Gupta,110061,41200,paid
order_bp5945wiqjw3zz,14/01/2026,cust_ff7jm9p,Nandini Khan,600075,62300,paid
order_2sb4m1xrqyfgbm,24/03/2026,cust_1qhkzvq,Rahul Kulkarni,700066,71000,paid
order_913hulwsobsyip,27/02/2026,cust_tuleypj,Imran Rao,500019,120900,paid
order_dopc59iblqsgfm,28/03/2026,cust_9wjp1kw,Meera Mehta,380035,94700,paid
order_altnn250j1f8vx,25/01/2026,cust_mf1v4ez,Joseph Bose,500048,91700,paid
order_cqqc16dvz1ooa2,25/02/2026,cust_2busu7t,Anjali Sharma,700074,44100,paid
order_5t364a6eicoi1s,23/02/2026,cust_vvy5m7p,Nandini Pillai,560065,275600,paid
order_q3jso15c52gy3c,09/02/2026,cust_k05i2jl,Joseph Reddy,500092,64900,paid
order_q79hmmepe71uno,06/02/2026,cust_6xciup3,Ananya Bose,110014,69800,paid
order_phxvxxfz9hz3lk,22/02/2026,cust_9s7me2d,Rahul Joshi,600093,36100,paid
order_flig4jlxtqmx1a,30/03/2026,cust_rc3r2ba,Fatima Reddy,600118,103800,paid
order_xdlmer9b6ohui8,05/02/2026,cust_wdz01i5,Rohan Desai,411017,139700,paid
order_cojphjxug0eh7n,15/02/2026,cust_nkz3e09,Imran Rao,380037,101100,paid
order_ts7305pmcjf8i7,05/03/2026,cust_osw4ds8,Sandeep Iyer,400079,81600,paid
order_9te5q3fco6b1u2,11/02/2026,cust_y436jmp,Pooja Gupta,600018,324900,paid
order_jl3193mqplmkzl,27/01/2026,cust_6q4phiy,Aarav Gupta,500035,854800,paid
order_7i3y7ke7um1z4n,19/03/2026,cust_2twr56l,Lakshmi Iyer,110048,135200,paid
order_rvn2pi7cpbdtme,30/01/2026,cust_ppybmbv,Sandeep Reddy,560007,475000,paid
order_2ajw3va3bpuq80,13/02/2026,cust_nrvwhcl,Aarav Pillai,500022,32300,paid
order_pndqkrnf1457y7,30/01/2026,cust_bx9kez3,Manish Desai,110031,66200,paid
order_mt37bwjx20i8t4,28/03/2026,cust_0g7ligs,Ananya Chatterjee,700120,117500,paid
order_m60ocpqxbj2f4p,05/01/2026,cust_g4dc2lj,Ritu Patel,380008,143800,paid
order_dup8psfnzfdvkt,22/02/2026,cust_dqv4u6o,Aarav Patel,560031,70300,paid
order_tr8petf302e3lw,15/02/2026,cust_ep1qv0e,Anjali Mehta,411024,54200,paid
order_u4i1z2ddivk0t3,12/02/2026,cust_wjqqhp4,Sandeep Desai,400068,212900,paid
order_p2gs7b9ehtnf0d,11/01/2026,cust_ti2whd0,Tanvi Fernandes,110074,232000,paid
order_04d466eqxqyhw3,16/01/2026,cust_i7752qi,Anjali Menon,600103,709700,paid
order_pkjdu8djrvxj0j,07/01/2026,cust_bsu2bcw,Meera Rao,700139,285600,paid
order_zh6omnuejnhbd0,14/03/2026,cust_b9opppy,Rahul Khan,411002,68300,paid
order_ak6ayzg8tl8gv6,07/01/2026,cust_8urhsvr,Ananya Kulkarni,400013,137600,paid
order_hqmhaerenmvau2,27/03/2026,cust_isthab2,Fatima Iyer,500031,78000,paid
order_ht66ly98httzcr,28/02/2026,cust_6ctlns7,Lakshmi Bose,560080,66500,paid
order_cfgmzov3jrb9p7,20/03/2026,cust_dpcoqq1,Tanvi Reddy,700074,79100,paid
order_3ua0ctj6i40n8c,15/03/2026,cust_pl8j0gw,Pooja Fernandes,411042,129100,paid
order_sqn3mr2lkq360w,28/03/2026,cust_08ysr1c,Meera Iyer,110079,147800,paid
order_7ryglba77eeen3,27/02/2026,cust_nktlag4,Meera Pillai,400058,133400,paid
order_55a976l9kymwdf,17/02/2026,cust_fuvvs7q,Siddharth Rao,110056,39700,paid
order_h5s6rn6j02ihym,12/02/2026,cust_6rl3xvy,Harish Pillai,411010,185600,paid
order_5iih9wtcgz6b0d,22/01/2026,cust_0kf8x1i,Ritu Gupta,400062,216200,paid
order_y8xorrgjugowwf,24/02/2026,cust_2sw2x3e,Karthik Desai,400009,33700,paid
order_g6eaznizbr3d35,26/02/2026,cust_2d50oyb,Divya Pillai,500077,57600,paid
order_vij69n8fpliskx,07/01/2026,cust_3q7obko,Manish Joshi,500042,62400,paid
order_sd6q5vuzs4gn6v,06/02/2026,cust_hqqvv7p,Pooja Nair,302011,47300,paid
order_aoxn3bfmt8emy0,01/01/2026,cust_cbp1wwh,Sandeep Gupta,560056,143800,paid
order_usosg3j5y36vok,16/03/2026,cust_y68ta4y,Ritu Nair,400088,712200,paid
order_kyx568sba9c2b4,12/03/2026,cust_r1drtko,Aarav Joshi,500060,272700,paid
order_6cfgaydion0pvm,01/01/2026,cust_hxppg1m,Ritu Kulkarni,400059,43500,paid
order_jrxw5xc97o7dem,26/02/2026,cust_3mf7vm1,Tanvi Nair,500038,88300,paid
order_9hrp64hrlgdxem,26/02/2026,cust_wp2vzga,Siddharth Rao,682003,33500,paid
order_3sixi5in0o4quc,14/03/2026,cust_c5jf1gv,Ritu Chatterjee,110049,889700,paid
order_jymxjp5l9f6sy9,07/02/2026,cust_ejqq4xc,Karthik Desai,400101,67100,paid
order_rfuv0xxi3tx2pb,22/03/2026,cust_mostm8z,Manish Reddy,560069,87800,paid
order_apyx32vx3k5isi,14/01/2026,cust_xtl9mci,Sandeep Desai,560040,55300,paid
order_tod66tk9qog0w2,14/03/2026,cust_ulpw4mi,Kavya Reddy,500007,57500,paid
order_0xfivd0w2260mz,06/03/2026,cust_zq3w406,Rohan Rao,400056,108000,paid
order_08zyh81vw94nrs,05/03/2026,cust_9su3xod,Tanvi Iyer,400094,50900,paid
order_xq8pxmq3tw3fvv,24/02/2026,cust_ft2kffu,Vikram Patel,400059,102100,paid
order_qwz4tztpn6fe2u,27/01/2026,cust_xcrnvri,Nandini Fernandes,500020,61500,paid
order_dpqcpfpdrf70fj,05/01/2026,cust_kbyf1nw,Joseph Kulkarni,700102,122500,paid
order_0cyv6ev2j2j6v6,29/03/2026,cust_gi4m4gy,Lakshmi Fernandes,560055,147200,paid
order_37txrej6y0mxpg,15/02/2026,cust_khiyzma,Imran Nair,560055,396300,paid
order_m0zy9jxzzn8736,13/03/2026,cust_2ds9znm,Rohan Joshi,560085,34500,paid
order_uuq35dzwyy4jso,17/01/2026,cust_ehn49ev,Ritu Iyer,110032,125400,paid
order_ws4kj88g46lg3s,05/03/2026,cust_sbmool6,Siddharth Bose,411024,77500,paid
order_81tkh0r7q3etyt,13/02/2026,cust_rf0cfkq,Karthik Gupta,110092,123500,paid
order_q4swwe918gduhy,23/01/2026,cust_s92h1of,Ananya Chatterjee,700007,35100,paid
order_mkqdiu34fbhfye,20/01/2026,cust_4r490w4,Rahul Pillai,400031,544600,paid
order_u3tzg5ierqz98i,12/02/2026,cust_8prtb5m,Priya Chatterjee,560016,42700,paid
order_4njtruufsoucpi,06/03/2026,cust_024y8u4,Ritu Iyer,110092,48300,paid
order_xiyxwqb0txsnxe,24/02/2026,cust_farbxii,Rohan Gupta,411045,257200,paid
order_t4n59w89xl61nw,10/02/2026,cust_yrvqh71,Siddharth Reddy,500048,31400,paid
order_i6mnvu50wp34y2,08/02/2026,cust_f0cmpqq,Tanvi Joshi,600096,573000,paid
order_77fx6l7z0bfvst,09/01/2026,cust_0w1vldj,Ritu Joshi,400017,42400,paid
order_eu58y9f7tqsmyb,28/02/2026,cust_2kivajn,Rahul Pillai,411042,42300,paid
order_y9tzsyded5rbsw,17/02/2026,cust_dqdgpr7,Lakshmi Fernandes,600019,69300,paid
order_koozgsj1hb8dle,29/01/2026,cust_qipuqcx,Harish Patel,110059,97300,paid
order_z1ga6j2u15s5mz,24/03/2026,cust_fuw7wuj,Priya Mehta,560050,34300,paid
order_z0wj3r77lmiyjv,29/01/2026,cust_9w0uy0o,Siddharth Sharma,400001,50400,paid
order_j6m6qkuxw4yuze,03/01/2026,cust_rqwkape,Nandini Bose,600006,53000,paid
order_ezyfpqgl2x6ami,10/03/2026,cust_fgaopsn,Anjali Chatterjee,400045,39800,paid
order_nhovda5ygjvqqc,22/02/2026,cust_s1ho9sk,Divya Sharma,302031,702600,paid
order_wg8fnnbrh52emj,22/02/2026,cust_5kzbyv8,Vikram Bose,400006,111300,paid
order_4pjkvvzwswuu72,15/03/2026,cust_o1lobpk,Ananya Desai,400020,271500,paid
order_izw6j7h2kq5wj3,17/03/2026,cust_xgjriul,Nandini Nair,500005,48600,paid
order_ntbl5jv1o2n361,30/03/2026,cust_gqxy02s,Ananya Joshi,380010,391300,paid
order_thcs0wtzf8kt3j,26/02/2026,cust_nvyhtov,Fatima Menon,600038,292200,paid
order_fyufcf6q590c7x,16/01/2026,cust_cxjlrlf,Fatima Khan,400060,73600,paid
order_0xkc3bugzkloyo,19/02/2026,cust_haugn77,Tanvi Desai,600095,294200,paid
order_lvgbd3icomohx5,17/01/2026,cust_bxtp8mp,Aarav Nair,110094,69300,paid
order_by9hwk353sal65,26/01/2026,cust_o6ksm6e,Karthik Nair,560075,29900,paid
order_9xugen3kuv4lth,23/01/2026,cust_zls4y39,Rahul Fernandes,560049,47700,paid
order_jinx08vg1oxx3q,28/02/2026,cust_a18rql6,Sneha Rao,682001,119700,paid
order_xvho9b5q6urtpt,04/01/2026,cust_36a5lal,Nandini Khan,560005,131600,paid
order_enlapi92ls13es,06/03/2026,cust_vw8m7v4,Fatima Mehta,560093,727400,paid
order_tzm9qn4d5aw06u,16/03/2026,cust_w8kolt0,Imran Joshi,411015,63800,paid
order_vlr2n9gtxnv2oo,11/01/2026,cust_n3vy84f,Anjali Bose,110095,82300,paid
order_oxinqz6jqm3a9w,04/03/2026,cust_9rn8jxw,Tanvi Kulkarni,560051,135100,paid
order_cfkx9t2886zgg4,13/01/2026,cust_to26arg,Karthik Joshi,380006,31300,paid
order_mjfti41dektwih,25/03/2026,cust_lo9yjlk,Siddharth Gupta,380045,219900,paid
order_b6ezcrkzy64nz2,21/03/2026,cust_mfrtcqk,Anjali Joshi,302037,98600,paid
order_goc0im2fr0661e,14/03/2026,cust_un8nv95,Karthik Chatterjee,110074,603000,paid
order_niit42ylbvxmg2,20/01/2026,cust_bin7ite,Sneha Iyer,110096,39000,paid
order_szvewvy2abzsxu,18/01/2026,cust_27yvdtn,Divya Mehta,560021,54000,paid
order_x77yn1fkq9y4l8,12/01/2026,cust_36fihxx,Lakshmi Kulkarni,700047,63900,paid
order_na5y9jckmyuicx,27/02/2026,cust_zk4e0di,Karthik Desai,110001,87100,paid
order_xzxag4j9qvu4v0,23/03/2026,cust_uy53hk4,Harish Rao,500088,213200,paid
order_74by43sshpbu6c,26/02/2026,cust_my5c6xq,Meera Nair,600076,89700,paid
order_ch92vt8vvz5tr6,25/03/2026,cust_719uvvg,Kavya Gupta,500053,201500,paid
order_3r5li469b5s5lz,09/03/2026,cust_eubagtr,Manish Pillai,560072,53900,paid
order_h1xw36w6ooswl4,10/01/2026,cust_k9e4mn8,Imran Iyer,600078,68300,paid
order_cc179kf2fkclcv,24/02/2026,cust_lov2lwr,Manish Reddy,560013,308200,paid
order_fwflsm14dvwmxc,07/03/2026,cust_0j0jgp2,Sandeep Mehta,560059,62300,paid
order_v27bf9gh1unnsk,29/01/2026,cust_njz6v4y,Siddharth Kulkarni,411051,645700,paid
order_ldmfoic9i3pw7n,20/02/2026,cust_6euax28,Kavya Menon,500016,776300,paid
order_eky0801r0rys0q,09/02/2026,cust_qdj2uul,Joseph Bose,500032,51600,paid
order_rk4994sies0y5z,01/02/2026,cust_93dvdya,Ananya Menon,500061,728700,paid
order_xzmqyf0ep7muo5,26/02/2026,cust_t7nw488,Kavya Pillai,400093,32200,paid
order_lrw4hhg38hr6z0,24/02/2026,cust_p34r9ae,Tanvi Fernandes,400004,181700,paid
order_govqbctp71y5io,31/01/2026,cust_3n9dkx1,Manish Chatterjee,500023,58200,paid
order_u0sm5hz6eeewjo,04/02/2026,cust_xbspccw,Joseph Sharma,600053,452000,paid
order_mbgy2pnynws3pj,11/03/2026,cust_7513ikp,Harish Bose,411010,115200,paid
order_25d72qzd077vrs,02/03/2026,cust_30ekeme,Karthik Bose,500069,50300,paid
order_0bxvahm340i4zs,17/03/2026,cust_qd7q9ss,Aarav Reddy,560062,500100,paid
order_dun3qwj0uhrkve,10/01/2026,cust_iefoxtc,Pooja Joshi,302036,70700,paid
order_0ceh8w2jvxqju5,29/03/2026,cust_whzfdkb,Priya Sharma,560024,199100,paid
order_xjb2uuy0h0gpzd,20/03/2026,cust_gbevbi6,Kavya Pillai,560027,49800,paid
order_qjn63nyp1yjte8,07/01/2026,cust_y13xppv,Karthik Rao,110070,76000,paid
order_kzsgowdknhxjh5,29/01/2026,cust_jtikr8a,Harish Desai,400016,192400,paid
order_eg6iag5t0vxpxc,01/03/2026,cust_jesgzs9,Harish Khan,110091,45000,paid
order_r64eafm8883ohc,09/03/2026,cust_752n2jp,Ritu Bose,500022,34700,paid
order_k6uomctbr7gcop,20/01/2026,cust_qnbqnsu,Ritu Khan,600096,78600,paid
order_wujhtp6xzvoory,29/01/2026,cust_ff4zkwg,Joseph Bose,560037,131800,paid
order_s5w7r245vxxcyd,23/01/2026,cust_kkltg9k,Divya Pillai,411039,42500,paid
order_vybtcg3sihvwil,03/02/2026,cust_wsrwb36,Divya Iyer,560072,59600,paid
order_85fqrw0z9isjwq,23/02/2026,cust_5u2qqe0,Siddharth Patel,560042,85500,paid
order_z5j9ic4zm6rwcp,24/03/2026,cust_dvjhhas,Arjun Iyer,600021,52200,paid
order_7driva3ai7bwb6,07/02/2026,cust_xu0x25c,Fatima Menon,380028,95600,paid
order_4c89ujza3une4f,29/03/2026,cust_qnvvakb,Aarav Rao,560061,275200,paid
order_ylcgl0siqwsutx,31/01/2026,cust_9j60g13,Lakshmi Nair,560072,146500,paid
order_vw69hj9g384vd0,06/02/2026,cust_5uno1s2,Priya Joshi,110081,60900,paid
order_v5y0ypinzcs1vc,22/02/2026,cust_j6u86mf,Priya Joshi,682035,39600,paid
order_bfc0ti2d1w483l,13/01/2026,cust_e23ko0a,Harish Nair,700049,530100,paid
order_kd7mldfft0iw0q,17/03/2026,cust_nb94x0t,Harish Menon,302006,620600,paid
order_cv63y3a0sb8j1f,24/01/2026,cust_wdwrl2l,Priya Nair,500021,67100,paid
order_6g2v3r8nxod3zz,28/02/2026,cust_usmt2hs,Joseph Patel,411026,228100,paid
order_eoyz2zhxvqdmuf,13/03/2026,cust_8ayt1sp,Vikram Mehta,682041,348900,paid
order_x37vqim4wvgn35,25/03/2026,cust_g5hkdvm,Aarav Joshi,400086,51500,paid
order_noy6ovzywo03ol,04/01/2026,cust_artoeg0,Aarav Sharma,500043,146900,paid
order_5pmv42i6o318g5,02/02/2026,cust_7q6k8xg,Ritu Bose,700110,42400,paid
order_h8k1pt17npl1me,11/03/2026,cust_sji3bfu,Lakshmi Khan,302035,88200,paid
order_q9zfozzpxzz3xp,23/02/2026,cust_wrx4ikz,Divya Rao,500093,139400,paid
order_6b0kmsj0lhfwg0,23/01/2026,cust_gktt9ym,Fatima Desai,560087,65800,paid
order_yirljxgypqiix8,28/01/2026,cust_10ger6y,Joseph Iyer,700083,262100,paid
order_ddd28vwykftqrh,06/03/2026,cust_z4ev3yu,Manish Kulkarni,600019,54900,paid
order_h0dj5hy80f40ps,13/01/2026,cust_pctzwyx,Joseph Chatterjee,500077,140700,paid
order_1avj8lle4vtnbg,03/01/2026,cust_ywye3ri,Sneha Pillai,560045,121600,paid
order_ijqqtdrkm8g6ed,01/01/2026,cust_qsl2mhv,Ananya Fernandes,400026,78300,paid
order_d811inod286oxm,09/03/2026,cust_4xzdfx1,Meera Kulkarni,400096,58100,paid
order_eg0tq3l66iso56,07/03/2026,cust_zlvczax,Manish Reddy,560047,68100,paid
order_k8btvw7t0d3w9a,17/01/2026,cust_rrxb4so,Ritu Sharma,400003,141200,paid
order_ull8me9l9rxw03,17/02/2026,cust_jl3jctj,Vikram Khan,560012,61700,paid
order_kgybgwcqy5r14o,26/02/2026,cust_4vhn8v7,Manish Iyer,110092,58100,paid
order_ojxtsioubvu1s9,11/02/2026,cust_m5azrvb,Ananya Iyer,380056,55100,paid
order_8yd573a1jko65u,01/01/2026,cust_nyz5fkx,Pooja Menon,411054,70900,paid
order_2xz3ppj28tshrw,17/02/2026,cust_hv3c02k,Rohan Desai,110085,111700,paid
order_kegmour953n3kr,23/02/2026,cust_hkllvb5,Meera Nair,500001,153600,paid
order_57b5l0h52v040f,29/01/2026,cust_cjeopdr,Kavya Chatterjee,600005,128300,paid
order_pl0b8co0ogootp,31/01/2026,cust_zi0oox0,Divya Khan,700048,810300,paid
order_46cz7v9m2leckq,10/02/2026,cust_bdpzity,Arjun Menon,380013,103500,paid
order_7kimom9poloulz,29/01/2026,cust_m0ncl4f,Vikram Fernandes,500034,631100,paid
order_zix6ghyb2fm2ww,22/03/2026,cust_pr6pczi,Priya Pillai,400053,38600,paid
order_m5jnwq9quba6u3,21/01/2026,cust_a0q6n40,Joseph Joshi,560026,346700,paid
order_j4qplc7aadyvdn,26/02/2026,cust_ojqigjp,Ananya Reddy,400027,112000,paid
order_vrolkvjx318xxq,03/03/2026,cust_rdxnscf,Priya Patel,380002,59200,paid
order_qlr530k3k2rbrw,14/01/2026,cust_janweq7,Manish Sharma,411013,86100,paid
order_hzh7jbjkgbg81d,04/01/2026,cust_iwh1tn6,Nandini Chatterjee,110014,471100,paid
order_fm5swjaq6ji3g2,02/01/2026,cust_cfylyc1,Karthik Reddy,500016,78600,paid
order_hrwczti9l6ibdu,09/02/2026,cust_cdn4phj,Joseph Sharma,110049,71500,paid
order_cnshpgr06mg6qj,27/02/2026,cust_byn8bz7,Meera Joshi,400076,197300,paid
order_k4q9aiyj4dae63,04/01/2026,cust_ir8d7pa,Meera Iyer,560050,44100,paid
order_c78niy35ex8mij,29/03/2026,cust_qs70r1h,Sneha Nair,400001,98700,paid
order_fis1pnb0d74728,31/03/2026,cust_gjv8q7i,Priya Khan,411044,70600,paid
order_gjv7wey3u0gaxh,15/01/2026,cust_tr4it20,Ritu Patel,400097,121900,paid
order_frepbko8gsk593,26/03/2026,cust_ydtl0oa,Rahul Joshi,600119,30000,paid
order_736bf7hnbh1je5,10/03/2026,cust_omtgf3e,Tanvi Mehta,560069,58300,paid
order_gzohkrpm2rqqns,22/01/2026,cust_p1pyavq,Manish Reddy,400014,54000,paid
order_2v0vf3tj05t6bm,01/02/2026,cust_og800bs,Rohan Rao,400028,72500,paid
order_vormnn2iilbx0d,12/01/2026,cust_ma2mya5,Harish Nair,500010,71000,paid
order_a8z3moc7xg9f5b,24/02/2026,cust_y32nr1b,Rohan Desai,400066,330100,paid
order_i8yvqvlo43tyv5,24/02/2026,cust_2io0qdm,Priya Pillai,110094,141300,paid
order_ul4f3zcwk87t3i,10/02/2026,cust_rhqrlnt,Pooja Reddy,600022,117200,paid
order_q226bs7xsj1qng,15/01/2026,cust_sq1dew7,Rahul Patel,560016,67100,paid
order_bmdo2tiw59qkbf,01/01/2026,cust_cjmu9a7,Imran Khan,400062,164200,paid
order_1a3jk5qhylgdi9,23/03/2026,cust_5726peg,Fatima Rao,110060,55200,paid
order_32f6k0k0nytyx2,23/02/2026,cust_gudzild,Siddharth Sharma,411056,119500,paid
order_uzxnz8jstoq95r,19/03/2026,cust_vnm9782,Aarav Reddy,400048,39300,paid
order_qvffom62m994xe,09/02/2026,cust_qlg0wa8,Divya Rao,400034,102100,paid
order_q2s2xxa6s2ez56,17/02/2026,cust_c3ohpjx,Karthik Bose,560069,151800,paid
order_g39ri1lo0wvp3t,02/03/2026,cust_8fjcd25,Meera Sharma,110074,80100,paid
order_u9na1ususxpvcu,29/03/2026,cust_hzhklre,Meera Rao,600118,256900,paid
order_xx4ntxxfv9lo7u,09/03/2026,cust_387lbls,Harish Nair,500087,116200,paid
order_zowg5bu34rrgif,21/02/2026,cust_t833en1,Rohan Iyer,411024,325500,paid
order_eh0x9g8oeetefr,30/01/2026,cust_y4mk2g7,Fatima Kulkarni,600014,88700,paid
order_j8mtmk5qlpurf6,06/02/2026,cust_d2ifazg,Lakshmi Gupta,380032,222500,paid
order_mbc2cf6kvhzpu5,18/01/2026,cust_kvya861,Rahul Patel,560099,148700,paid
order_fz92lsa6lkwuek,08/02/2026,cust_ww6szj3,Rohan Kulkarni,500025,34100,paid
order_qr8h1gfdpqduah,29/01/2026,cust_7dovxfz,Arjun Patel,560082,88900,paid
order_yftejg70x6m9hk,21/01/2026,cust_ae9a0d6,Rohan Rao,500031,64100,paid
order_utycrj59eqwpdb,19/02/2026,cust_z94qc0d,Rohan Sharma,560077,38100,paid
order_ovfy1lamng9dss,24/02/2026,cust_a7zxpal,Sneha Nair,302022,46000,paid
order_tyh7rj4jm2j5rt,04/03/2026,cust_dvpopzz,Joseph Gupta,400071,33200,paid
order_krmxcf7s8tg4xp,08/01/2026,cust_caqzp2c,Lakshmi Reddy,560077,44600,paid
order_8q6v1gx1m8wi0b,26/03/2026,cust_epx7eow,Tanvi Mehta,110085,93400,paid
order_1o6sxhgejdo0dq,26/01/2026,cust_bzwhtuv,Nandini Menon,600030,158200,paid
order_e5z41lj805il8a,04/03/2026,cust_zeb8tmy,Divya Sharma,560103,107700,paid
order_sl2n92i8kyr7kr,02/02/2026,cust_rgo6kxs,Rahul Desai,560072,71700,paid
order_7yeu4l29fu3o33,26/01/2026,cust_of6agit,Meera Iyer,400004,125700,paid
order_nsi2el2eii7hs4,03/01/2026,cust_dngbvhb,Lakshmi Joshi,600001,69300,paid
order_qrt6fh8ni01q3i,02/03/2026,cust_vzv0aso,Arjun Sharma,560038,562900,paid
order_guvqolvspt1sja,01/01/2026,cust_crmv697,Joseph Mehta,411037,257600,paid
order_h28wx1dzmnc065,13/01/2026,cust_hfar3zu,Ananya Nair,411031,53200,paid
order_f101fq03kgwhmy,20/01/2026,cust_dtmcne5,Meera Desai,110041,104000,paid
order_4ztfxgupt3h5y6,20/01/2026,cust_me7y6vq,Harish Khan,400030,52900,paid
order_vxxtbpd24t1o0n,16/02/2026,cust_u9332g3,Meera Nair,560050,148600,paid
order_t8tdisua52zfes,05/03/2026,cust_2uzvf0u,Rohan Nair,411038,117700,paid
order_fx5frn72ngc0ih,27/02/2026,cust_hyk5e6b,Sandeep Pillai,110045,332400,paid
order_j21s1oazr81573,26/02/2026,cust_z4n44ne,Meera Patel,560092,67500,paid
order_kdh4j3oowm71pm,20/01/2026,cust_mtlv8bp,Lakshmi Mehta,400011,159900,paid
order_i764we700or9g0,25/02/2026,cust_62kd5ks,Anjali Pillai,400015,40600,paid
order_loq230fq9uczac,04/03/2026,cust_cj9c27n,Vikram Pillai,500031,142100,paid
order_iw37xvwr4gnbsh,12/03/2026,cust_k8mk5en,Meera Chatterjee,302033,145200,paid
order_2yes5y6a10g2u7,24/03/2026,cust_chs9q67,Anjali Joshi,380011,599900,paid
order_w6ghb3g3osw8ru,17/02/2026,cust_mx61fmh,Tanvi Gupta,110091,54800,paid
order_eyndqvnibazoew,07/03/2026,cust_ykozui6,Karthik Patel,400104,45400,paid
order_35mvjaavt4hznk,13/03/2026,cust_dqtg2wg,Kavya Patel,400010,145900,paid
order_2zmt8yjwz1k49s,12/02/2026,cust_qye8ahe,Imran Mehta,560083,72200,paid
order_p32l9fp7ag39k6,01/03/2026,cust_20bbcqv,Rahul Chatterjee,560027,61400,paid
order_jpmi242g9ancqu,19/02/2026,cust_ggtbkz1,Aarav Chatterjee,411031,58200,paid
order_rc22w1ms9brd3x,04/01/2026,cust_mjjb6m8,Joseph Joshi,500089,31700,paid
order_yy9molpmlrxhga,24/03/2026,cust_h8ngzlp,Siddharth Patel,560087,111600,paid
order_r340xlun7ttja0,18/02/2026,cust_t366ysw,Anjali Pillai,380050,484600,paid
order_myuf2vricz4ypu,31/01/2026,cust_zyi6chs,Divya Fernandes,500041,253200,paid
order_ykpk85lsellf1k,22/02/2026,cust_uk1hxgd,Rahul Patel,400069,348600,paid
order_hh5k1sr6hc56fj,14/01/2026,cust_x0zv805,Vikram Patel,560054,345800,paid
order_2pzehalizocxor,17/03/2026,cust_pb4eoe5,Vikram Gupta,700075,42200,paid
order_2ft176q1hh31c0,10/02/2026,cust_nmev2kh,Priya Chatterjee,302018,218800,paid
order_3kr6pic4a6j1ae,04/02/2026,cust_u9bb5kl,Lakshmi Joshi,500058,89100,paid
order_i5obpz2dxmxelh,16/03/2026,cust_kt6qtpp,Priya Iyer,110081,312700,paid
order_0frpkmdp6x1geh,27/03/2026,cust_7638p40,Meera Patel,560083,491100,paid
order_dyfcn1kfnjh9gk,08/02/2026,cust_30yji8g,Anjali Chatterjee,411022,100600,paid
order_vdpkq592ir8rrd,11/02/2026,cust_p21ky6t,Meera Kulkarni,110095,308800,paid
order_gkiui2vv7p4m8h,08/02/2026,cust_aat71a6,Rahul Rao,400073,83700,paid
order_1hndwzkx9jq22d,06/03/2026,cust_ew3i5gx,Aarav Kulkarni,411015,233900,paid
order_248yymmlg7p9c0,06/01/2026,cust_c14ad3i,Nandini Patel,400052,56600,paid
order_aw0imb6l49op4u,17/03/2026,cust_9yxmazh,Arjun Rao,500080,70600,paid
order_23xt45hhnowrxo,23/01/2026,cust_x6vd54w,Sneha Reddy,600049,85400,paid
order_w3z3t9jx3t44du,07/02/2026,cust_ypzlefw,Harish Sharma,110060,138900,paid
order_05i0l1uns5xcix,31/01/2026,cust_oj594ct,Harish Pillai,110029,61100,paid
order_opbtqqwsw4dxyk,06/02/2026,cust_1gjce2m,Kavya Bose,700072,71800,paid
order_fds4ghhkat4vrf,21/01/2026,cust_mpn0445,Pooja Bose,411026,74200,paid
order_2zfuk4hxtpplhj,01/03/2026,cust_9o2rxgj,Joseph Chatterjee,560094,95500,paid
order_bohxir4ngduj9b,24/01/2026,cust_8mk5yei,Rahul Reddy,411011,135100,paid
order_d0aqacgh6mny6u,30/01/2026,cust_nncl6qu,Joseph Gupta,600067,99800,paid
order_o1mh2903vfo324,19/01/2026,cust_mufjcxt,Meera Kulkarni,400087,375100,paid
order_wyfnros5s2ibxb,14/01/2026,cust_hzlua5g,Rahul Pillai,110088,79900,paid
order_c2n3ht73stf32p,23/02/2026,cust_2fkb2vd,Meera Fernandes,110070,73700,paid
order_qxs9e57fal39f5,19/03/2026,cust_sxfm2ua,Kavya Kulkarni,682004,169900,paid
order_o5b5qo5jwpquq9,29/01/2026,cust_yw5hdzm,Siddharth Chatterjee,380021,130200,paid
order_6x7bkacgwvs5j2,20/03/2026,cust_ruon37h,Sneha Sharma,700030,40800,paid
order_z3ys3veswbb76c,10/01/2026,cust_5n9n59o,Manish Kulkarni,500010,38800,paid
order_s4t6y0p95216gt,14/03/2026,cust_8n99c60,Arjun Fernandes,411044,46700,paid
order_xu8xpzw84dh2h9,15/03/2026,cust_kd8mq8r,Vikram Desai,400053,40600,paid
order_1867xgky65s8ce,14/02/2026,cust_zzl8txv,Sneha Pillai,700144,57300,paid
order_acw27096d9oxmp,14/02/2026,cust_dj2ughc,Ananya Kulkarni,560077,138100,paid
order_6ks9k7vxpvp55n,26/02/2026,cust_kth6lf1,Karthik Pillai,400060,68900,paid
order_ze5v0vnbcvdo1o,29/01/2026,cust_5ww8818,Sneha Bose,110052,43500,paid
order_fhf8hn3naqk7d9,13/03/2026,cust_wphl65t,Manish Bose,110083,37900,paid
order_jja64w7wuzaotg,15/03/2026,cust_vd4w6sl,Tanvi Mehta,560085,553900,paid
order_69k26pee1vt97z,11/02/2026,cust_ag923r9,Manish Kulkarni,600109,76100,paid
order_z2b2t5v2k8floy,13/02/2026,cust_e69s0c3,Meera Rao,411035,352700,paid
order_9ogbjv201xpsoj,27/03/2026,cust_wxgi7u8,Harish Iyer,560053,35300,paid
order_eueilfhdhin981,17/03/2026,cust_la0revl,Priya Iyer,600008,41500,paid
order_jz03tyqmy345mw,26/02/2026,cust_ehivvdw,Kavya Khan,682010,60400,paid
order_427cq3ek8isekv,04/02/2026,cust_npqwfr3,Sandeep Gupta,600078,103100,paid
order_b18qtf6hifg00w,15/03/2026,cust_kxlrzlw,Meera Rao,411003,41700,paid
order_c0cu05lzpziiea,04/01/2026,cust_j145bta,Anjali Sharma,400069,34500,paid
order_9qwk2ug1sul3kl,11/03/2026,cust_cmwdszd,Meera Fernandes,700047,402500,paid
order_o5nznco5jdm1iw,25/01/2026,cust_nmldmee,Arjun Sharma,110050,62100,paid
order_z6qled9jqstpx4,21/02/2026,cust_cbx463h,Aarav Fernandes,400092,98700,paid
order_yt0ojbnfbamw8j,22/03/2026,cust_4sa3d51,Karthik Pillai,500058,50900,paid
order_yey63qla53g9jp,21/02/2026,cust_3r59ldl,Siddharth Patel,380043,86700,paid
order_okelqe0p2ng06m,10/03/2026,cust_dtg7tun,Sandeep Gupta,682001,113300,paid
order_gwi6p0zp6th7gu,30/03/2026,cust_qzilp5a,Ritu Patel,682006,55400,paid
order_kklj0xqkh89ep0,16/01/2026,cust_woz9j15,Rahul Fernandes,600009,54400,paid
order_dgsb9x3t639fdz,13/02/2026,cust_zqmhlll,Sneha Iyer,500084,136300,paid
order_s3n6gwdz8jbbvb,09/01/2026,cust_l4a6cds,Divya Desai,560007,76900,paid
order_s52qsdgegok8g7,17/01/2026,cust_auikbe4,Meera Gupta,500074,443100,paid
order_rs6oe06s2dk7wt,15/02/2026,cust_g6j801g,Imran Menon,600081,138800,paid
order_ntrv8uzz3rypib,28/01/2026,cust_ed7z5hv,Divya Mehta,560097,34800,paid
order_wlqu3yqidvgt7j,14/01/2026,cust_m58u9vx,Fatima Desai,411019,577300,paid
order_vwpfxmirg5259k,07/01/2026,cust_u3pie1m,Manish Kulkarni,411036,119600,paid
order_wmvbgdzd1n7tu5,19/03/2026,cust_6ccffd4,Fatima Menon,560082,47600,paid
order_0yw9vsl9caewba,21/01/2026,cust_dx90cti,Divya Bose,560088,36800,paid
order_lbsa9uqb0si9bf,08/02/2026,cust_hsapesp,Rohan Iyer,400002,40500,paid
order_jcqp0m1n0dwg65,12/03/2026,cust_ovwqjnq,Kavya Joshi,600020,291300,paid
order_hgyt37gunxnb6e,15/03/2026,cust_3h2qg1a,Tanvi Menon,500053,44500,paid
order_trzvuqhfg439kb,06/02/2026,cust_dr2h7dn,Ananya Iyer,600076,39700,paid
order_qm2mbugnx1pdzv,31/03/2026,cust_iqsu3ap,Imran Bose,110009,855300,paid
order_t0q55utv0g973e,23/02/2026,cust_m5kfcha,Divya Sharma,302015,34300,paid
order_tn1rktmsihzt6t,29/03/2026,cust_wcu1th0,Siddharth Reddy,500059,65000,paid
order_fr09653u0hob01,15/01/2026,cust_folp9yh,Harish Gupta,110029,780700,paid
order_0wpmeh7ppk0efx,03/03/2026,cust_q0zxc1h,Sneha Chatterjee,110069,68100,paid
order_k08kvj9tkv7gt0,04/03/2026,cust_hecyycu,Harish Menon,380015,113400,paid
order_lj2msduak6rkry,08/02/2026,cust_9rxemdw,Ananya Iyer,500040,75300,paid
order_wdpnlf220rno8b,06/01/2026,cust_ce98d2e,Joseph Gupta,560097,104600,paid
order_npct1u31aybtxs,31/03/2026,cust_9x18tor,Divya Khan,560061,36700,paid
order_iltv9nbgpx6uj6,27/02/2026,cust_drxq5g7,Harish Chatterjee,411053,61200,paid
order_9pvrrp11epc2b6,03/01/2026,cust_7q76bkz,Nandini Rao,400079,84000,paid
order_l5p2hgwplsm2ms,06/02/2026,cust_a97rf9e,Sandeep Reddy,400071,150400,paid
order_khll7j1v19ulb6,13/01/2026,cust_vdtn3xz,Karthik Gupta,411010,61100,paid
order_kyps5rqwmzf1ew,06/02/2026,cust_y8fk6j8,Harish Menon,302028,139000,paid
order_cn7pd0u6uo5jbf,13/01/2026,cust_tuhcxzp,Kavya Patel,560079,35100,paid
order_0comx22l7bu4f9,17/02/2026,cust_axckmqr,Vikram Patel,110086,86500,paid
order_jb7b2ht2j07wz6,11/01/2026,cust_px2c0d2,Ritu Patel,302025,312400,paid
order_f0jif69oppec49,24/03/2026,cust_sdzeh24,Karthik Desai,110013,57000,paid
order_2cjs67omizfof4,12/02/2026,cust_uyg7ry8,Joseph Pillai,560074,52000,paid
order_mdkulr1gwa3apk,24/03/2026,cust_95ha3c6,Karthik Menon,500066,82300,paid
order_ip5tjsjtnvcxp2,12/02/2026,cust_2nrocfw,Meera Menon,400104,148100,paid
order_2rj4cp4mefxjae,14/03/2026,cust_0zxcp16,Imran Nair,600083,777800,paid
order_zmjd2x70ludfik,28/02/2026,cust_py81di8,Lakshmi Iyer,400072,93800,paid
order_m5eg08w9sccfpd,09/02/2026,cust_ua9ah94,Ananya Gupta,400101,31300,paid
order_4jtfd5u8ye2ek2,15/03/2026,cust_9nnxagz,Ritu Reddy,500034,71800,paid
order_u19pnr57zh1v2l,26/03/2026,cust_duz3zbo,Fatima Sharma,400064,67700,paid
order_7qbfgq1gqfdhpv,11/01/2026,cust_qn5apru,Anjali Khan,700145,235600,paid
order_spvfe6o4clxr36,28/03/2026,cust_h6oxorc,Aarav Menon,411040,107000,paid
order_obbov6hpz7fjvo,13/03/2026,cust_2v6evtd,Fatima Kulkarni,400046,119300,paid
order_wwiq3sp5drxsut,18/02/2026,cust_2rl63qa,Meera Mehta,560044,131000,paid
order_v5gwyu9b3xlmu3,27/02/2026,cust_au4jy1v,Sandeep Pillai,560097,131400,paid
order_f39fxmsisw7lak,22/03/2026,cust_3bnlisd,Sneha Pillai,400085,396100,paid
order_hz2sg2zybxu0wu,20/03/2026,cust_t18cs32,Fatima Iyer,560091,79400,paid
order_ppm3t99v29t6aa,07/02/2026,cust_7y34wpx,Kavya Nair,560034,808600,paid
order_okaoj166jf12tl,27/02/2026,cust_sek1t0q,Lakshmi Mehta,560023,145400,paid
order_5w1cw3sjfdbnx0,19/03/2026,cust_24gv9he,Anjali Pillai,411045,197100,paid
order_e975x7zjoa2cwh,12/01/2026,cust_xu32z7q,Joseph Reddy,560013,339900,paid
order_46mubqbx9aezu0,24/03/2026,cust_9cut0ye,Sneha Patel,400066,72100,paid
order_bvikc55xkohd88,28/01/2026,cust_gl7ny2p,Anjali Sharma,560091,191600,paid
order_nnlc7j86cyjjqv,14/01/2026,cust_af55p2r,Karthik Pillai,400017,70200,paid
order_x0has8aynd4hv0,31/01/2026,cust_7jqpgyy,Manish Rao,400001,100200,paid
order_jnqh635d1f5klr,16/03/2026,cust_1ysc1la,Karthik Patel,110083,50800,paid
order_jbfshlqwzcna4w,09/03/2026,cust_mj6y9ss,Karthik Bose,700157,104400,paid
order_a4c84pvpla76it,22/01/2026,cust_qclcpoj,Karthik Nair,560035,72800,paid
order_df0xy4s7my07op,17/01/2026,cust_lf9222z,Aarav Kulkarni,380042,37900,paid
order_8glo0m0bweot0l,27/03/2026,cust_fbhrc63,Divya Joshi,700091,139600,paid
order_vv634izhmizspm,14/02/2026,cust_tmcttx7,Lakshmi Desai,700032,130300,paid
order_atu6d2jszx508a,13/01/2026,cust_r1q7pze,Imran Rao,400019,49900,paid
order_z80yv3om108dsp,09/02/2026,cust_4i1b9vy,Aarav Patel,500005,49700,paid
order_g82kua172mwy63,11/03/2026,cust_0sjyxcz,Arjun Pillai,600020,113600,paid
order_nmy8cnpit9nox5,29/01/2026,cust_zwp23sd,Fatima Rao,302001,38300,paid
order_g6789st6vk0uw9,27/02/2026,cust_6okr70k,Priya Iyer,700001,54900,paid
order_u68s4me3a92cdq,04/02/2026,cust_jkjcyac,Tanvi Desai,560099,75800,paid
order_tkaa0r8x3u0ncz,02/01/2026,cust_niox4fd,Harish Mehta,600093,101600,paid
order_gno1mz84aretj2,22/03/2026,cust_cj48d7t,Harish Joshi,560018,527400,paid
order_if8fgs9rpq9lll,01/03/2026,cust_edczhxo,Fatima Khan,110051,65000,paid
order_da9ccbpd0l5wd7,08/02/2026,cust_qqtbe70,Tanvi Reddy,600079,60200,paid
order_j75iz2or5exo2o,29/03/2026,cust_bde2ghd,Rahul Desai,302011,201900,paid
order_9wytaq6t6g6jfh,18/01/2026,cust_jcj8sb7,Sneha Reddy,500007,54400,paid
order_wgamoiatcaznwm,06/02/2026,cust_w9itrgu,Pooja Khan,400066,62200,paid
order_k2aqw4hi8llxwd,15/01/2026,cust_kamff7f,Siddharth Mehta,560073,60500,paid
order_g2implvnyk0gqy,01/02/2026,cust_f1o9rbu,Sandeep Rao,110074,110600,paid
order_u20ab33zinuyuh,01/02/2026,cust_3q3fvc0,Tanvi Bose,500044,48600,paid
order_9j85yqad0o6rwx,15/03/2026,cust_nrbudya,Vikram Fernandes,600070,62300,paid
order_btnb210bi62xsn,18/01/2026,cust_an0n28v,Arjun Patel,500082,57400,paid
order_k6pi39zexrl4df,12/02/2026,cust_k6ahjsc,Priya Khan,411039,103800,paid
order_sgoisiwayt87k5,26/02/2026,cust_6e6sijy,Vikram Gupta,302039,87700,paid
order_r39fz8sgbonobt,03/03/2026,cust_jrxre6c,Arjun Khan,400030,61800,paid
order_9qkaocoqt1fe7b,14/01/2026,cust_09w9q25,Tanvi Joshi,400103,102100,paid
order_b40s9rso51krxw,01/03/2026,cust_hk13620,Manish Bose,500019,237200,paid
order_gn180kzqdwitir,18/03/2026,cust_q2fgbit,Kavya Gupta,700112,300700,paid
order_d97yhl0dtsiak7,05/02/2026,cust_8wixtqz,Lakshmi Desai,302035,51000,paid
order_io2i8su0tft1v9,12/03/2026,cust_mu66694,Rahul Pillai,500077,156300,paid
order_rjogse173b044m,15/01/2026,cust_von32yg,Joseph Menon,400015,148100,paid
order_qhbfejege3kmug,19/02/2026,cust_dk3kg4o,Karthik Nair,302013,318800,paid
order_epvubba261u36o,14/03/2026,cust_nfh6udb,Sandeep Desai,110088,154100,paid
order_v69it2w6xnlxk9,03/02/2026,cust_wm2lbmz,Meera Chatterjee,110055,43100,paid
order_fxai3yd620pb4k,29/01/2026,cust_oci52ky,Divya Pillai,110042,188700,paid
order_hjf39ejcf3yw1u,18/01/2026,cust_j15a6up,Rohan Joshi,560046,186600,paid
order_rtypcs8epl14ip,17/01/2026,cust_uczt8cr,Priya Menon,302021,273500,paid
order_cqfqur5ux180i6,19/03/2026,cust_gsrhn55,Anjali Sharma,560083,111000,paid
order_ko1zg5dfzprmmc,02/03/2026,cust_sr1h9je,Vikram Desai,500087,65200,paid
order_dewy4vwgqihjwo,08/03/2026,cust_t6u9sj5,Aarav Iyer,600084,46500,paid
order_yrhjr9rqh71cmq,19/01/2026,cust_ojagkbe,Fatima Mehta,682036,116100,paid
order_5n1rsoi0grbg4p,09/01/2026,cust_f5hlmer,Rahul Khan,500060,54500,paid
order_ux6k5dc19059l1,12/02/2026,cust_kpbw5dr,Pooja Pillai,400090,82700,paid
order_troj95aiwvu88s,06/02/2026,cust_0soa2v5,Anjali Iyer,600001,131500,paid
order_rfp47eaj6i295d,26/01/2026,cust_5cyjr6f,Meera Desai,560083,126900,paid
order_3hsgfqa0wjb3y9,23/01/2026,cust_tnmwr14,Manish Khan,600064,291600,paid
order_oqchjxrn9jxtxc,22/01/2026,cust_als7dok,Anjali Chatterjee,302039,53200,paid
order_s9gqtr6kjq0fqq,27/03/2026,cust_cmyt718,Vikram Desai,400062,35300,paid
order_lkizh1fufahg9s,05/01/2026,cust_jtb0rbr,Lakshmi Kulkarni,560093,251100,paid
order_8cdsztvzy6cbkd,05/03/2026,cust_f8vhtn4,Vikram Khan,380001,162200,paid
order_s0mcl01zuxoiwr,08/03/2026,cust_wr25ten,Divya Desai,110026,69400,paid
order_l9q04vxvynxniq,22/01/2026,cust_4zuq1q6,Karthik Patel,400039,148200,paid
order_szj8vdf3v6j7w3,18/01/2026,cust_k98m48r,Karthik Sharma,560038,97200,paid
order_kl1y0hg4oycpoe,26/02/2026,cust_27xe1w5,Joseph Iyer,500072,174100,paid
order_vxm62lpkwvyjl7,20/02/2026,cust_d3qo0ad,Aarav Khan,110045,880800,paid
order_nvl3civycarpj7,22/03/2026,cust_jujbt8o,Tanvi Reddy,400093,98500,paid
order_mrgnc6duthxp9d,10/01/2026,cust_3e308fx,Fatima Fernandes,560092,139700,paid
order_v4sftnahdmk6zb,02/02/2026,cust_xxufik9,Karthik Mehta,560019,46000,paid
order_bv0uhdd4873s70,20/02/2026,cust_1naye97,Siddharth Iyer,560096,101600,paid
order_b5q5m7phfx7mb9,12/01/2026,cust_g9a7nqs,Rohan Menon,380001,63000,paid
order_fqszhm2lescze5,03/03/2026,cust_hua5f18,Lakshmi Kulkarni,110084,71500,paid
order_oa36lvhk8yylqz,12/03/2026,cust_w7yjdnw,Meera Chatterjee,400040,179300,paid
order_du6n2w9twx8fwb,02/02/2026,cust_ogu1vji,Siddharth Joshi,380029,30200,paid
order_mqzi8jqqwgd2xq,09/02/2026,cust_4lf86uz,Ananya Mehta,400019,112400,paid
order_ml6ucqxojt08no,09/03/2026,cust_fnzv03i,Imran Rao,411043,289400,paid
order_r4eyu7jd5ji4w2,27/03/2026,cust_uwo6jev,Harish Kulkarni,411047,55000,paid
order_g6f1d9vhr71fga,29/01/2026,cust_p3qkqmt,Anjali Mehta,110012,84300,paid
order_9nz7bktn97pzij,30/01/2026,cust_c3zy7gu,Siddharth Gupta,400075,581700,paid
order_1w2b0akhz5rs9f,23/03/2026,cust_bkbvd6x,Joseph Fernandes,600075,76100,paid
order_ro1dopa2yac686,12/02/2026,cust_vvcet7p,Anjali Pillai,400008,49400,paid
order_tsmsxr11btxmv7,17/03/2026,cust_nnl3inh,Karthik Khan,700035,52800,paid
order_eyrt4vbqbsap5e,01/02/2026,cust_6u82hnz,Ananya Pillai,560034,185100,paid
order_u7x4rq8g7qhdf2,08/02/2026,cust_5wz6so6,Meera Mehta,560069,251600,paid
order_xp7h47hy8hfp3g,23/01/2026,cust_dutk4c6,Sneha Nair,302029,80800,paid
order_gs5ejsj1r4qxin,01/03/2026,cust_8tkpwsr,Tanvi Iyer,560054,121400,paid
order_zxbujuwsu9wjsx,23/03/2026,cust_65qkc74,Karthik Desai,682019,89500,paid
order_2ksr0xdyyzjwbd,23/02/2026,cust_ogwb3bu,Pooja Kulkarni,110048,33900,paid
order_tvcr6eh9drlpkc,14/02/2026,cust_6027gyi,Sandeep Joshi,700096,121000,paid
order_nyarn47agig4ol,22/03/2026,cust_odjbbh6,Siddharth Joshi,500003,49400,paid
order_wfonehb0fvx850,29/03/2026,cust_iu51150,Pooja Chatterjee,560019,33400,paid
order_cwyv8ape9odf0z,30/03/2026,cust_qjm7g4i,Anjali Rao,560050,370000,paid
order_d2igf2y2m41io6,06/03/2026,cust_jixvkt2,Aarav Chatterjee,411026,273400,paid
order_8r8zibse6apa7n,14/03/2026,cust_d65d62t,Harish Bose,400088,129900,paid
order_u48myjvzvcoend,30/03/2026,cust_k4ztutt,Arjun Gupta,700088,389200,paid
order_g8pnds7l3z76nl,20/01/2026,cust_n3yr312,Manish Khan,682015,39600,paid
order_h1g18m9dy6ml6m,26/01/2026,cust_t8hxja4,Manish Sharma,560013,31100,paid
order_h9exlgg768r4ts,10/02/2026,cust_1p14qgv,Pooja Nair,700080,355600,paid
order_7vmyhrtomwhrcr,18/02/2026,cust_h0efn4r,Nandini Fernandes,500014,143900,paid
order_g0y1w989auxd0h,06/03/2026,cust_volpicl,Tanvi Kulkarni,400019,136800,paid
order_e2ic3q8nrw8jn9,06/03/2026,cust_1yzecsk,Rohan Chatterjee,411022,71100,paid
order_jr5kne14bq6xfg,23/03/2026,cust_gtcdj2l,Joseph Reddy,500033,59900,paid
order_fiu5poj7sdf255,21/01/2026,cust_lmrqhb9,Aarav Khan,110008,34400,paid
order_2iphngjkj4fqyz,13/03/2026,cust_rot2i4m,Imran Patel,110003,64100,paid
order_cppcanayuz5fdt,27/03/2026,cust_ojn3d8a,Joseph Bose,600092,94000,paid
order_uuboqh2eynb6g4,12/02/2026,cust_0k3hd7d,Rahul Pillai,400102,271400,paid
order_qh1oq8wsxo4aj9,02/01/2026,cust_hst02hu,Harish Iyer,400016,657700,paid
order_gvl1yh9lgx011m,03/01/2026,cust_cknsgt7,Divya Iyer,110042,498900,paid
order_immkt97c3spkwn,26/02/2026,cust_c569bt0,Imran Desai,600087,326700,paid
order_de2hif558xp280,16/03/2026,cust_m63cg70,Ritu Nair,560005,105400,paid
order_l4d6jfw60bozn2,07/02/2026,cust_5nanoed,Manish Sharma,411051,79500,paid
order_16y092cxw35bad,23/03/2026,cust_69bhta9,Siddharth Menon,110070,108700,paid
order_pb37gn2ux44gay,07/02/2026,cust_137e2n4,Ritu Khan,500076,136500,paid
order_mxavo25k3mvxoy,06/01/2026,cust_99858th,Rahul Desai,400015,329300,paid
order_33bjz4ctskrs33,26/02/2026,cust_yqc747i,Vikram Nair,411008,59400,paid
order_wu93yv6wwdaq5f,31/01/2026,cust_x2x7t96,Sneha Patel,411013,216200,paid
order_jrkjkwe7n9uvvh,03/02/2026,cust_ncs03oy,Karthik Rao,600025,36200,paid
order_rkv939oykricn5,25/01/2026,cust_pl02u5r,Fatima Patel,600037,76000,paid
order_62n4hv64kazsq9,14/03/2026,cust_lg74dkl,Ananya Kulkarni,411048,326600,paid
order_y8p3chpbgtc51s,13/01/2026,cust_mnhn9f9,Kavya Desai,600021,40000,paid
order_6psr0kctgxlvl3,06/02/2026,cust_nqt84dr,Ritu Chatterjee,400055,31300,paid
order_rli6zeb6xbp7v8,08/01/2026,cust_czr3w9d,Priya Iyer,600020,187700,paid
order_wz4vw2uu2vwvth,04/01/2026,cust_hcy3r63,Sandeep Patel,600073,39200,paid
order_yb8o9lxcp8l5kv,20/03/2026,cust_cp4fjeq,Rohan Patel,302023,120100,paid
order_2vmk015g8wv5uk,26/02/2026,cust_7c56w37,Fatima Patel,682034,45800,paid
order_3x9jka0s8n3hqt,14/03/2026,cust_acplagm,Arjun Kulkarni,411037,156300,paid
order_7aaq420z06ww0v,01/03/2026,cust_wcstsen,Pooja Chatterjee,560007,97100,paid
order_8modnu9a4bw4qh,28/02/2026,cust_lnwy9yi,Karthik Fernandes,380062,47400,paid
order_jjfesykcquucdn,17/02/2026,cust_4vmdio9,Siddharth Nair,500073,300800,paid
order_p5fju0q5huw6h6,15/01/2026,cust_j0uvc7y,Sandeep Mehta,500039,93100,paid
order_qav39794l5bdui,06/02/2026,cust_bxi2g2m,Priya Joshi,560004,543800,paid
order_0jn130ph1m5gnh,13/02/2026,cust_zzb1o87,Harish Iyer,400034,58000,paid
order_ztvso5w7gtuzwg,27/03/2026,cust_9crq5a5,Rohan Reddy,110074,181400,paid
order_n82g5siwilcj4d,04/03/2026,cust_6t3ow7x,Ritu Patel,560072,116000,paid
order_izukrnnux4d9aa,02/01/2026,cust_9mb2hrk,Anjali Khan,411055,78400,paid
order_uz1am7gerxb2d5,09/02/2026,cust_0ebhfip,Nandini Kulkarni,380029,57100,paid
order_alqc842ogvrf8v,29/01/2026,cust_u54pn3y,Imran Desai,560076,127400,paid
order_ejaljuwvot477o,07/01/2026,cust_zy1wlyi,Siddharth Pillai,400063,58100,paid
order_g3q53052g4yci5,07/01/2026,cust_f1bl620,Meera Mehta,560008,58300,paid
order_x9e2ttcsr4j738,22/01/2026,cust_4hghzzt,Rohan Bose,560043,64600,paid
order_xg5z0tzw2a5384,23/02/2026,cust_9keshg3,Tanvi Sharma,600100,98100,paid
order_8u8i0aywys5pmc,30/03/2026,cust_96q62h1,Imran Pillai,400066,37500,paid
order_59m2r64kl4k147,04/03/2026,cust_jab3y2t,Ananya Iyer,400078,284800,paid
order_i6f27j0t5jshnt,05/01/2026,cust_prkg9ua,Divya Kulkarni,411054,77200,paid
order_i94wo8fxk5zlc1,03/01/2026,cust_eb4nhp5,Joseph Sharma,682012,722400,paid
order_fwyarz2w2ju2qh,06/01/2026,cust_zl3m9yc,Sandeep Joshi,600067,101500,paid
order_bcfwrqf50zcka7,21/02/2026,cust_ibqeh9q,Rohan Nair,400006,158700,paid
order_hpkme9jsbay7hi,19/02/2026,cust_xf43jri,Sandeep Pillai,600098,77600,paid
order_65lzgqs0e0rw5h,21/01/2026,cust_v8f7hpx,Vikram Kulkarni,600094,36200,paid
order_6j13x9dqe74brm,08/03/2026,cust_rhtk9d7,Vikram Bose,560031,53300,paid
order_k8kb5ca6vle13k,02/03/2026,cust_b6m40ad,Sneha Bose,600034,54400,paid
order_oppnw7ws0k9zuv,23/01/2026,cust_k0db80h,Vikram Kulkarni,411036,108800,paid
order_fy1lgmw6oba8cx,11/02/2026,cust_9hth0uy,Harish Desai,682026,51100,paid
order_wgh0ucog9s4sz6,02/02/2026,cust_fo30kmi,Aarav Sharma,682038,126100,paid
order_6edzenuzmqbywy,31/01/2026,cust_lk9pa5v,Lakshmi Pillai,560100,39300,paid
order_4jsjkpzyx5zmg9,10/02/2026,cust_1yl4qzz,Siddharth Rao,600036,66900,paid
order_i9au43jl10ijk9,26/02/2026,cust_vt6hhew,Arjun Chatterjee,400009,62600,paid
order_8hpl0wjkh8x6ln,22/01/2026,cust_xaww4yn,Tanvi Nair,411055,62100,paid
order_8jht35njed13ve,07/02/2026,cust_4e482qn,Joseph Gupta,302031,335800,paid
order_tscq6wwpml20ja,02/01/2026,cust_lsowiq9,Joseph Desai,400050,89100,paid
order_1ar5maxeblmeq4,08/03/2026,cust_0v0wrrk,Siddharth Joshi,400024,98600,paid
order_icpesbc2y2ccuo,12/03/2026,cust_a9hmzvt,Imran Desai,411005,90200,paid
order_8dmf1oakrbbw3j,22/02/2026,cust_31fe3y1,Rohan Reddy,500088,149500,paid
order_9y4x8k8ecz2mhx,31/03/2026,cust_u450fhx,Sandeep Khan,400071,51200,paid
order_8a2x4rywqse1ei,20/03/2026,cust_1f75zya,Pooja Iyer,500049,35700,paid
order_nd1v24cju47cok,28/03/2026,cust_48crj6d,Rohan Khan,411031,130000,paid
order_es1voh5k769hei,23/02/2026,cust_xnt2q8o,Fatima Kulkarni,700137,160600,paid
order_aidyc4gak38j3i,13/02/2026,cust_rrpouci,Joseph Desai,560014,66900,paid
order_bkkpdaatlfo43s,12/02/2026,cust_g3piig2,Siddharth Gupta,560015,91100,paid
order_ud7eawnhrli221,31/01/2026,cust_ge91zji,Vikram Fernandes,400062,185100,paid
order_an07i0fhq1zxz0,19/03/2026,cust_sd1lxtm,Karthik Desai,411033,74400,paid
order_728iz6ciazb27d,16/03/2026,cust_6fkxmxf,Kavya Gupta,700026,47700,paid
order_30f9q6yths7o34,01/01/2026,cust_5zt7woa,Ananya Pillai,400073,661000,paid
order_0it9iq3y6pr4ce,19/02/2026,cust_euefpwt,Rahul Pillai,110082,98400,paid
order_qg8ioj50fjmz9l,10/02/2026,cust_ztpqkgz,Nandini Rao,682011,115800,paid
order_fc92gcj8n5fnes,19/02/2026,cust_h2dwy9h,Imran Chatterjee,400046,42800,paid
order_9ec6q7npmpfyvg,27/01/2026,cust_3gvl1g8,Priya Patel,560028,148500,paid
order_sxag5xa8manav8,06/01/2026,cust_gl9e7qi,Anjali Reddy,500067,299100,paid
order_uho4kz567z25pu,26/01/2026,cust_om40bwq,Sneha Bose,600069,610700,paid
order_lajo7j3322clbz,03/02/2026,cust_zdsfcrh,Ananya Gupta,302011,199900,paid
order_6esnny604omu6z,30/01/2026,cust_ttkmabj,Fatima Patel,411001,191900,paid
order_kt001e8dhnf6yz,16/03/2026,cust_8yvu2si,Rohan Gupta,380057,58200,paid
order_938xztz88esmsa,31/03/2026,cust_de5rfox,Ritu Nair,400087,122000,paid
order_t1d431iple86ce,25/02/2026,cust_cu50h54,Joseph Khan,600108,39800,paid
order_s83qcsrsoue80n,09/03/2026,cust_f8l4aub,Vikram Rao,110052,199600,paid
order_3jz01t7yo7gyaw,02/01/2026,cust_gk083p2,Karthik Nair,400052,148600,paid
order_lir4e5lx9ty0us,13/03/2026,cust_lx73o2t,Arjun Nair,110051,84300,paid
order_by8e8zxuk6aea4,20/01/2026,cust_pzlqgap,Ananya Chatterjee,411046,253100,paid
order_28nuig0b0xeqgz,29/01/2026,cust_rejycj5,Aarav Nair,682030,76200,paid
order_0yga57tjnzkw5q,16/01/2026,cust_v7iu760,Tanvi Kulkarni,400033,84900,paid
order_enbpidezhii8j7,10/02/2026,cust_hqs09dn,Lakshmi Mehta,110009,136100,paid
order_mdbnmwpszsq8l2,25/02/2026,cust_g9s5giu,Rahul Rao,560033,52700,paid
order_rcov5yhdsfg733,05/01/2026,cust_zb2vkp2,Priya Gupta,400076,340200,paid
order_y3ik62eqzqa7ns,19/03/2026,cust_esh7woz,Harish Patel,110018,137800,paid
order_zv20jb59gv2165,17/02/2026,cust_crqzjme,Priya Mehta,110088,84100,paid
order_x544w4qd7g09yq,24/03/2026,cust_hcr3ruh,Fatima Sharma,400030,110800,paid
order_lfjpt1kxwc0d6s,07/01/2026,cust_72io2jg,Rahul Reddy,110066,116700,paid
order_lsf7qcqzl3k225,24/03/2026,cust_1ar5tfc,Rahul Pillai,700076,228800,paid
order_7c893mbao7yt6p,09/01/2026,cust_idvfyvl,Sandeep Menon,682028,66400,paid
order_x86wkme7zzue0l,24/02/2026,cust_2mekpr5,Nandini Khan,411028,138500,paid
order_cpqmpgtrfvqhl0,27/02/2026,cust_mn329zq,Pooja Reddy,682034,114800,paid
order_sfdslukfuy4gnp,02/01/2026,cust_edh4049,Tanvi Kulkarni,560060,33200,paid
order_2dc4o20ny1bdhy,18/02/2026,cust_lqpa61o,Sneha Fernandes,560034,74500,paid
order_spgy6rfbx0n8nj,23/02/2026,cust_pa2f2q3,Joseph Chatterjee,600074,55500,paid
order_u8s38h5d4mx9gw,01/02/2026,cust_g6qj4g1,Siddharth Menon,411007,125300,paid
order_ahylhkclv2fyzm,04/01/2026,cust_tus0uxi,Tanvi Menon,400082,93400,paid
order_q2kipc2ls80sy7,26/03/2026,cust_k0hoqas,Joseph Fernandes,400081,143200,paid
order_038cjotvxme004,23/02/2026,cust_y9j2s7u,Karthik Iyer,400048,62400,paid
order_6v4erkj8hd6h1p,19/02/2026,cust_uotpcmy,Karthik Joshi,400086,130700,paid
order_s2rou3x52xiy20,07/02/2026,cust_i2vgi61,Divya Chatterjee,560078,102600,paid
order_p2hffht72p4tmi,23/02/2026,cust_f6w7xto,Priya Desai,560001,79500,paid
order_f7zlokdk34b5wu,27/02/2026,cust_x6ryqmo,Anjali Fernandes,700093,310000,paid
order_qlj7seeemykur1,02/02/2026,cust_yk1thy4,Aarav Gupta,600058,49000,paid
order_4b7yc9o5k6df25,12/01/2026,cust_xygbigf,Kavya Pillai,400103,220300,paid
order_2eb5so1p3ay4k6,31/01/2026,cust_rnplsf6,Lakshmi Reddy,500064,298800,paid
order_pvnh9mvni7dahy,21/01/2026,cust_wbezw44,Ananya Fernandes,400075,87900,paid
order_6o6nq3pqje4dv2,04/01/2026,cust_7lntkbq,Vikram Rao,110043,77400,paid
order_bk4b5p0wbri3u6,17/03/2026,cust_asgokox,Kavya Pillai,560036,145700,paid
order_fxlwuysw9l5giu,21/03/2026,cust_syak8gt,Karthik Nair,560063,219300,paid
order_vwiomuw0ybtq9v,23/02/2026,cust_sdmoiqa,Karthik Kulkarni,500013,65500,paid
order_thfu838ll2qqfr,05/03/2026,cust_xc26dsc,Ritu Fernandes,110080,70600,paid
order_c1bhqkhbf5wvvk,15/03/2026,cust_4qw7nm4,Sneha Patel,560004,98900,paid
order_t01fophjhrcyul,05/02/2026,cust_tmgqg7n,Arjun Iyer,400034,66500,paid
order_dm5l97hj2bvlz7,23/01/2026,cust_ebbt6ke,Vikram Kulkarni,560074,93600,paid
order_fx9trmq5liz5a5,05/01/2026,cust_3cseds9,Ananya Fernandes,600060,151200,paid
order_j94251oq964e14,19/02/2026,cust_xif6r7d,Sneha Menon,560062,123800,paid
order_sg9npekzblxel3,09/02/2026,cust_r34tzli,Divya Sharma,411045,53200,paid
order_01si0x3r6p7a11,21/02/2026,cust_beqxv7h,Joseph Patel,560054,95700,paid
order_yg9coe5ih36c76,20/03/2026,cust_1c8ylg4,Divya Patel,110016,121800,paid
order_a991kjhqjv1r5x,30/03/2026,cust_hv0iqio,Karthik Pillai,400024,313800,paid
order_6mmdesiq3f86mn,26/02/2026,cust_jpfm0k8,Vikram Mehta,411055,90600,paid
order_iiazkwaox9dq01,02/01/2026,cust_9wpzzek,Kavya Chatterjee,400070,95200,paid
order_pew51b51qy0lxe,11/02/2026,cust_cigja4s,Siddharth Gupta,110083,59100,paid
order_k13hc9tl8nvmw2,02/02/2026,cust_zqonsx0,Karthik Khan,560097,112200,paid
order_ohgg0ygqg5iwwg,07/02/2026,cust_gtuq32h,Pooja Iyer,411025,71700,paid
order_ghttguqktfi7bd,02/02/2026,cust_izf5bjb,Arjun Pillai,560032,64800,paid
order_hamzvnuira9u9v,18/02/2026,cust_i26a6je,Priya Khan,400006,284100,paid
order_q7wtduqylsryri,21/03/2026,cust_nnt9alx,Anjali Joshi,600081,112000,paid
order_makmfz6vhuvwev,09/03/2026,cust_h3cvyns,Vikram Patel,400021,83500,paid
order_oqx2t7xnxq413y,25/03/2026,cust_nphtwz7,Rohan Desai,560032,58300,paid
order_gblcae26rladub,08/02/2026,cust_t9dk7je,Vikram Mehta,400007,340400,paid
order_kslmvfbutfh46c,28/02/2026,cust_cvyifxl,Siddharth Reddy,560064,36400,paid
order_75xbz7ededc0us,29/01/2026,cust_grg3467,Rohan Iyer,500067,38600,paid
order_d191ao5md157bd,02/02/2026,cust_i40ehkf,Pooja Gupta,560028,737500,paid
order_immzvmvdk5e9d7,20/02/2026,cust_g4oxqaq,Divya Pillai,560054,83400,paid
order_trvq2yjlz3ji82,29/03/2026,cust_drt7ih6,Aarav Gupta,560056,761600,paid
order_drm9ypblf1f78i,17/01/2026,cust_ip1rfoq,Siddharth Bose,560036,48300,paid
order_2dvtzrzjazvx8a,10/03/2026,cust_14phix2,Karthik Rao,560103,32100,paid
order_0yhbgozps6frg7,05/03/2026,cust_kikelm5,Anjali Patel,682023,342800,paid
order_ofnnp2saraqhuk,18/03/2026,cust_cjfwz45,Tanvi Sharma,560024,36900,paid
order_3zly0soaiyd7m3,25/02/2026,cust_3ik1suf,Ritu Reddy,700137,32900,paid
order_ke3kbxly7zsg6o,30/03/2026,cust_573n01q,Imran Sharma,560075,76100,paid
order_glr3g7ikhqvnwg,11/01/2026,cust_qjfdkf0,Imran Khan,560080,56400,paid
order_1hnljtd2kskrmd,07/03/2026,cust_x9r3e80,Pooja Nair,560062,112700,paid
order_ohkfwoyjkaqr7e,19/01/2026,cust_i3vcgze,Ritu Pillai,500055,80300,paid
order_q0pdar402qbm70,02/02/2026,cust_8bifczo,Sandeep Kulkarni,500032,348500,paid
order_08wh431g06g380,15/02/2026,cust_pjufjcr,Fatima Fernandes,400046,34000,paid
order_4y30kg0rp1em57,06/02/2026,cust_obzchag,Harish Nair,560096,51200,paid
order_c5l7q5l30m3axs,30/01/2026,cust_hkcewgu,Lakshmi Rao,400079,57100,paid
order_mbt4wpyqc2fkrf,22/01/2026,cust_f67xzfy,Ritu Khan,500096,175500,paid
order_bzvhhlw1e0q5ge,27/02/2026,cust_fy8fu1t,Priya Desai,110086,55700,paid
order_xki8h86x9fqvrj,30/03/2026,cust_s2srgqx,Fatima Bose,600059,62300,paid
order_apbwol5y0gfqoj,19/01/2026,cust_go20luq,Siddharth Gupta,500092,68800,paid
order_u2nwa8vbsamlvt,30/03/2026,cust_zyk63li,Fatima Pillai,560084,43000,paid
order_xef1n5imhbaeru,09/03/2026,cust_r595u0g,Joseph Nair,560008,286300,paid
order_gi4pqsad6pvadp,03/03/2026,cust_1u1ccan,Divya Khan,411001,898600,paid
order_osnsln5666d6sk,30/03/2026,cust_k38wuyn,Joseph Mehta,682006,212100,paid
order_nt85ftjq8pyulc,07/01/2026,cust_l0j63lb,Joseph Joshi,400051,58400,paid
order_yy6doo4o51uteq,23/03/2026,cust_t0f0vkr,Meera Bose,700036,295500,paid
order_1rgsr7z68f0bqu,26/01/2026,cust_4sihtng,Lakshmi Kulkarni,110023,204200,paid
order_i0kba1836gmkqf,25/01/2026,cust_bznmnxu,Karthik Khan,411030,82200,paid
order_yic802lldd8qe5,23/02/2026,cust_jc6pbay,Joseph Kulkarni,560022,102200,paid
order_0jbmgkadynzn78,14/01/2026,cust_4dhw2xx,Meera Kulkarni,600089,171700,paid
order_czh2v7xhxijzyx,28/01/2026,cust_50bcdd6,Nandini Reddy,302020,214000,paid
order_5hweue3z3qvv31,18/02/2026,cust_8r3ycwq,Manish Gupta,411032,120300,paid
order_adb9u5pcrt97zd,11/02/2026,cust_ob6s6p8,Tanvi Reddy,600092,99600,paid
order_fzxa5gvi03h8eb,18/03/2026,cust_30fsj0a,Ananya Rao,110085,349200,paid
order_qmd5bmh69tdb35,20/02/2026,cust_jgyraei,Manish Pillai,400041,621400,paid
order_qz6ielzsks5tyi,31/01/2026,cust_hdv1n26,Harish Reddy,560004,735000,paid
order_u58p46kztc4h7p,29/01/2026,cust_ty10h0o,Fatima Rao,411001,44800,paid
order_je5fj50amg3obr,26/02/2026,cust_xzt0v96,Karthik Joshi,411019,68800,paid
order_iwa7b5e6684rsc,19/03/2026,cust_jvi53kw,Fatima Rao,700148,179700,paid
order_qw6z4y3vgraboj,31/01/2026,cust_by4doqh,Nandini Reddy,700075,38800,paid
order_jzlr11m9vmo7g4,26/01/2026,cust_nyjygtx,Nandini Reddy,500014,515000,paid
order_qkt0eze07gq2ab,06/02/2026,cust_5xb2g9g,Harish Nair,560053,403200,paid
order_r1slz9t0h2a117,30/03/2026,cust_w7cjbim,Priya Rao,560079,325200,paid
order_douf9sqmn3yeuy,19/01/2026,cust_qxjy5yn,Priya Fernandes,560017,50500,paid
order_444uhpf38y7vej,29/03/2026,cust_vg86s9a,Aarav Khan,411006,49300,paid
order_inuz18kvsgvc2b,11/02/2026,cust_ag7qggc,Manish Joshi,400065,57100,paid
order_94ezth86tsys5d,25/02/2026,cust_jbpttc7,Aarav Menon,110073,37100,paid
order_tq8vgghzoq0y03,26/02/2026,cust_wqjxw8c,Siddharth Kulkarni,411051,130800,paid
order_hahr4eg3d15mgj,29/01/2026,cust_2mu9x8y,Priya Pillai,560021,248400,paid
order_nzijqk9uqho8ku,09/03/2026,cust_cd8kxwk,Divya Sharma,411008,67400,paid
order_cxwrru1v09fdyt,18/03/2026,cust_eilbqk5,Siddharth Menon,560081,48600,paid
order_gbf88t8lytq889,02/03/2026,cust_q123a1z,Rohan Nair,600017,164700,paid
order_126pyepqx47ktn,10/02/2026,cust_oxru5sa,Lakshmi Patel,500042,128500,paid
order_80lrpsc34rg9ta,14/02/2026,cust_8cnsfm3,Aarav Joshi,600038,78800,paid
order_rs8gjzcc4gvfz8,30/01/2026,cust_3u81vjm,Imran Menon,500072,251600,paid
order_8dyal3yexorx4b,27/02/2026,cust_um20jxw,Imran Bose,700028,50400,paid
order_ix2njcv73vvqfd,15/03/2026,cust_hflnuxm,Divya Mehta,600002,232300,paid
order_76pviq6dcvuew0,30/03/2026,cust_yocqqz2,Tanvi Iyer,400056,73400,paid
order_7i9u24iyl4pcfo,18/01/2026,cust_lj0xiw5,Pooja Khan,411055,124100,paid
order_lsscnqeef7et3y,27/01/2026,cust_vbcjmkw,Pooja Chatterjee,110072,477400,paid
order_3rha3miiicfxk1,02/01/2026,cust_1r15the,Ananya Iyer,600106,33800,paid
order_hdwawy74yfgbr3,15/02/2026,cust_8bnts2h,Aarav Chatterjee,560057,75200,paid
order_hpi8bvcilt92u1,27/01/2026,cust_wix766f,Anjali Mehta,400062,52200,paid
order_q5apdzd3885uzn,17/03/2026,cust_wbwfw60,Nandini Desai,400019,848300,paid
order_l9rsrula6jwv8c,05/02/2026,cust_vriweqr,Priya Kulkarni,302033,52100,paid
order_j26vy38n24q1hu,11/03/2026,cust_uiob3cw,Sneha Iyer,700059,70400,paid
order_5kghhfmxd9utyy,18/02/2026,cust_pzajy9w,Harish Rao,560020,132600,paid
order_in4mjivnsgx8sm,31/01/2026,cust_d3hb9bx,Manish Chatterjee,560044,553000,paid
order_xiipl6nwmf5jbv,15/02/2026,cust_z2l4erz,Rahul Nair,560009,313400,paid
order_etq3aho2dpg269,14/02/2026,cust_n1jypld,Pooja Mehta,560026,70000,paid
order_sc075zzg7ebtxn,27/03/2026,cust_8vzi9f6,Aarav Joshi,560016,65100,paid
order_9g50gficb0t5mu,28/03/2026,cust_d4fex1c,Karthik Reddy,400034,98900,paid
order_ysnccg8kduyy2i,23/01/2026,cust_ppdndlh,Rohan Iyer,500080,864500,paid
order_tloipp3hkp4to5,25/02/2026,cust_3jkp3d9,Aarav Menon,560081,66600,paid
order_8ghqyv0twf8njy,19/02/2026,cust_0k9r78l,Karthik Pillai,700027,100100,paid
order_zz5lp6js66z6o5,13/01/2026,cust_oy0y9m7,Manish Sharma,110068,243900,paid
order_g4rnryx78c822r,16/03/2026,cust_w7ct9dm,Priya Mehta,600104,50800,paid
order_psfzocn2h6ljms,18/03/2026,cust_b34xosk,Rahul Bose,400084,493500,paid
order_02ndnbc68kco5g,04/02/2026,cust_r1ihdob,Aarav Iyer,560026,74200,paid
order_k48o7wi6wfjgkb,02/03/2026,cust_i8x6rkp,Ritu Fernandes,560046,90100,paid
order_9fqs9g1yv6tr63,06/01/2026,cust_3pq334c,Harish Joshi,560008,77300,paid
order_awo4fljwo79nmr,18/03/2026,cust_77cwhgy,Harish Iyer,400051,51200,paid
order_bi3g19ylofolto,28/02/2026,cust_7xg0fgj,Harish Sharma,560087,130400,paid
order_9dqfq7nnnljazv,07/03/2026,cust_ydkq22y,Kavya Menon,700051,37100,paid
order_oj5yewqprdz5ke,04/01/2026,cust_o733h8d,Fatima Chatterjee,700134,63300,paid
order_203wv6i60hripc,31/01/2026,cust_2wddr1c,Rohan Sharma,411009,84800,paid
order_g8c5l0nkbnwodi,07/02/2026,cust_t0yfhr9,Meera Chatterjee,700098,212300,paid
order_gj3c660g2mdyoi,21/03/2026,cust_levdhou,Kavya Desai,411051,88100,paid
order_m89kp8yvujpxbr,21/02/2026,cust_jekqwex,Divya Desai,110022,337200,paid
order_vmknimf9cvjq69,04/02/2026,cust_uksld3m,Sandeep Bose,600103,70700,paid
order_1ut77vxxkkl9u3,23/02/2026,cust_4pbzpoq,Sandeep Bose,560076,106800,paid
order_1psgjkp9wkbdat,03/03/2026,cust_v9ekgte,Nandini Reddy,400056,183200,paid
order_imn6aflkcoky0p,15/03/2026,cust_ydkpcjj,Arjun Reddy,302031,148500,paid
order_2f9s47c32asklf,11/03/2026,cust_xnc65zd,Siddharth Patel,400042,85500,paid
order_qn47qz3ymygmdr,07/01/2026,cust_38qts2b,Nandini Chatterjee,110008,50800,paid
order_49fge0tdl209rq,07/03/2026,cust_wnsyw83,Fatima Iyer,560095,322700,paid
order_76xx9wai0itpr8,03/02/2026,cust_ua2d8na,Harish Nair,411027,176000,paid
order_5sfnklsdyyitvs,31/03/2026,cust_ofg2nhx,Ananya Menon,411012,578300,paid
order_t5ru8czzzderf5,30/03/2026,cust_8qy1drd,Nandini Mehta,700079,494300,paid
order_2yg65eg0l1w7iw,06/02/2026,cust_4kvo3zr,Joseph Khan,560061,142000,paid
order_dehwg1vs48u65a,27/02/2026,cust_0fq9poq,Pooja Rao,600102,111300,paid
order_1avfan2d43oyky,15/02/2026,cust_vt817eb,Aarav Joshi,500078,146300,paid
order_w1o82ljhe5nbzl,09/03/2026,cust_1f8kxd9,Rohan Khan,400005,44400,paid
order_4kvw88yat6jeh8,21/03/2026,cust_ph3rzlp,Harish Joshi,500070,245900,paid
order_9dl5w7s0mzc3ie,16/02/2026,cust_329tne4,Arjun Gupta,600052,69000,paid
order_1vknn75wyp37nh,29/03/2026,cust_t3p7cro,Anjali Desai,682014,140100,paid
order_3zapvliu4wkko2,23/03/2026,cust_ri824b3,Tanvi Nair,600032,148700,paid
order_h70exckw83op5c,14/02/2026,cust_zvbdaua,Anjali Gupta,411033,78600,paid
order_ytsgda68ykxj4j,06/03/2026,cust_4lcd2mo,Nandini Khan,110006,58600,paid
order_k3o8aqlkto2qva,31/03/2026,cust_wtc8svh,Tanvi Bose,400033,121400,paid
order_nhcpdr2atrk1h2,08/01/2026,cust_buufdwv,Joseph Khan,400088,245500,paid
order_aym4dj4azvlhoj,03/01/2026,cust_kuzh2r6,Manish Bose,400063,60600,paid
order_tbvz00y1ppvurx,11/01/2026,cust_heuek5o,Rohan Joshi,600037,40500,paid
order_6giswv616j9bzm,02/02/2026,cust_v4vv6xk,Sandeep Bose,500064,88600,paid
order_c5840o3d1zuu7m,19/02/2026,cust_jfwyqe9,Lakshmi Khan,110030,448600,paid
order_kmxb38o8b14v9h,15/01/2026,cust_d4ytmbj,Vikram Chatterjee,411016,76900,paid
order_14egtgs3ew19gk,04/01/2026,cust_ficjenh,Vikram Nair,110016,49500,paid
order_jrncevqre81gek,31/03/2026,cust_26wmbel,Tanvi Kulkarni,500003,101000,paid
order_5uxukka25biqqu,15/02/2026,cust_uxk8kxt,Imran Desai,400068,69500,paid
order_k05ve88maoe782,02/01/2026,cust_6axo280,Fatima Mehta,400051,147000,paid
order_i5gfzy2gy1yerx,03/02/2026,cust_a9s6s50,Nandini Iyer,302008,197400,paid
order_j003kr90p1ly61,12/01/2026,cust_v4aajnd,Manish Rao,500005,105900,paid
order_tw0p8n5116ozim,27/03/2026,cust_5etz4j8,Ananya Kulkarni,560094,39100,paid
order_jdxobqu5tl776q,22/02/2026,cust_vr9qeph,Priya Mehta,411024,30800,paid
order_3euqfqu3cxzonq,13/03/2026,cust_vd9q0se,Imran Chatterjee,380051,636500,paid
order_gqtl34i2llzkxj,26/02/2026,cust_u88h3js,Siddharth Patel,400039,181500,paid
order_c16j1kr6phmlns,07/02/2026,cust_v9188pa,Vikram Pillai,600096,115500,paid
order_vpbkxs9zhiw6o7,29/03/2026,cust_6ujj713,Priya Chatterjee,600038,36200,paid
order_zwtn53ysvcyt50,16/03/2026,cust_loiiyhy,Priya Desai,400062,124600,paid
order_ahlyrg4melmjy3,17/02/2026,cust_zqs0nh4,Arjun Gupta,700034,67400,paid
order_wlfgrhalhgaj1k,01/02/2026,cust_a9zfen3,Meera Iyer,560004,58700,paid
order_7tap7diuljduwg,25/03/2026,cust_kz9qb53,Joseph Menon,560070,69100,paid
order_kbpyz5ms6u0mgf,16/03/2026,cust_6f7m21a,Rahul Pillai,500022,314700,paid
order_j9co01lt80lpgd,08/01/2026,cust_7iksh5z,Vikram Rao,700105,304400,paid
order_mb1nd1bsaj15ky,01/02/2026,cust_hq8tg34,Rohan Nair,400008,75500,paid
order_5ol6ru1wvuwmr0,24/01/2026,cust_3henyz9,Pooja Pillai,682006,143000,paid
order_novcq24za7slyl,23/01/2026,cust_1qprmhh,Karthik Iyer,411010,51000,paid
order_40k1vt43xfthsg,21/02/2026,cust_xm8uxf8,Ananya Khan,560058,32200,paid
order_9nenra7oalpc80,05/03/2026,cust_kca4f7q,Arjun Khan,600056,148800,paid
order_0lai9270fan0xz,03/02/2026,cust_mghk152,Manish Mehta,400065,318300,paid
order_cjrahfzuch1qfy,30/01/2026,cust_q9rbs2v,Lakshmi Reddy,110003,38900,paid
order_5nsa5rldy7j2rr,16/03/2026,cust_0qavp3b,Joseph Khan,560102,69200,paid
order_emww6i8mxq4g4y,15/01/2026,cust_92osa6n,Nandini Desai,500031,74300,paid
order_xh5t1wxa2z60kj,03/03/2026,cust_nxozfl0,Tanvi Fernandes,560020,85700,paid
order_19u8z0simfra12,04/01/2026,cust_yruiu7g,Ritu Menon,500082,41000,paid
order_718vho9vqaxath,27/02/2026,cust_zmhojs6,Siddharth Reddy,700108,798000,paid
order_7yhaedi9u4xu0u,06/03/2026,cust_qr7qdbz,Tanvi Chatterjee,600088,65700,paid
order_hqfu15yhfwu0as,30/01/2026,cust_g0hnrc4,Lakshmi Sharma,400010,125200,paid
order_5fse6xwc77csqz,28/02/2026,cust_2oc3djn,Siddharth Pillai,380018,66200,paid
order_qm9o6pbqb0jeal,20/01/2026,cust_49h8q5j,Arjun Bose,600067,53800,paid
order_c8xjxxy3f29bpv,31/01/2026,cust_p9p1y5q,Siddharth Iyer,500014,32200,paid
order_xsnig1lv9jhe1e,01/03/2026,cust_vjwvphb,Meera Rao,302008,70300,paid
order_y93yd0ccmcgec9,04/03/2026,cust_ab64o6g,Harish Patel,110004,841600,paid
order_0hxrsi06mivsi9,20/02/2026,cust_y1hu21i,Ritu Chatterjee,560068,787000,paid
order_1ulbkagp0u4alq,25/02/2026,cust_gfshqo4,Kavya Rao,302013,53700,paid
order_3vg6zu1tt1r4ir,28/02/2026,cust_vzvlaja,Ritu Gupta,380026,167400,paid
order_kbi1satq3atkxq,21/02/2026,cust_ank0wy6,Imran Khan,682001,114900,paid
order_g7kt5p9909ojg0,24/03/2026,cust_ytvujrm,Priya Kulkarni,110003,74500,paid
order_rkg674aexuueu3,14/03/2026,cust_gedldu6,Divya Fernandes,302027,47500,paid
order_mbimw4vkkhen0n,24/01/2026,cust_8ldwo4w,Kavya Gupta,302010,119900,paid
order_6ounpx4hf3mwlo,10/01/2026,cust_txi99z0,Pooja Chatterjee,110076,213700,paid
order_590csuxggkdgvt,26/02/2026,cust_o0s3kv9,Sneha Rao,500032,116800,paid
order_fl4osr3abehgag,31/01/2026,cust_9fzn5e6,Imran Desai,682029,60600,paid
order_yipryc58v3sdm5,20/01/2026,cust_2hobspf,Karthik Gupta,110006,88900,paid
order_wjp13r23lgbz4j,23/03/2026,cust_ol9yeqw,Kavya Joshi,380046,73000,paid
order_ppjz6cdg0k64q6,11/01/2026,cust_cfso69b,Ananya Fernandes,560059,129200,paid
order_8qpe2j6ejpknur,30/03/2026,cust_nmi91sf,Rahul Patel,400045,75700,paid
order_pn9qb0h81kv39s,16/01/2026,cust_9ak8au8,Rohan Iyer,500086,59500,paid
order_jmhrmdckslxman,24/02/2026,cust_j64a4hy,Meera Nair,600083,111800,paid
order_jvqq4ok7ch6gn4,16/03/2026,cust_ljob1ax,Rohan Joshi,110038,77200,paid
order_f7zggq3cykuae7,08/01/2026,cust_ri4oqf8,Aarav Gupta,380012,84000,paid
order_z2urr9oeejxwio,07/01/2026,cust_fhrv899,Lakshmi Kulkarni,400092,320600,paid
order_o8izhwm48frxwh,30/01/2026,cust_y1534b2,Sandeep Patel,560059,116300,paid
order_inrr0k5hv2bayu,22/01/2026,cust_h7d1y5h,Divya Gupta,400064,47500,paid
order_3orom4ns9uxwi0,28/01/2026,cust_dl7bnx1,Tanvi Khan,110019,36700,paid
order_59rkyz9uzb0gva,10/03/2026,cust_paf4shb,Manish Desai,560018,121500,paid
order_r8r7l8j057jzth,05/01/2026,cust_3ggto1p,Aarav Patel,400102,33100,paid
order_uwtp5a0tfkotgi,10/02/2026,cust_cqqcwc2,Joseph Menon,700056,34400,paid
order_07phtxaj2s5lfg,11/02/2026,cust_r0elv7y,Meera Bose,400001,37400,paid
order_1xgl9xyk9siqoj,27/02/2026,cust_kqvzlxj,Tanvi Sharma,302037,63900,paid
order_5m8xlf23qily8l,01/02/2026,cust_p67yk1z,Sandeep Fernandes,700017,71300,paid
order_qivj4lv4sqw0pt,06/02/2026,cust_b7ipioa,Sandeep Rao,380044,88700,paid
order_0dk18o5flf1msw,19/03/2026,cust_s9yn24t,Kavya Desai,411050,131600,paid
order_1bx4cgmdbtpka3,29/01/2026,cust_6rcgxcq,Pooja Rao,400042,134900,paid
order_wlklojdhs508tz,21/01/2026,cust_y5rugi7,Anjali Joshi,110033,34800,paid
order_yeijulcv0z5izq,28/02/2026,cust_1qlzp5h,Pooja Rao,560099,47400,paid
order_jaufrwljn4wvhs,31/03/2026,cust_ji2tzp6,Manish Sharma,560011,259200,paid
order_vgcdo5cd8tlhky,26/02/2026,cust_t0l3gxh,Arjun Chatterjee,560086,93100,paid
order_zvwo608bmm4tvu,16/01/2026,cust_ajdi0wj,Priya Rao,700069,111000,paid
order_i5g0owt3ibsmx1,01/02/2026,cust_p6ttjd0,Divya Desai,380024,666900,paid
order_htxhfscyyfqh97,18/01/2026,cust_n9tqd45,Sandeep Mehta,560072,37300,paid
order_ni06dv998uw8u5,08/03/2026,cust_ioc1y1n,Pooja Patel,380025,237100,paid
order_c62axkvw6wepeg,26/01/2026,cust_dirkhhd,Tanvi Rao,500053,99900,paid
order_ulgkes48f41ksu,06/02/2026,cust_3gxvw3g,Rohan Sharma,400040,36700,paid
order_949nf8vmz7xl90,19/02/2026,cust_b3u32pw,Priya Nair,400002,131800,paid
order_bygvv39n4wg3fl,13/03/2026,cust_dxhtnzn,Nandini Rao,560013,345900,paid
order_vowafc5yb0ci3t,21/03/2026,cust_v4m1jt1,Priya Patel,500051,70600,paid
order_h27zh2wextaadw,29/03/2026,cust_afng4xo,Ritu Chatterjee,110022,235800,paid
order_d6mu5lhayj2zi0,11/01/2026,cust_kbr7ip5,Tanvi Chatterjee,302025,134700,paid
order_vx2l8l7ud624oi,10/02/2026,cust_2yf40fn,Anjali Chatterjee,560044,57600,paid
order_r5hrezx0bxeegi,31/03/2026,cust_vr3bivy,Karthik Desai,700078,238700,paid
order_c86kq7bfgs2qda,29/03/2026,cust_cgboa7q,Kavya Gupta,500078,109900,paid
order_zc8odpkkw0rxki,01/01/2026,cust_qe23ak1,Siddharth Menon,682040,34200,paid
order_m6c8crjyyxxh5b,23/02/2026,cust_e52qqbg,Anjali Joshi,110016,270700,paid
order_ipoewevmb1xqwp,10/03/2026,cust_u4o45w8,Joseph Joshi,500027,33300,paid
order_sk1g3dbioapnxb,17/01/2026,cust_sg3fami,Manish Desai,400060,119800,paid
order_aa3ovemmjclng9,12/02/2026,cust_wpqyjb1,Nandini Reddy,500033,64300,paid
order_frjusmkbwgjewu,05/01/2026,cust_ry1u40v,Ananya Menon,110006,47900,paid
order_7yumhtx0k272re,31/01/2026,cust_0ao65nh,Priya Fernandes,600088,135200,paid
order_xm8xy3uiuhfewd,28/02/2026,cust_iki2eqd,Nandini Nair,110050,227700,paid
order_1cdbvl02d3fmhh,22/01/2026,cust_6zjilmq,Rahul Pillai,411008,56300,paid
order_ifo32gc2sytb4r,08/03/2026,cust_vtd5xgn,Karthik Khan,700119,48000,paid
order_1xm7lil337zcd0,20/01/2026,cust_16esmzp,Tanvi Patel,400072,289500,paid
order_6shfquhe85yic2,30/03/2026,cust_s4onsnm,Harish Fernandes,500061,828600,paid
order_g3x6l7ob7ii7bj,01/02/2026,cust_9yfi19f,Fatima Khan,700050,68900,paid
order_66l6d3mhe3w07e,18/03/2026,cust_4g0ud11,Sandeep Desai,110038,59600,paid
order_6zp3ehsjio19rf,17/02/2026,cust_omvq164,Nandini Gupta,110040,54400,paid
order_i842dhr33udnyg,27/02/2026,cust_jghy486,Fatima Joshi,560012,61800,paid
order_rrby7xramvtqwn,06/01/2026,cust_8ip02ny,Priya Pillai,500062,840600,paid
order_98gylworp36yvg,09/03/2026,cust_if3l0xc,Lakshmi Rao,302032,77200,paid
order_g2uhdhoael1azi,06/03/2026,cust_k9e12lq,Manish Nair,500033,45900,paid
order_w2puwcicnazg4a,04/01/2026,cust_7b3f48h,Ananya Pillai,560095,75000,paid
order_oracj7k7qx7sov,25/02/2026,cust_j6vf1rl,Imran Mehta,700138,80500,paid
order_zjca0pqizgnpt0,30/03/2026,cust_qyedrw8,Joseph Sharma,500090,206500,paid
order_obsf31243agj73,13/02/2026,cust_pr7f2d2,Karthik Reddy,411016,131300,paid
order_u61rhcfn0feh95,01/03/2026,cust_1mbnm0n,Tanvi Chatterjee,400073,47200,paid
order_qe68qhf62rd276,19/01/2026,cust_h7il4ht,Rohan Pillai,110065,291800,paid
order_zxuftt7aksuifw,08/03/2026,cust_fzfqsvn,Nandini Reddy,500018,66900,paid
order_hpw6yscmx2gsko,31/01/2026,cust_cjdnxv0,Manish Sharma,500054,73900,paid
order_ee2hdf6wlusp1j,13/03/2026,cust_ab80tim,Nandini Kulkarni,560012,244800,paid
order_fhxfatjljokg0q,22/01/2026,cust_kj7obxs,Sneha Kulkarni,700025,119500,paid
order_nnfoapg655upzw,11/01/2026,cust_5ajgq69,Arjun Iyer,560031,70000,paid
order_fgdtl9x5nf0pai,29/03/2026,cust_3pkxzrw,Siddharth Joshi,380059,39600,paid
order_ymg1nj6j8dn945,02/02/2026,cust_2gyd8ya,Rahul Pillai,400007,299000,paid
order_dlcq42h5dxy0jk,14/01/2026,cust_s3luv43,Fatima Bose,560059,56300,paid
order_uw6dpfj350yeet,11/03/2026,cust_x6w5kjb,Lakshmi Nair,400059,47500,paid
order_ekt56lu9uak59a,23/03/2026,cust_0oouma7,Ananya Fernandes,411031,118900,paid
order_oalphpxeno2fbl,15/02/2026,cust_gl44ne9,Meera Patel,400020,48800,paid
order_7u2g30xzo57jq0,20/01/2026,cust_rx7wwdl,Sandeep Fernandes,400077,138800,paid
order_x8mtdr8mpe0ty7,16/01/2026,cust_t132qji,Anjali Khan,110003,106000,paid
order_9hywlbq816fdn8,11/03/2026,cust_ow2v2o2,Sandeep Sharma,400103,134700,paid
order_u60cni5nphq4q8,23/03/2026,cust_0x909n6,Divya Mehta,600089,129200,paid
order_tblbjevcljg2rz,06/03/2026,cust_8uwi078,Ananya Gupta,560088,69200,paid
order_hubfzg50iveyzm,17/03/2026,cust_4uowksa,Vikram Desai,560063,269100,paid
order_p88gdetd1ymso0,23/01/2026,cust_475fynw,Arjun Khan,560014,45700,paid
order_6puurkrwrpuv0i,06/03/2026,cust_e0jx49e,Aarav Bose,560023,45400,paid
order_08wxi9emk36595,27/02/2026,cust_4ln9f7l,Fatima Desai,302009,214600,paid
order_ujocsbktppjory,16/02/2026,cust_nqrz645,Imran Desai,682018,48600,paid
order_21kddx06zp3za3,18/03/2026,cust_nd76qsz,Meera Joshi,411021,46000,paid
order_fqwv1jix2h0a1m,24/03/2026,cust_9cy4p0a,Karthik Kulkarni,500037,268200,paid
order_a4z4q6z2syyv8t,04/01/2026,cust_vhn6vm3,Joseph Iyer,560090,72400,paid
order_fxzpybfn2dd7lj,01/03/2026,cust_mnofjvl,Rahul Patel,400020,37500,paid
order_gs70vw4cypeaev,25/03/2026,cust_lv4ns0z,Meera Desai,110028,60100,paid
order_undww7y07y9yrr,01/01/2026,cust_wbd5kyk,Vikram Khan,302015,65500,paid
order_4nlkdmxhd5mnzi,27/02/2026,cust_a35p777,Rohan Kulkarni,400071,710700,paid
order_fe6vlhi5iw2cf8,30/03/2026,cust_8pfkute,Arjun Gupta,600049,76800,paid
order_6ajlny9p42tzkv,27/01/2026,cust_32rehz9,Imran Menon,110095,323600,paid
order_noktcxyy0s97at,05/01/2026,cust_6p8jmzy,Manish Mehta,110088,78900,paid
order_yyfxgufaz385iz,22/03/2026,cust_4ph793b,Harish Kulkarni,600105,78800,paid
order_5ssxppm19x5o0u,14/01/2026,cust_s5j9lx9,Karthik Menon,302008,50200,paid
order_7ff0n2ahx743qf,22/01/2026,cust_q0ah9wo,Sneha Mehta,302030,70600,paid
order_osmfx83sirxelv,28/03/2026,cust_y1hbjwo,Harish Reddy,400074,140400,paid
order_r2rkkpkmhhe6mi,14/02/2026,cust_0v5301y,Priya Iyer,500038,232500,paid
order_4msmx6ctpi7mjt,08/02/2026,cust_h4mmyhk,Sandeep Nair,500077,30500,paid
order_tc33em9c97xgre,10/02/2026,cust_m9ez8yw,Pooja Rao,560064,43200,paid
order_hxc32qvx517suf,27/03/2026,cust_18f6djc,Siddharth Menon,400080,386500,paid
order_uq2ffm5dadtktg,07/03/2026,cust_bq9jv0i,Sandeep Reddy,110047,124900,paid
order_pqlg3hd7ljfscc,30/01/2026,cust_dg8d40t,Rahul Desai,600102,40200,paid
order_oukksm0mtk9obn,09/02/2026,cust_mp1nysh,Imran Fernandes,560023,109200,paid
order_xek86c1blxt5fq,18/03/2026,cust_lbq3mx7,Manish Bose,560008,47000,paid
order_7jpzwu61a9g5gd,18/01/2026,cust_jpg7v5k,Ritu Sharma,400095,37500,paid
order_gchszg74yybz7d,20/01/2026,cust_r2shgji,Sandeep Rao,110070,130200,paid
order_hk3bzf3x1sclmi,27/02/2026,cust_oll5hz3,Ritu Joshi,400039,159800,paid
order_ga05jt2oi6xsgh,03/03/2026,cust_6prehcd,Ritu Bose,400043,121100,paid
order_60q59jkiyotodu,22/03/2026,cust_vsaxfgm,Harish Bose,302011,110200,paid
order_r2sgcikh70igko,19/02/2026,cust_6oxz89i,Manish Joshi,560083,233300,paid
order_uve9uusrpfvhxx,18/01/2026,cust_5gikjkz,Divya Desai,500068,30200,paid
order_gfmcimbd7ip4op,26/02/2026,cust_bbheg3a,Priya Fernandes,411025,342700,paid
order_e8koqjbqjoj25x,09/02/2026,cust_n4orzxs,Meera Nair,560088,431000,paid
order_bdqsu677tw5t27,31/03/2026,cust_js1vvvg,Priya Bose,700135,118500,paid
order_6b197xk8gud03k,19/02/2026,cust_tjrva5x,Kavya Mehta,110013,79400,paid
order_s02ov4qzft0y8x,12/01/2026,cust_5an83iz,Siddharth Kulkarni,110077,44800,paid
order_zaag37mww1w92o,04/03/2026,cust_omrrz4m,Harish Khan,110075,285100,paid
order_85qzcx57lhuul5,17/02/2026,cust_w6phg26,Priya Kulkarni,110093,33600,paid
order_6158juqgmy0qaa,04/02/2026,cust_is07bjx,Anjali Sharma,400076,60600,paid
order_4kc6c5nlqtkxwu,24/02/2026,cust_w1o7sae,Imran Bose,400052,83500,paid
order_ele9rsz8u7di57,17/03/2026,cust_dxj10fr,Priya Khan,600062,75200,paid
order_7tsv9uupjclqrs,04/01/2026,cust_qmjsbit,Divya Fernandes,400057,56600,paid
order_0z82uxvh0bopfj,24/01/2026,cust_888ko31,Aarav Bose,560004,297700,paid
order_n1mknz1e4iagss,29/01/2026,cust_icd23iz,Ananya Pillai,500004,130400,paid
order_nxz2ifbb864m6z,09/02/2026,cust_sbbppox,Manish Menon,700127,53400,paid
order_aust1juj04w3ya,28/02/2026,cust_a8wk03t,Nandini Gupta,400075,111700,paid
order_2qe7pspcr4nkrs,31/03/2026,cust_4r8hikr,Meera Desai,110095,74300,paid
order_q1o40vcao6yqiw,31/01/2026,cust_849qw49,Sneha Bose,400054,896700,paid
order_54uag3lw6en68l,08/01/2026,cust_xmom5e0,Imran Reddy,400056,55300,paid
order_bzstjdifskkoxw,24/03/2026,cust_tqvuz08,Fatima Pillai,411001,821500,paid
order_80e50w3j6unx9v,31/01/2026,cust_p04diip,Aarav Menon,560059,43800,paid
order_t78awdbymvutm8,22/03/2026,cust_so0n44g,Divya Nair,400069,316900,paid
order_xlwf8ao5id0stw,29/03/2026,cust_lrg18d1,Siddharth Joshi,560084,76300,paid
order_gxb0igpcmk4dzj,05/03/2026,cust_4rs36rw,Anjali Menon,400031,51200,paid
order_ovvrjmnv8t1wir,21/03/2026,cust_qcozb7r,Rohan Nair,302025,323500,paid
order_rrkrfr30vp97te,24/01/2026,cust_c246se4,Fatima Iyer,400042,675200,paid
order_zttneqb6qhct7w,20/03/2026,cust_axgx7e4,Imran Bose,411010,281500,paid
order_cr434nsnzx6uk2,27/02/2026,cust_f519hro,Tanvi Iyer,110075,69100,paid
order_oxs12dabfjf7l2,06/02/2026,cust_c8fncv4,Meera Gupta,302009,56200,paid
order_mvh3wm8g95m22v,24/01/2026,cust_uwdz2cv,Arjun Iyer,400084,53900,paid
order_zixctdxtwoa3qu,28/01/2026,cust_b9hu5vs,Vikram Pillai,560085,73000,paid
order_6clu342wyvqpw1,06/01/2026,cust_7bc4fs1,Anjali Chatterjee,411009,74300,paid
order_9l8y3kc7jcjm3c,25/01/2026,cust_dyv0na8,Sandeep Sharma,560057,103700,paid
order_6jz5yf9xfl4pry,11/03/2026,cust_5ae1sqm,Pooja Menon,700079,134200,paid
order_v9wv1waj5kgm2h,15/01/2026,cust_63o9ah9,Nandini Khan,400058,377900,paid
order_082s4rbhx95yys,18/01/2026,cust_og8b2kf,Vikram Sharma,600080,58100,paid
order_4mu5942m75cghj,08/01/2026,cust_mp2gext,Karthik Mehta,560086,34700,paid
order_bbn95q0mv6e80t,10/03/2026,cust_j6ul5nc,Priya Menon,682036,77000,paid
order_1j6iqf5idepv6x,24/02/2026,cust_zvpjn8i,Harish Fernandes,110029,325800,paid
order_1gbgf478a6b9k7,02/02/2026,cust_bw30lf4,Nandini Nair,500015,57200,paid
order_nzo88y6itp1j1i,19/02/2026,cust_sum921c,Ananya Pillai,400079,36600,paid
order_1gjow77sdjr558,05/03/2026,cust_v00hpu0,Divya Rao,600092,141700,paid
order_1pfxifboochzls,16/02/2026,cust_g2zudwz,Sneha Iyer,302025,76000,paid
order_px25e2aclr8uub,26/03/2026,cust_u2xdqpp,Rahul Gupta,500091,118600,paid
order_9au8p2tl1nrce1,29/01/2026,cust_xmytar6,Sandeep Sharma,600045,124000,paid
order_33d5xvqfr62mhs,22/01/2026,cust_ok4716p,Imran Desai,560038,523300,paid
order_njkjtmjtri41kv,02/01/2026,cust_4sevi9p,Fatima Desai,110064,55500,paid
order_ycuzf09bopk8jf,21/01/2026,cust_dinsqde,Divya Desai,400057,231900,paid
order_3ffap2kqy44u96,29/03/2026,cust_ooj9dq8,Nandini Pillai,600019,31600,paid
order_6h8612l39j0bl2,20/01/2026,cust_72on44o,Rohan Pillai,411023,235900,paid
order_7zb9ymbdaehytj,03/03/2026,cust_bhlu8xb,Vikram Chatterjee,560043,40500,paid
order_gbi27ra6el5pvj,19/01/2026,cust_acz36z9,Aarav Kulkarni,560021,235600,paid
order_qz91ogxrbxsuh6,16/03/2026,cust_e22jykq,Ritu Patel,500047,124900,paid
order_kgkw1dfg72k1i6,26/02/2026,cust_b06444z,Ananya Chatterjee,411018,336500,paid
order_012x1as2x6wlk2,17/02/2026,cust_0wl06g2,Tanvi Sharma,400100,86000,paid
order_rxt79rdpyqfnpa,20/03/2026,cust_3qszwrn,Harish Bose,302038,151100,paid
order_jilc0hir2kb4jl,19/03/2026,cust_kodx1gr,Harish Menon,600004,94800,paid
order_81ho6p5cf7c5o6,01/02/2026,cust_64wg3td,Nandini Iyer,700155,593400,paid
order_3zqwypbtmn7crt,15/01/2026,cust_duo5veg,Kavya Bose,400103,148600,paid
order_47jigqtje268v0,29/01/2026,cust_l26ta75,Rohan Sharma,400076,49700,paid
order_8fwrynustf6d4e,28/02/2026,cust_ckt0c2e,Tanvi Iyer,682012,111500,paid
order_c4c0b8ziw38375,03/03/2026,cust_xl1clit,Joseph Gupta,400072,33300,paid
order_d4pbiebmc6w6fn,07/02/2026,cust_qxnohge,Karthik Reddy,600032,96200,paid
order_5zrkhjs3thl3pe,12/03/2026,cust_ec1otkx,Sandeep Reddy,560035,119600,paid
order_gwicp6lp80zhfe,12/01/2026,cust_hi30ief,Anjali Nair,400055,299700,paid
order_sg9dtba5udmluq,01/01/2026,cust_4ldfy5m,Vikram Sharma,500016,120300,paid
order_rqjzwd4dqe1eh1,01/03/2026,cust_t3echji,Ritu Khan,560004,319300,paid
order_tsuo1isko7vsg5,24/03/2026,cust_xuo6yqd,Harish Iyer,500031,345600,paid
order_il6thdge4z31dj,08/03/2026,cust_lcxr24f,Ritu Rao,560031,41800,paid
order_yphj32n227tszl,17/02/2026,cust_38m9qzk,Pooja Rao,560061,52500,paid
order_a0rkurdlp1wry2,19/01/2026,cust_k3l8lby,Joseph Khan,411009,100500,paid
order_7tha6pig16z2kc,18/02/2026,cust_kccyv0d,Harish Chatterjee,500034,118600,paid
order_008bykf6q05je1,13/03/2026,cust_614yw10,Meera Mehta,560087,95800,paid
order_p1tz4mtk6wj7xc,23/02/2026,cust_48zjea0,Sneha Rao,110003,57500,paid
order_8soult8q5mwtb1,12/03/2026,cust_9hgfcub,Vikram Reddy,560081,310800,paid
order_4v3ktwtw1xbjkf,09/03/2026,cust_iw0dhcs,Arjun Kulkarni,560085,733800,paid
order_larrrr8b638of0,28/02/2026,cust_yq0waju,Rohan Mehta,110073,30400,paid
order_vvcq0qwyopxe1k,25/03/2026,cust_i39pajq,Sandeep Khan,110084,81300,paid
order_279ht5lw3nvx36,12/01/2026,cust_3kpazgy,Aarav Sharma,380038,32200,paid
order_o21rrxnmjdsrib,01/02/2026,cust_4urkjpy,Aarav Iyer,400099,49300,paid
order_2ypd9bh2px2f64,11/03/2026,cust_q3xe2pb,Lakshmi Joshi,411029,819700,paid
order_ehw527b90uxq8c,03/01/2026,cust_prs2cq0,Imran Kulkarni,400003,182200,paid
order_8d4k4kdpn2b2n3,16/01/2026,cust_efumdza,Kavya Kulkarni,700103,51400,paid
order_2ciiqqis5jtyks,07/02/2026,cust_v6z0ifd,Anjali Joshi,411026,43200,paid
order_i7d46qxlk7zoxi,04/02/2026,cust_ije236m,Arjun Bose,400101,60800,paid
order_hm2odzpt07yokh,13/02/2026,cust_v96d4va,Imran Nair,500041,49000,paid
order_1vtvc34uiado92,22/01/2026,cust_4ueyxt7,Lakshmi Sharma,400062,68300,paid
order_kukakzv8b399of,26/03/2026,cust_udci8b6,Lakshmi Gupta,400036,102500,paid
order_ax2pbec4mtn7za,15/02/2026,cust_sj98bs8,Imran Gupta,110064,124400,paid
order_dbc75fj5mfj9xs,15/03/2026,cust_ib22lsd,Imran Iyer,411023,47500,paid
order_qkzgwv82gzs3wj,09/03/2026,cust_lnhoqs1,Ananya Chatterjee,302038,44900,paid
order_9di5lze6stsegs,03/01/2026,cust_g1qywj9,Arjun Pillai,560021,88700,paid
order_n8jjy67s9xptg5,07/02/2026,cust_s590dfo,Kavya Desai,600009,64400,paid
order_bl8q9zlm8qo78r,26/03/2026,cust_s2da64f,Lakshmi Nair,560025,32800,paid
order_ye012sfxbto7q3,02/03/2026,cust_b3m93a7,Joseph Rao,380062,73200,paid
order_ukms65r9vp030f,25/03/2026,cust_ccj09my,Karthik Desai,380028,133100,paid
order_ly3nm7caabe97u,10/02/2026,cust_7ca81ph,Ritu Khan,600070,700100,paid
order_3e2a5sli2uhz9r,04/03/2026,cust_uqz6alk,Tanvi Joshi,110067,75700,paid
order_ecaqijd5dj937k,28/01/2026,cust_271vnlk,Karthik Chatterjee,400082,46600,paid
order_4r1a1h6hzctb2d,17/02/2026,cust_u1vx410,Arjun Reddy,600061,68200,paid
order_x0rybl4t0419lp,15/01/2026,cust_xa3dk0c,Siddharth Nair,411050,51700,paid
order_vxaoxyzp6ft2vh,09/03/2026,cust_pqmfihd,Divya Rao,700081,127700,paid
order_gg871b177oern7,01/01/2026,cust_72k1u8k,Karthik Fernandes,411029,59800,paid
order_978mv7grtmf213,19/02/2026,cust_35jp7y2,Harish Rao,400089,356800,paid
order_s5i01df9lc4zp5,18/02/2026,cust_nsc3plw,Sandeep Kulkarni,560093,39700,paid
order_nnvdcimpkn23yu,03/02/2026,cust_vsb15we,Nandini Joshi,400086,891100,paid
order_y6vp7vkcq537sa,05/01/2026,cust_doan0sx,Harish Rao,682014,537300,paid
order_u1dd79jr2srhsd,22/03/2026,cust_1mfo4xc,Imran Joshi,500077,77500,paid
order_8aevzgoyrrac78,18/01/2026,cust_l5ncg6v,Ananya Nair,110043,73300,paid
order_c1e344k05cg3y7,28/03/2026,cust_2db3qwl,Sandeep Mehta,411003,288400,paid
order_pf9bmo9sklg59r,02/01/2026,cust_y5c4r6p,Ritu Fernandes,380014,108300,paid
order_15uy4ybl19m5fd,26/03/2026,cust_ihmlt6p,Arjun Pillai,600090,56700,paid
order_jo5pv9834ay5w7,03/01/2026,cust_4os8pwh,Priya Chatterjee,560036,46400,paid
order_rpcdqv3qchc2hy,11/03/2026,cust_n2q2aqq,Karthik Patel,700149,101600,paid
order_tfcw9m13yktrbp,18/01/2026,cust_szt75qs,Aarav Pillai,560081,110400,paid
order_x3uc63awqku6fu,19/03/2026,cust_0ltjvpn,Divya Bose,400027,169900,paid
order_c8zo2ecxl758z1,26/01/2026,cust_dy256f9,Harish Pillai,380023,72300,paid
order_u2s2g9olklhbhs,26/02/2026,cust_ji41w1s,Harish Joshi,400064,107500,paid
order_5hf3rj8jhhxry2,06/02/2026,cust_mtmbjz9,Pooja Rao,400036,72100,paid
order_1dirdsn9zgi5zv,12/02/2026,cust_w19x9jg,Pooja Iyer,560055,112900,paid
order_j7nvqeqeudeobr,25/01/2026,cust_wdyqxat,Kavya Rao,500077,853700,paid
order_souyygnjo5dj1h,11/02/2026,cust_om5ebr0,Nandini Rao,110062,217800,paid
order_n5h7ynv97ubyn2,12/02/2026,cust_wd7745v,Aarav Chatterjee,500030,725700,paid
order_8ymls0h7wxfa39,09/01/2026,cust_yak7509,Aarav Iyer,500073,97700,paid
order_vuax4dub228i26,24/02/2026,cust_lkz84yh,Harish Bose,700150,53700,paid
order_w440boa0g0s5cu,15/03/2026,cust_cbhbem0,Sandeep Khan,560047,318000,paid
order_rzx4gug594z8uf,16/01/2026,cust_5z6re2v,Manish Chatterjee,400008,176700,paid
order_3iebxvt3g2gz83,03/01/2026,cust_c39ho4o,Rohan Pillai,411043,38500,paid
order_nfs0gwr800vd92,19/01/2026,cust_b45j9jr,Lakshmi Chatterjee,560055,259600,paid
order_6wgdli0rf3js21,30/03/2026,cust_mz0tx9e,Aarav Joshi,560024,35600,paid
order_c10ybdc1zi27cr,04/02/2026,cust_iwm42tt,Karthik Desai,700113,37300,paid
order_x5m9rak2ozdc1j,03/03/2026,cust_or6tayt,Divya Chatterjee,700136,258600,paid
order_62qmtot6k0py5g,26/02/2026,cust_25g1kx9,Kavya Pillai,380050,121200,paid
order_fqle2a6c5er69o,02/03/2026,cust_dqlx48j,Tanvi Iyer,560056,137300,paid
order_j7s1nq2smpxr41,14/02/2026,cust_na0o126,Siddharth Fernandes,400016,141900,paid
order_e6nbi0k897zkxv,27/02/2026,cust_8075bn7,Rohan Khan,302037,67700,paid
order_q90w00rqinotw4,09/02/2026,cust_rzc4t2d,Arjun Joshi,380015,55900,paid
order_bvmysulgzdz6hl,24/03/2026,cust_2ksjobm,Anjali Desai,500073,92800,paid
order_iiw88h1lrmdwfm,26/02/2026,cust_9xojf8t,Sneha Pillai,500074,95900,paid
order_abo4ejsubxuotb,05/02/2026,cust_3sm91t4,Sandeep Sharma,110001,43400,paid
order_ro6y5uvpny1s5h,03/03/2026,cust_ek95oac,Karthik Iyer,110071,534700,paid
order_ewfw16jz8e1220,14/01/2026,cust_naz9lpn,Rohan Patel,110001,172200,paid
order_majjo58mav3m2b,20/03/2026,cust_gmrklbt,Ananya Patel,110040,136400,paid
order_niicn08tgyxygw,13/01/2026,cust_8f2cguo,Siddharth Iyer,682013,74100,paid
order_5gfuzmd86g3kgw,30/01/2026,cust_3r5ojeg,Rahul Rao,302033,158300,paid
order_fwrinmd2psv1yt,26/02/2026,cust_egzih49,Harish Khan,411040,70500,paid
order_62biyd2bwe30tl,15/02/2026,cust_7umxzbp,Tanvi Rao,560064,896100,paid
order_w1wgl2lty41xqz,04/01/2026,cust_m7pditx,Aarav Kulkarni,600079,32600,paid
order_l15txlkyj92m2d,03/01/2026,cust_bo0qm6r,Aarav Pillai,400016,57400,paid
order_z2ym8drhp4d7ea,05/01/2026,cust_j4iuol6,Rahul Fernandes,400060,127000,paid
order_5ajsasx99bk6n2,11/03/2026,cust_v333ncw,Karthik Fernandes,411039,132900,paid
order_h1ftdvbi2jyek2,03/01/2026,cust_gz4o6f2,Meera Iyer,560075,69700,paid
order_ns1l2tyiq8pc0f,01/03/2026,cust_hzc97ga,Sandeep Patel,560025,115800,paid
order_06i55th2vhlina,24/03/2026,cust_sw84oiw,Nandini Joshi,400066,31800,paid
order_uz1hhzcp5soxqd,05/03/2026,cust_2ucdghq,Anjali Joshi,560001,121700,paid
order_qvgbou5rylouca,03/03/2026,cust_nlxk1fn,Meera Nair,500065,100400,paid
order_mwn30ev5gly19z,04/02/2026,cust_e2uxy45,Nandini Iyer,411013,74700,paid
order_cr07x8wp5lhgmw,31/01/2026,cust_80w94kn,Nandini Chatterjee,400053,239300,paid
order_ux47uuuouwg0qg,22/01/2026,cust_3691c9w,Ritu Khan,682005,76500,paid
order_idreq11s0l3fwx,22/03/2026,cust_ilbfrid,Tanvi Kulkarni,600101,212800,paid
order_01yh4k6z567ct1,25/03/2026,cust_pkvyqn4,Divya Reddy,700126,68900,paid
order_urj3zd9z07hfpt,20/03/2026,cust_pf5fxsc,Divya Reddy,400086,53800,paid
order_8ikvtgx1qgs0nc,29/03/2026,cust_ka5po6a,Vikram Fernandes,400090,92500,paid
order_uk0kqnwu7hesw0,31/01/2026,cust_49py5pu,Nandini Desai,380016,29900,paid
order_pkyzlt8d4i6fyr,04/01/2026,cust_hkrua6d,Anjali Bose,110076,114300,paid
order_dngpps84l0xxh1,09/01/2026,cust_np5crgr,Kavya Gupta,400014,111500,paid
order_hjyzpsmz6hxgda,15/03/2026,cust_dqevgnz,Nandini Kulkarni,560053,217000,paid
order_h9nrw6htuxvrtx,29/01/2026,cust_d36o9gu,Sneha Joshi,400039,62200,paid
order_61o8smaq51ljlm,27/02/2026,cust_4pqbp88,Divya Mehta,400059,244700,paid
order_bsdgv318p5glgs,13/03/2026,cust_00nsjjg,Anjali Menon,700075,269700,paid
order_y1exfldcj8vamj,21/03/2026,cust_fse9mhu,Meera Sharma,500008,169500,paid
order_057sudg8cgvag3,20/02/2026,cust_0gcefhr,Ananya Gupta,560083,110500,paid
order_1kubrga28rwsu1,30/01/2026,cust_hy1cnip,Harish Kulkarni,700125,238800,paid
order_9fcr2yamd896vk,15/01/2026,cust_46783ml,Sneha Gupta,302032,112000,paid
order_zhutx0v9ntp568,10/02/2026,cust_nzp188c,Sneha Kulkarni,700082,164400,paid
order_f7hqzizwiwj6yh,01/03/2026,cust_0ugoizl,Joseph Rao,700064,157100,paid
order_82slybc720vj26,28/03/2026,cust_i3kx9ot,Sandeep Bose,560070,42400,paid
order_qspqybk1bfdsa2,29/01/2026,cust_urbhmgh,Aarav Mehta,700104,50000,paid
order_wy7r58z9q2jhkg,26/02/2026,cust_26d1rys,Anjali Fernandes,560067,144100,paid
order_bclygq9cam022d,31/03/2026,cust_q6fo8k9,Karthik Rao,302015,198200,paid
order_wgkd6wt501vpcq,31/03/2026,cust_mwpxjv1,Lakshmi Menon,302021,51400,paid
order_jl5duwlkf5a74b,26/02/2026,cust_osvkvk0,Fatima Gupta,500097,61500,paid
order_zrrcutayffquaw,20/01/2026,cust_d0m8oql,Nandini Mehta,400078,72400,paid
order_wiqc43mkocx6ww,23/02/2026,cust_88vipml,Nandini Gupta,110083,66700,paid
order_3vbbsqgxkfei2k,25/02/2026,cust_rbdrvsd,Lakshmi Kulkarni,560009,134300,paid
order_jiedgf79mkqlny,29/01/2026,cust_ticva5t,Rahul Sharma,700014,63400,paid
order_6zrzglz3pselbk,24/01/2026,cust_170ptdd,Siddharth Gupta,500095,34400,paid
order_gccsjd2qrn9gii,02/01/2026,cust_a00rqzh,Manish Sharma,560040,125800,paid
order_rvtbekfgw70afm,09/03/2026,cust_5cyhmwy,Siddharth Gupta,560080,214000,paid
order_1g4h9hfszr6af9,05/01/2026,cust_swu0jlo,Ananya Fernandes,700142,264900,paid
order_9ted7awrxw9byq,25/01/2026,cust_an6yy1m,Harish Patel,110066,114300,paid
order_4wxk7r3ph0sx6s,30/01/2026,cust_31m495a,Tanvi Chatterjee,560089,814000,paid
order_4iqpr16muxnum4,05/01/2026,cust_s8khcr3,Meera Rao,400048,48800,paid
order_vk07o36cxkw6kv,28/02/2026,cust_vl0idsu,Rohan Pillai,411005,45600,paid
order_a748txfnw4bl15,27/02/2026,cust_78k0zi5,Imran Fernandes,500039,67600,paid
order_bn2tnczgf7139x,28/02/2026,cust_cmap8c6,Anjali Rao,400060,79100,paid
order_k3mi4cj8eh9q2k,25/03/2026,cust_3mowxhw,Ananya Iyer,411006,50200,paid
order_cxyuuajx4n72nz,21/01/2026,cust_0ee0fq5,Ritu Gupta,110039,64200,paid
order_ykla9qj8gj65j9,21/03/2026,cust_sefkzlb,Karthik Khan,600115,78000,paid
order_m9h4cyoxh4fyc2,08/03/2026,cust_6y7amsk,Manish Menon,560038,822500,paid
order_t3gnxodz9vly0x,06/01/2026,cust_6cki3zy,Tanvi Iyer,560068,116900,paid
order_cxx6gwkviqphhf,02/02/2026,cust_5v21xxw,Divya Sharma,560088,63800,paid
order_omb7fyt7drbvpr,04/01/2026,cust_opfj852,Aarav Patel,302018,67900,paid
order_11wkxujpyj48g8,03/03/2026,cust_35iuw8p,Ritu Menon,110033,96300,paid
order_0ydq7wy2fodqje,31/01/2026,cust_7hh9a7l,Kavya Rao,110004,116000,paid
order_d3ve3nfswmkxku,18/01/2026,cust_vc5m8ke,Siddharth Rao,600110,314700,paid
order_l41j8qwoo3rw5a,30/01/2026,cust_fmv6a4q,Sneha Fernandes,411002,104100,paid
order_q9e6dajr8p5z1b,04/02/2026,cust_ow7xlu7,Fatima Fernandes,400057,808700,paid
order_fdakutqd8scxdf,28/03/2026,cust_ewt0161,Harish Rao,700045,69500,paid
order_yt3r6dx4i961cs,23/02/2026,cust_e1paba2,Pooja Mehta,400035,41100,paid
order_75tosmib10kit8,23/03/2026,cust_hn4ydym,Sandeep Menon,500097,349800,paid
order_boqu2gim6opukd,03/03/2026,cust_k12d8bm,Sandeep Menon,400076,132800,paid
order_mziwyjtxq8f3nt,28/03/2026,cust_7rmkq6w,Manish Bose,400087,33500,paid
order_0bkffbezmlyjx2,31/01/2026,cust_5pzy5v6,Rohan Desai,600101,60800,paid
order_k8wk4ww3645jns,15/02/2026,cust_8ew0dii,Joseph Iyer,400080,100200,paid
order_nhurma4jl4vwkk,28/02/2026,cust_jounedq,Harish Menon,500031,107300,paid
order_9o6pbqn0o0f35h,13/03/2026,cust_8m3r74v,Rohan Desai,560011,52600,paid
order_b6yek7usb4503n,03/03/2026,cust_j5hl1nm,Rohan Nair,560052,107100,paid
order_b3it3m2ljihzu6,17/02/2026,cust_xx2wyh8,Rahul Pillai,500084,74900,paid
order_v2bkirnqok4mmx,17/02/2026,cust_l1qajwq,Rohan Kulkarni,400022,98400,paid
order_sp3aqlfo5k3zc0,05/01/2026,cust_p91dp7p,Meera Menon,500064,132400,paid
order_wbdj7l8a8gfuuf,30/01/2026,cust_em4ptyx,Harish Patel,600115,130300,paid
order_yax8ncxnxnhq19,30/01/2026,cust_9503qqv,Fatima Fernandes,302005,136900,paid
order_5cx4a1p3jdw8ox,17/03/2026,cust_b6nmim1,Lakshmi Khan,411041,61900,paid
order_z7jpc4w7mdejtv,27/03/2026,cust_kd0jadu,Ritu Fernandes,600002,48700,paid
order_kdehym5ad2bmw1,26/02/2026,cust_u1zrild,Tanvi Iyer,500043,50600,paid
order_yl5cmy69relt40,20/02/2026,cust_duuremb,Vikram Gupta,411011,92100,paid
order_h3ekkucduwvwft,12/02/2026,cust_wjba11c,Vikram Rao,400069,62900,paid
order_uqtitrs0yz6i0m,12/01/2026,cust_3vjjfls,Meera Iyer,302025,46000,paid
order_zkfxq4ie6rnx5j,08/03/2026,cust_gxs84ka,Anjali Gupta,110073,31500,paid
order_yr5mrjuv25daez,30/03/2026,cust_elacrk9,Anjali Desai,560043,144200,paid
order_rig2kia1pv092y,12/01/2026,cust_lvbn44f,Pooja Iyer,411003,112800,paid
order_okw2ibk2lyayez,03/02/2026,cust_5e6w14b,Ananya Mehta,560080,65400,paid
order_097t2ln8tmyooj,30/03/2026,cust_66nteey,Divya Reddy,560035,70700,paid
order_h9hj50pberivnl,20/03/2026,cust_vbotp9t,Meera Chatterjee,302028,58200,paid
order_fri1dk2x8skmbp,17/03/2026,cust_zl3uhjr,Rohan Bose,560011,32800,paid
order_dooww5yullrrv7,07/03/2026,cust_9rtjuh1,Rahul Gupta,302019,42100,paid
order_ybltljdi6b8utp,21/03/2026,cust_g1dt9lg,Nandini Reddy,380040,76800,paid
order_4877fvlzcxtht0,30/01/2026,cust_fn21tsl,Kavya Mehta,400018,148400,paid
order_jskgscz2avwduw,19/01/2026,cust_9e03fir,Tanvi Menon,560019,252300,paid
order_9w2s7nqre6tlfc,24/03/2026,cust_c60fyzd,Siddharth Nair,500081,116600,paid
order_96nys9p1bkrebb,23/01/2026,cust_xwbtdmp,Kavya Joshi,500061,128600,paid
order_q4sq14u9b7n59m,13/01/2026,cust_qmpenjb,Kavya Pillai,110064,533700,paid
order_ocdchzp5fhivwt,12/03/2026,cust_brz0u1p,Joseph Menon,560032,64500,paid
order_aeqhe4nihj49ur,01/03/2026,cust_tq8bybm,Aarav Bose,400019,299600,paid
order_w5327asn2u8yh9,01/02/2026,cust_1knvl1c,Siddharth Desai,560041,69400,paid
order_b2cyroc2b5g6h0,06/01/2026,cust_fpr2wpj,Ritu Desai,380012,59000,paid
order_mlgqqd30pnluwg,31/01/2026,cust_lyadlso,Anjali Gupta,400011,194000,paid
order_qqnqoibz0aqvaw,03/02/2026,cust_vc5qbfz,Sandeep Rao,411057,74700,paid
order_mvmsa1oq3ri8b8,16/01/2026,cust_rkoeh09,Ritu Joshi,560091,133000,paid
order_2j142chexcteeu,01/02/2026,cust_x7b07dw,Sneha Desai,500015,179100,paid
order_jg8mz2x383yszs,31/03/2026,cust_y18tr3r,Ananya Menon,500097,60600,paid
order_i4b0vsxoov3xxn,10/02/2026,cust_g0ejfd6,Aarav Gupta,411034,123300,paid
order_y6demu28juojpq,19/02/2026,cust_bks2crm,Fatima Pillai,400011,69600,paid
order_j0iy0faz5pn705,24/02/2026,cust_3xsy57h,Anjali Iyer,500021,48700,paid
order_co24i8f5x3ca1d,05/02/2026,cust_jr7taxb,Vikram Kulkarni,411028,343400,paid
order_2yakryr579yorh,11/03/2026,cust_1gcj37d,Karthik Bose,110030,71400,paid
order_3f2l66yhcv97ro,27/01/2026,cust_qryeipm,Karthik Chatterjee,110054,62400,paid
order_z87ho9rjixl0si,19/01/2026,cust_ajv392i,Sandeep Mehta,600086,895300,paid
order_catdtvwutnlf61,05/03/2026,cust_dbsvj5l,Sandeep Kulkarni,400021,34300,paid
order_jl4mweomd7kwko,29/01/2026,cust_97cm72g,Vikram Khan,500079,104900,paid
order_ghwtdv7woip621,07/02/2026,cust_yxo7f5c,Vikram Joshi,110064,266600,paid
order_muwqpgjy364vvi,11/03/2026,cust_pbh5am8,Meera Kulkarni,700064,76400,paid
order_qo56xjag1j06tj,07/02/2026,cust_81ndnnv,Lakshmi Desai,682002,121700,paid
order_7ymi3jtmimy3p2,05/03/2026,cust_u0r5p28,Sneha Khan,110075,54400,paid
order_feti92n7mbb3lh,04/02/2026,cust_v3hxrxk,Aarav Pillai,411002,107200,paid
order_jljjke87sa4lo4,29/01/2026,cust_dhvh3cd,Sandeep Chatterjee,110028,608900,paid
order_mwbbyny8zyedpo,12/03/2026,cust_3ugdaru,Kavya Menon,110004,105700,paid
order_zs6h72g5a5y7nm,23/02/2026,cust_up31yg7,Pooja Desai,682001,825200,paid
order_0ueoluk8jg2o8q,13/01/2026,cust_65qsfhs,Priya Kulkarni,600085,230000,paid
order_znw28x39fhzu16,27/02/2026,cust_zid1zjj,Kavya Sharma,380033,114500,paid
order_h4zd6qllg521vc,10/02/2026,cust_xm7va6j,Harish Kulkarni,560011,86900,paid
order_iny3ii0iueqqzo,23/01/2026,cust_p8u1cez,Priya Chatterjee,380053,286300,paid
order_z6dzxz6s79ojma,05/02/2026,cust_h5na84p,Joseph Iyer,110075,295600,paid
order_dzpc6afy14y1sf,25/03/2026,cust_cuuagor,Divya Chatterjee,560088,306800,paid
order_7sgttbbjkux3j1,16/02/2026,cust_43gmlms,Pooja Gupta,600101,60000,paid
order_bflf4kutnqowmp,23/01/2026,cust_vh8n8jn,Ananya Patel,600055,60400,paid
order_rkvecd4abm5b2w,08/03/2026,cust_nf9jvle,Tanvi Khan,700156,54400,paid
order_vhfnflxk2r93e4,15/02/2026,cust_0thxa2d,Arjun Kulkarni,560006,186400,paid
order_aowph92ki1nfw0,20/02/2026,cust_kvohipv,Manish Reddy,411049,188600,paid
order_odgvx70el3cnxw,05/03/2026,cust_22xw00k,Fatima Bose,500091,78200,paid
order_5k2vop91cg597e,25/01/2026,cust_hzd3mo5,Manish Bose,400028,58800,paid
order_ykk9ius93koak8,09/03/2026,cust_235qjed,Sandeep Nair,411040,252500,paid
order_v4kru9pqycffcp,10/02/2026,cust_qq5lism,Divya Gupta,400070,43900,paid
order_u3pfgbbyct8lb9,04/03/2026,cust_417507d,Arjun Iyer,411017,775100,paid
order_q1vo5kikdix9ta,09/01/2026,cust_k4jkpkw,Sandeep Fernandes,600036,34700,paid
order_pz2lwa07fdgzfq,01/01/2026,cust_tailadl,Harish Mehta,411034,138800,paid
order_smqdp54hu0409m,22/03/2026,cust_7fozrlb,Lakshmi Joshi,560029,301800,paid
order_isjjkx2c3k7k4h,28/03/2026,cust_m1cyy0n,Rahul Fernandes,560010,707200,paid
order_4hgd8xze7kvckp,21/01/2026,cust_tr4jaw7,Anjali Pillai,560053,83800,paid
order_f4gzoyin9ah4wh,05/01/2026,cust_z5xilkz,Sneha Gupta,411045,134800,paid
order_w1w03z0mh59c9o,14/02/2026,cust_cbn33qz,Manish Mehta,500013,41900,paid
order_flwfvpjpk2pvuz,29/01/2026,cust_aay62zl,Joseph Khan,110055,75400,paid
order_yxy71twlkyhoiy,18/02/2026,cust_ni0jr01,Manish Reddy,400103,72700,paid
order_fu7frcjimzdqye,06/01/2026,cust_7hamh28,Pooja Gupta,411023,116200,paid
order_phurnen9c97oic,30/01/2026,cust_nauwxxb,Siddharth Iyer,560074,99000,paid
order_5rl2qilb8pfazf,15/02/2026,cust_jx7f3p4,Kavya Pillai,560050,68400,paid
order_wzlfclmt67h6de,31/01/2026,cust_vwsvnzu,Sandeep Patel,110027,590800,paid
order_rrjjycj45yqtya,07/01/2026,cust_98f9z1v,Kavya Desai,560082,126800,paid
order_ia4h77z6332e11,12/02/2026,cust_dadhln4,Joseph Pillai,380025,39800,paid
order_4d21qof628xy2g,13/03/2026,cust_fego5tq,Arjun Rao,500057,47100,paid
order_dc7bc3rsh16807,25/01/2026,cust_dziols4,Karthik Iyer,600007,883000,paid
order_tk9ffvpk8rcgsu,18/01/2026,cust_9zj03ed,Aarav Bose,700100,64300,paid
order_akbl3v3hsucguw,23/01/2026,cust_hpljigw,Sneha Menon,380047,95800,paid
order_pcha6d2yjm22c6,04/03/2026,cust_qejj83w,Vikram Fernandes,600083,60000,paid
order_yctcx1p3ijm5cz,08/02/2026,cust_lcsjgt6,Divya Sharma,560062,102400,paid
order_nfakned3pjv1e2,19/02/2026,cust_31fgdxe,Rohan Kulkarni,560061,277200,paid
order_b9knwhfvpfx5h4,04/02/2026,cust_w2yvfqn,Kavya Joshi,500039,128900,paid
order_ld44ayi4uxo7ss,07/01/2026,cust_rl4pivd,Vikram Patel,110083,49300,paid
order_8tokfuhhap96k5,11/03/2026,cust_u47byot,Joseph Pillai,411032,31500,paid
order_1fketuv9574vu3,09/01/2026,cust_lrijlt7,Fatima Khan,400020,136700,paid
order_ncw82dhlb712ru,16/03/2026,cust_y13oven,Priya Reddy,302027,56200,paid
order_hm1sb2mp75zk5c,21/02/2026,cust_4r43kn8,Ananya Patel,400084,49400,paid
order_604wnjwrw9eife,24/01/2026,cust_qgzapev,Aarav Mehta,600013,79300,paid
order_lk2prr4cht1jm7,12/01/2026,cust_eskkk22,Ananya Chatterjee,411010,495800,paid
order_fvyg11h3ep8l7g,15/03/2026,cust_kkmwert,Harish Rao,110087,120800,paid
order_6ag27bmzsns6tm,19/02/2026,cust_ovhs5le,Joseph Mehta,600047,76900,paid
order_tjg140tq093mu1,29/01/2026,cust_xyrg200,Arjun Gupta,700021,183000,paid
order_4e02gx9hgzeyhf,26/02/2026,cust_mh80afw,Karthik Joshi,400015,35600,paid
order_03rv3kvnihv6b6,09/01/2026,cust_iws23wl,Fatima Mehta,500083,38000,paid
order_fypu816f9mmzrm,05/02/2026,cust_idg82i1,Rohan Reddy,600077,70000,paid
order_906pm4wesv04p2,28/01/2026,cust_vowvisg,Arjun Kulkarni,411054,257100,paid
order_c7bzuvil5gwt9w,08/02/2026,cust_t9bz1z2,Aarav Nair,560034,134600,paid
order_mwyv2o967n8s9x,31/01/2026,cust_u7c1cb6,Meera Menon,500098,178400,paid
order_talaiaexpjvkpa,08/02/2026,cust_n1wnzxh,Imran Gupta,500065,71300,paid
order_d3u715a6r6thj2,16/01/2026,cust_h8554ca,Anjali Patel,560076,48800,paid
order_vwj72ntmqlil35,18/03/2026,cust_wx6amgc,Joseph Mehta,110003,136600,paid
order_aoz87lqjlhxwql,11/02/2026,cust_o71y4qp,Harish Iyer,411045,54800,paid
order_ssrxz09wvl1jdj,04/01/2026,cust_y9etyp8,Sneha Mehta,110071,561300,paid
order_ndvzmxlpa4tc2b,23/02/2026,cust_ncqre6g,Rahul Mehta,411021,35400,paid
order_gnz17rsrdudvai,27/02/2026,cust_mzf86xd,Ananya Chatterjee,600037,329100,paid
order_3mrtlks5jd8v00,12/02/2026,cust_tdoenes,Arjun Patel,110048,148600,paid
order_kem64l5cshor7a,29/01/2026,cust_yovfs5z,Siddharth Sharma,600035,37000,paid
order_n71zqrejyvvozu,23/02/2026,cust_3uan804,Priya Menon,400080,82200,paid
order_33lxjhq9010zpu,03/01/2026,cust_xkwrkzu,Vikram Bose,380037,99000,paid
order_6s7t7gzi1ka77l,07/02/2026,cust_ism3yak,Imran Joshi,110046,745300,paid
order_t9ffskmlf00oos,12/02/2026,cust_o93mct8,Sandeep Patel,560087,114800,paid
order_tg0uib60ut67sc,24/02/2026,cust_nwkll9j,Pooja Menon,700089,77600,paid
order_lob0lzehkbhfvn,27/03/2026,cust_ynpusm6,Aarav Menon,411024,45800,paid
order_qehb9o9kny5o79,08/01/2026,cust_8fkdekc,Aarav Rao,411024,289300,paid
order_r37b6rthd2llwv,09/03/2026,cust_a10yzxu,Manish Fernandes,400002,73500,paid
order_ejjgcqwi7xiibp,29/03/2026,cust_mkn65wb,Aarav Nair,500097,111300,paid
order_cbwqlnockab52h,19/01/2026,cust_jw21qwb,Imran Bose,380003,59800,paid
order_xixs6g6n4xwfhu,29/03/2026,cust_oh6r7sz,Ritu Iyer,600080,44100,paid
order_mw601c4nr3vcmc,25/03/2026,cust_4h0ex1n,Sneha Mehta,380039,66700,paid
order_1c4ggdsazubdde,30/03/2026,cust_5xdaz80,Ananya Sharma,560008,73000,paid
order_qf9ytlp3sx98ua,08/02/2026,cust_d3uv0x8,Siddharth Kulkarni,560007,72100,paid
order_at0dkze78iu7az,04/02/2026,cust_vmltfh7,Aarav Iyer,110081,108000,paid
order_fzxjf7x5ocq424,11/01/2026,cust_glwe0cd,Pooja Nair,110084,68500,paid
order_e6ljy6lbw9a7rb,01/03/2026,cust_405i4ce,Siddharth Rao,682012,64400,paid
order_vpjybp9aykg2g5,30/03/2026,cust_gn0uum0,Ritu Joshi,700061,75800,paid
order_gk1wf5jl70yqbf,07/01/2026,cust_cpr2ymo,Arjun Desai,400016,71900,paid
order_egh4j33zr6vxfx,31/01/2026,cust_gkyvktp,Rahul Mehta,500005,89400,paid
order_ud39l88srt2cha,05/03/2026,cust_0i5lngp,Rahul Pillai,380026,132500,paid
order_tnq0qfdil2ioes,01/01/2026,cust_62ujq58,Sneha Gupta,302030,49600,paid
order_0ynot3piws8k2p,25/03/2026,cust_0kmcmot,Imran Desai,560060,225600,paid
order_aa037xa3dcoxtx,05/02/2026,cust_aussxgt,Sneha Bose,700036,336300,paid
order_6m192729bcws0o,06/01/2026,cust_aagmp0k,Tanvi Fernandes,400102,125100,paid
order_r9le3i77lj204k,08/01/2026,cust_szxae09,Vikram Bose,682015,76400,paid
order_qsanhz2mw4qizj,08/02/2026,cust_2mt9ms0,Karthik Patel,500049,84800,paid
order_ivkp2h5mbox0xm,20/01/2026,cust_ywrdr6d,Joseph Rao,411013,70900,paid
order_dtvd6cl6rvxzac,20/03/2026,cust_8sgcgjr,Joseph Joshi,110091,37000,paid
order_ducebozohfljlc,27/03/2026,cust_jk2lxh9,Fatima Patel,560028,55600,paid
order_cek5791yl993q9,26/03/2026,cust_t95c6fu,Manish Reddy,411053,37000,paid
order_obrh436d92ksxm,10/03/2026,cust_o0gc9e2,Karthik Mehta,400017,50200,paid
order_3gjseejvd8d9c2,09/01/2026,cust_dpnp7h2,Vikram Patel,302011,139400,paid
order_8cibiypnj8qdjr,14/03/2026,cust_kadv6b4,Kavya Patel,600075,39000,paid
order_bhphxqmh31o3w8,19/02/2026,cust_qcg8csp,Ananya Pillai,682024,102600,paid
order_lo11bydgp9llnm,24/02/2026,cust_7nnmwb4,Divya Kulkarni,600010,37800,paid
order_uptetuhbfnfko8,13/01/2026,cust_vivj8bq,Anjali Patel,560099,31800,paid
order_5x0tbnz5kcludx,15/02/2026,cust_iijbfjz,Ritu Patel,411029,58600,paid
order_6h2klirghcwbou,15/01/2026,cust_dkntdhg,Harish Mehta,400022,46400,paid
order_2aat1gh80ibwjo,30/01/2026,cust_bqw8rud,Vikram Khan,110031,34900,paid
order_917eeynnx1bkb7,12/03/2026,cust_553h35i,Nandini Nair,110005,123400,paid
order_l2qw84zgmsuy49,22/03/2026,cust_jxpzpit,Ritu Chatterjee,110091,114900,paid
order_e8dhy47d35lt5f,30/03/2026,cust_kxddhh1,Fatima Fernandes,560012,78900,paid
order_ingdbbuddsl4xm,31/03/2026,cust_lv8dn1y,Kavya Menon,411009,40900,paid
order_pxfrvozlor6iug,12/03/2026,cust_98r814l,Ananya Rao,560052,134600,paid
order_dwa46mmzpjgfko,24/01/2026,cust_a10djrs,Sneha Gupta,400033,60200,paid
order_wmb919yiv8usik,22/03/2026,cust_1n2ihnf,Siddharth Mehta,411003,74600,paid
order_vdk7i6v73c7hml,10/03/2026,cust_ytds077,Pooja Sharma,560095,44500,paid
order_sjoaag3lgkgfp1,03/01/2026,cust_hhfw8yi,Ananya Sharma,110011,119900,paid
order_30uuj9b4fptbi7,07/01/2026,cust_q73tpgt,Imran Menon,560081,80000,paid
order_0bfhycz5reh11d,26/02/2026,cust_xa9lt0b,Joseph Menon,700074,71000,paid
order_8jikt38w3tf3g4,07/01/2026,cust_1c3jcjx,Aarav Menon,560017,46000,paid
order_rmux6ejkamvgr2,14/02/2026,cust_z19j585,Tanvi Iyer,600043,140900,paid
order_janwtchq0bxmfl,07/03/2026,cust_iaocaxk,Aarav Menon,560033,55300,paid
order_e9b4b71em3fq4f,14/02/2026,cust_dzqz1hw,Divya Bose,560042,67400,paid
order_oxezggbznwv376,14/01/2026,cust_75ar3pc,Ritu Bose,380056,43900,paid
order_1qomcfllwfbutd,22/02/2026,cust_96i9166,Vikram Patel,400071,134900,paid
order_64017wrlt0to4w,27/01/2026,cust_g05a76y,Kavya Pillai,560011,109400,paid
order_kgaqayjbwhl4h6,13/02/2026,cust_dc6w2xq,Sandeep Menon,600035,57800,paid
order_v2llmxipr6nwb9,09/01/2026,cust_o4qfc7p,Divya Mehta,700087,52200,paid
order_vkuofl65gix7rx,25/03/2026,cust_ny0yb1p,Sandeep Sharma,400061,376000,paid
order_pbmw8pjxgisduh,08/01/2026,cust_mxkgt58,Sneha Khan,500092,50200,paid
order_mkixiixwovtxr2,12/02/2026,cust_giyqiyj,Joseph Nair,400015,180300,paid
order_6emfxm64jicgky,19/02/2026,cust_b7seqae,Siddharth Rao,700119,133400,paid
order_v0c3ee3xteccty,27/03/2026,cust_91se865,Kavya Sharma,560007,137200,paid
order_e37euix79dzojh,13/01/2026,cust_jo6xxac,Arjun Pillai,302006,48100,paid
order_fyx1416tzzy79f,30/03/2026,cust_p2hsyse,Imran Nair,400050,261900,paid
order_ix058fox8c6gnq,11/03/2026,cust_6s1zu8i,Aarav Desai,600058,89000,paid
order_hl9vzvqr9b1586,15/03/2026,cust_srmjgfb,Sneha Gupta,110043,207300,paid
order_oixdym5ab8j6pf,11/03/2026,cust_tk6xw95,Aarav Menon,500025,177600,paid
order_7avxddzgdiyf0c,12/01/2026,cust_jw3cth1,Ananya Mehta,600054,269100,paid
order_cih0674s8xyle1,10/02/2026,cust_9lb4o53,Aarav Iyer,560032,55500,paid
order_cv5z6bms5gq1xw,23/02/2026,cust_qpxuaxb,Ritu Patel,600091,183100,paid
order_i8q5we9md4wt7w,07/02/2026,cust_n5wca08,Divya Pillai,302013,34200,paid
order_pzhpp9z67nt78g,16/02/2026,cust_oolhs65,Sneha Kulkarni,110057,53700,paid
order_0389qk5xmobn4q,20/03/2026,cust_023rm1s,Rahul Sharma,110063,182400,paid
order_ldn7m8f247rlje,17/02/2026,cust_67yutmo,Priya Sharma,110059,63600,paid
order_rdkt6rtx2676yn,02/01/2026,cust_t82kznz,Karthik Khan,110025,47800,paid
order_2a3wdo2e418rk5,05/01/2026,cust_ierzdgv,Aarav Joshi,560085,145600,paid
order_dzejf3lpkmhklm,23/02/2026,cust_its8bv6,Manish Fernandes,400086,43300,paid
order_z6et7gf9w6ku17,31/01/2026,cust_ltsncvt,Joseph Nair,110023,30600,paid
order_00avc1ijkdi6hp,08/01/2026,cust_t00gj7d,Karthik Joshi,500079,143700,paid
order_ee8r8aiep65zsy,13/01/2026,cust_383vpls,Sneha Sharma,110096,55200,paid
order_dpu7c679m7ncxl,06/01/2026,cust_pv49soq,Vikram Bose,411018,227400,paid
order_p4sddalmnr1ohi,16/03/2026,cust_htwbtko,Ritu Nair,380056,164400,paid
order_j7xyw6xm0w4ea4,27/02/2026,cust_p4jvsd5,Rohan Mehta,500086,151800,paid
order_jgyld3yiettxi6,10/02/2026,cust_06zahmb,Arjun Desai,700107,68200,paid
order_bk2vkuuepihv7s,15/02/2026,cust_v51zaca,Sandeep Joshi,560011,330900,paid
order_8x6niv2741x8as,25/02/2026,cust_uj3lraz,Ritu Mehta,500096,351700,paid
order_da86olk7sufhmz,27/01/2026,cust_qb1j3vr,Ritu Chatterjee,380002,658400,paid
order_8bcmtino5xs2x0,21/01/2026,cust_zs19lk6,Divya Gupta,560074,208900,paid
order_o7abtajyiwzmhg,29/03/2026,cust_zqdtf5m,Aarav Joshi,110078,51000,paid
order_te7vvwn7wi8fek,12/02/2026,cust_apx4jlw,Manish Bose,400010,172600,paid
order_61kcx7rtgypp09,29/01/2026,cust_o0o1z2x,Joseph Rao,560015,32100,paid
order_c5lc0syq621mlj,30/03/2026,cust_4z6m9nc,Fatima Rao,400038,43200,paid
order_ok50t05pyztyxz,19/01/2026,cust_ojv136c,Rahul Menon,380008,701200,paid
order_ysedvosf5vx1b6,29/01/2026,cust_0bsekt1,Sandeep Sharma,302001,142000,paid
order_9soxcduzgbh412,11/01/2026,cust_3mehxca,Kavya Desai,700106,309700,paid
order_hqz8ms1gr6l517,09/03/2026,cust_9rg36hw,Pooja Patel,560089,301900,paid
order_yxou7wi49j2635,31/03/2026,cust_n1awlye,Karthik Gupta,560038,54500,paid
order_6ibj6wxghfl3kt,01/01/2026,cust_dq70aid,Fatima Iyer,600040,149200,paid
order_crcolb78ea2ldh,06/03/2026,cust_7c39x2h,Pooja Gupta,500072,116400,paid
order_w7d4vsiyf5kvmt,13/01/2026,cust_12dbvce,Joseph Sharma,560054,392800,paid
order_ci15ulwa16if3s,19/01/2026,cust_63n919g,Joseph Menon,560026,76500,paid
order_8zdo3hov8dtt2s,24/03/2026,cust_g8sbr8m,Anjali Joshi,560095,38700,paid
order_fymgfg4wvb2u9v,14/03/2026,cust_vsuak21,Tanvi Pillai,560078,61300,paid
order_7ncg4zgngs42ag,17/01/2026,cust_clu41sd,Sneha Nair,600059,49300,paid
order_8yjmekri9m0d39,31/01/2026,cust_gk2qzgd,Pooja Patel,560045,59700,paid
order_jwvlxz9atarfs1,03/02/2026,cust_qiwwhem,Tanvi Chatterjee,110048,346900,paid
order_hz37f626a0hu79,08/01/2026,cust_757j4z0,Siddharth Chatterjee,600060,62800,paid
order_lgvq5nfubnq0e1,13/01/2026,cust_wmiwy2z,Sneha Bose,380044,43300,paid
order_jyoyn3x3zzwknb,14/02/2026,cust_wue2xkr,Manish Sharma,400062,79700,paid
order_wq8qlvrn9vy7sn,27/02/2026,cust_0nnzfzw,Manish Fernandes,600119,290800,paid
order_whxsavylejw5q0,03/01/2026,cust_au07rh5,Kavya Reddy,400061,51200,paid
order_2oi8tkhlytu3ab,07/01/2026,cust_hyp6g8r,Arjun Nair,411027,348900,paid
order_9t2eqowl7ks8a4,17/01/2026,cust_0myd96p,Ananya Fernandes,400053,61900,paid
order_wgto7hxcat5j2m,02/01/2026,cust_s2364ii,Sneha Mehta,400024,240900,paid
order_opeoprltwru3qc,05/01/2026,cust_1wyj6ml,Meera Mehta,600070,147300,paid
order_cyiin1x3tlsx1g,23/02/2026,cust_zrig5gf,Vikram Pillai,411035,278400,paid
order_9ez8mdzhsbp8so,30/01/2026,cust_dh1w8pd,Karthik Joshi,560091,65700,paid
order_tpsk503u6p0g13,07/02/2026,cust_wqtes55,Arjun Reddy,560086,483400,paid
order_eg3mi84tb8xej5,03/02/2026,cust_fpymphs,Tanvi Sharma,400013,58600,paid
order_9trmknenjbxr8x,14/03/2026,cust_z8kml0z,Pooja Nair,560087,211900,paid
order_fjkfppe8own0zq,13/02/2026,cust_pp1snpg,Anjali Rao,700120,330100,paid
order_1xbvam9ji95oxj,26/02/2026,cust_8xzt2jw,Fatima Joshi,560036,29900,paid
order_mnerbcij3lgfw9,26/01/2026,cust_bra6ux6,Tanvi Menon,400077,60000,paid
order_8iqt5qlzhzopxb,31/01/2026,cust_nu7ordv,Lakshmi Patel,500019,421100,paid
order_d0e743pevzkoam,31/01/2026,cust_8bwfn8e,Sneha Fernandes,110056,94100,paid
order_sc77vzy0f5jzyj,26/02/2026,cust_vepvwi0,Rohan Bose,560034,59600,paid
order_347qcz5p5j2s4p,12/03/2026,cust_kn6yzi8,Sneha Mehta,560037,116100,paid
order_u0jxw9oaho4olc,16/01/2026,cust_zza6xgl,Sneha Sharma,600118,276000,paid
order_kex5po4u6lgd73,15/02/2026,cust_osa6nsn,Anjali Kulkarni,560053,108100,paid
order_qxyz2ogs1prv0c,14/01/2026,cust_b733hxc,Divya Menon,560018,134500,paid
order_cxw5exkmkr5gyi,27/02/2026,cust_o732ged,Rahul Chatterjee,500025,161500,paid
order_p1a09oumi5a614,03/01/2026,cust_yqegtfr,Tanvi Chatterjee,302006,104800,paid
order_8621ljvh7d2yoi,28/02/2026,cust_11z4rr9,Siddharth Khan,380014,43500,paid
order_pxxa6efe4de3yj,09/02/2026,cust_avwjq5j,Rahul Kulkarni,500022,144900,paid
order_vw9ujksf59hpfw,18/02/2026,cust_n9hko0f,Joseph Chatterjee,560034,139700,paid
order_kpz3s4ld811aab,16/01/2026,cust_1ukbrzl,Anjali Joshi,400033,528500,paid
order_gc35r67u25qew1,19/02/2026,cust_jvmc5es,Priya Desai,411010,215900,paid
order_dwvp187uva9r8q,18/03/2026,cust_w2lkdg1,Kavya Menon,380048,35700,paid
order_p0vd9r6h1f3ak9,30/01/2026,cust_u1kl2xb,Nandini Khan,400094,330500,paid
order_z3ewydiuny1ycs,11/03/2026,cust_6st7ye2,Anjali Joshi,400013,48500,paid
order_hqu75nq7t2lqqt,25/02/2026,cust_1fzlxoa,Ritu Bose,560031,33900,paid
order_74lh86bobvezlt,27/01/2026,cust_k9mprd3,Rahul Patel,560039,132900,paid
order_39010npky314ze,17/03/2026,cust_ojg7ld3,Kavya Chatterjee,110095,33800,paid
order_765t88b7yott5v,19/03/2026,cust_wz1a92q,Vikram Pillai,560028,139200,paid
order_rqr471jewco67n,06/03/2026,cust_ixco9dn,Karthik Fernandes,400049,91300,paid
order_rlkf0shww51eb4,06/01/2026,cust_emdnt3f,Sandeep Mehta,560074,150100,paid
order_ad7vglw9ydgevo,26/01/2026,cust_pcikan3,Pooja Bose,400006,71900,paid
order_h9da1eix5d708e,05/03/2026,cust_3p1wj8a,Lakshmi Menon,560014,114900,paid
order_77f3w26fby1j35,25/02/2026,cust_f79dj3y,Ritu Mehta,302023,131300,paid
order_brcqd55ozxb5p0,07/03/2026,cust_nwyar4o,Nandini Patel,560071,105500,paid
order_9vwizkq6cx1jy8,25/01/2026,cust_xbi8vbz,Priya Gupta,560095,201900,paid
order_n274q1vsurlz1j,11/03/2026,cust_lhf6x36,Siddharth Reddy,560063,72600,paid
order_apl29038or037a,12/02/2026,cust_f3sisbb,Rahul Menon,400046,96800,paid
order_vze5iafkuwg4o5,10/03/2026,cust_poy4c6m,Harish Reddy,110063,84000,paid
order_q0xfv3ciql68f1,22/01/2026,cust_2nvxnwx,Anjali Nair,560039,295600,paid
order_m9qxj2s38nk53s,08/03/2026,cust_g8kswb0,Pooja Pillai,500004,177500,paid
order_swwt7fysha8mlk,31/03/2026,cust_71243et,Priya Bose,400088,317700,paid
order_5gqlmclzteoqqx,06/03/2026,cust_hpw6108,Harish Iyer,400103,48500,paid
order_njlnolv09vz8ep,30/01/2026,cust_xvcmdzz,Rohan Pillai,411003,223600,paid
order_p5li8arvgqvmfl,25/02/2026,cust_q4df9eo,Nandini Rao,560011,235500,paid
order_as4d4mot4gh80m,09/01/2026,cust_xcabk6q,Lakshmi Fernandes,380051,140000,paid
order_hr5tkhhmyf0cx7,11/01/2026,cust_0bdf6ss,Ananya Kulkarni,500084,61000,paid
order_xs9ank8clowybj,24/02/2026,cust_l5zmnb3,Imran Patel,560033,880800,paid
order_d04p5bh7mvhgq9,06/03/2026,cust_x13o3zi,Pooja Khan,380040,80800,paid
order_fjnpzd69cvc451,24/03/2026,cust_25rd3ma,Vikram Chatterjee,400073,90700,paid
order_exaj88em6xld2s,01/03/2026,cust_f7nmxzc,Sandeep Reddy,400054,30900,paid
order_fpgmnw4gtc7jxp,05/01/2026,cust_vas8kc5,Meera Chatterjee,400068,59100,paid
order_p6b383bh8j2mec,04/01/2026,cust_44vaymi,Priya Iyer,400064,92000,paid
order_gdkmiwpnw58qxh,14/03/2026,cust_tz33vcl,Karthik Nair,500001,283700,paid
order_5c5242k5hmbzyj,29/01/2026,cust_j3itqge,Ananya Bose,500072,126200,paid
order_e34dhbs9jkrr75,08/01/2026,cust_1y3d5r8,Divya Chatterjee,700091,128500,paid
order_doukd67l7482st,30/03/2026,cust_truf0sk,Pooja Chatterjee,302015,112700,paid
order_3inpudypc024v0,05/01/2026,cust_3d3t9vp,Priya Gupta,560008,60000,paid
order_5ac7wsr9lssuc7,26/01/2026,cust_seabmgw,Fatima Desai,400036,104700,paid
order_xcvpblplccnvbr,25/01/2026,cust_0zu234e,Tanvi Gupta,411020,82300,paid
order_wexivokf7ubci5,17/01/2026,cust_nj11otj,Pooja Menon,600036,47200,paid
order_4l9ke8j580t6zm,29/03/2026,cust_8ss6zy9,Rahul Menon,560028,64600,paid
order_0pzqiw49dcs9br,28/02/2026,cust_cvz7t41,Vikram Gupta,400060,156900,paid
order_p6ry58psxao38d,01/02/2026,cust_hiivdy2,Vikram Reddy,110043,51900,paid
order_f2lnnkoafp3ltx,08/03/2026,cust_qe3sreb,Vikram Bose,560097,251500,paid
order_dxvowxzctr49i4,14/01/2026,cust_magd978,Aarav Sharma,411005,308300,paid
order_9gc81ucumw5k5d,26/01/2026,cust_zjsec3g,Ritu Khan,500086,95200,paid
order_zo7e1dfdyepf1o,14/02/2026,cust_9kqwxdk,Joseph Khan,500014,268100,paid
order_sl85zlx8hb5wno,29/01/2026,cust_l06hovk,Divya Desai,400041,165400,paid
order_iokeml0dj73wrg,30/03/2026,cust_ryw1pzu,Sandeep Patel,500070,33000,paid
order_73jesrn7v5orue,02/01/2026,cust_ed53it3,Ritu Desai,560001,261900,paid
order_dwfjc6nypc5ay0,16/01/2026,cust_db3ze0g,Vikram Bose,411046,245400,paid
order_31lztq7yr610jg,12/02/2026,cust_a0natfj,Ritu Iyer,560055,155600,paid
order_8m88geo1vd2cs2,02/02/2026,cust_8tcuhwk,Divya Pillai,560057,140100,paid
order_whlifhb1kwk8t6,31/03/2026,cust_m2ks00h,Siddharth Chatterjee,600006,210400,paid
order_gdqz1z49kpusrh,18/03/2026,cust_o4g5a85,Imran Nair,560087,552500,paid
order_5pheicmoudhnvx,27/02/2026,cust_4kc2x4z,Divya Mehta,400019,222600,paid
order_ntqirca6hxnplh,13/01/2026,cust_nxuneqk,Sandeep Desai,682025,144600,paid
order_sk8nljjtxwbdf5,05/01/2026,cust_m1qz9z5,Sneha Chatterjee,400052,66300,paid
order_3ak8s9p73tdvtf,19/02/2026,cust_c7gb1on,Joseph Mehta,400094,168500,paid
order_gvwu7hwbpl1450,06/01/2026,cust_67ain8m,Sneha Sharma,110008,106000,paid
order_9fqb3l6ofp5tis,10/03/2026,cust_0wt8str,Kavya Pillai,560081,142300,paid
order_hvu0pwt4k0b0ga,10/01/2026,cust_bwwr5zo,Fatima Menon,400022,102600,paid
order_2rs507vq3dqp1q,21/01/2026,cust_p2t7cjo,Divya Desai,600011,57200,paid
order_tlhmrcj4px3oq1,15/02/2026,cust_064fp3x,Fatima Menon,400051,64700,paid
order_e85n80syxsvf03,12/02/2026,cust_bm711g2,Fatima Chatterjee,411032,241700,paid
order_r9hct72iy1rvik,07/03/2026,cust_xc78sac,Pooja Sharma,560044,810600,paid
order_atrtkky8hk1o06,23/03/2026,cust_9zvysya,Anjali Kulkarni,560095,79100,paid
order_vqebjgk15ek57v,12/03/2026,cust_7fq8tq5,Vikram Kulkarni,560099,68000,paid
order_pg8vadk2mpfuf9,02/02/2026,cust_g0rsgzs,Tanvi Bose,110088,45500,paid
order_8p0byrjgbj0q5w,24/01/2026,cust_k7ha57l,Karthik Mehta,400080,153100,paid
order_mwv2nwejhv1t9f,20/01/2026,cust_pwx7b4s,Fatima Patel,411023,491900,paid
order_zi7w0zfejh4z21,26/02/2026,cust_t5qghel,Anjali Fernandes,411025,234600,paid
order_fh9rlc2np4292j,15/01/2026,cust_gzh593v,Aarav Rao,302022,65400,paid
order_iw8249bkp8585m,25/02/2026,cust_w6l42py,Nandini Rao,411015,57300,paid
order_lytih02sa9a308,13/03/2026,cust_ik9pca2,Rohan Fernandes,110024,43700,paid
order_4cfd78tpdg27ef,11/02/2026,cust_b8x8s4a,Nandini Gupta,110026,44100,paid
order_twh0nehvy4i60p,03/01/2026,cust_swup8yw,Aarav Mehta,411005,129400,paid
order_uekwbjmc1edjiu,30/01/2026,cust_j0wm9a1,Nandini Nair,700035,146900,paid
order_njllc56je7n9kh,01/02/2026,cust_7zbea6y,Sneha Mehta,411011,42400,paid
order_e8pvydew8bcf2q,10/03/2026,cust_c3vpisl,Karthik Iyer,400025,46600,paid
order_jz30umzrjjkfeu,24/02/2026,cust_50ufio2,Sandeep Chatterjee,400087,146300,paid
order_m9kmlhyt87thc9,13/01/2026,cust_ww0iopa,Fatima Desai,682018,93500,paid
order_0ohh91bko83k9h,08/01/2026,cust_m37a5xk,Siddharth Reddy,700016,142900,paid
order_g8ixlw3n0x1x3r,31/03/2026,cust_66atpww,Joseph Bose,560049,99600,paid
order_i74xucbmtp0wrt,10/03/2026,cust_btspicn,Fatima Menon,500005,54400,paid
order_n9hauy0ffgvmcf,17/03/2026,cust_lh34pn1,Karthik Bose,700111,58300,paid
order_y3dgqjrchic07e,09/02/2026,cust_4ecdxq9,Ritu Desai,110064,228600,paid
order_pjagy5kocj49rv,03/02/2026,cust_x2qpbxa,Joseph Gupta,400100,91000,paid
order_6hdcoh3jijkklz,11/03/2026,cust_i9hb1rt,Nandini Chatterjee,400031,274100,paid
order_h57x1wbt4prtbl,01/01/2026,cust_06o6lno,Joseph Iyer,411018,38200,paid
order_ggsr72m6ck05wb,05/03/2026,cust_d023fwy,Nandini Sharma,560068,128700,paid
order_q0vvcvzfyhay0j,21/01/2026,cust_giprm3v,Meera Iyer,110076,31200,paid
order_8rf0w05bge0tjt,04/02/2026,cust_3gq24cq,Rahul Desai,110034,55500,paid
order_ef62hy3jr2ahkz,27/01/2026,cust_mm83cu9,Lakshmi Iyer,600012,145500,paid
order_2o672rtyodh8dz,27/02/2026,cust_jaqw4fh,Karthik Bose,400051,60300,paid
order_ewigf6yki4uifc,18/01/2026,cust_yrluv0m,Aarav Nair,110032,35300,paid
order_ivyndgl55ldbhd,13/03/2026,cust_jyf9g7j,Kavya Desai,302025,345600,paid
order_spt6vzmjzm5x0c,02/01/2026,cust_t478fn8,Anjali Kulkarni,600095,52700,paid
order_at9jbtj474n3w5,27/02/2026,cust_ii3ecbl,Tanvi Bose,600079,71900,paid
order_uom7o3s50wlhdg,04/02/2026,cust_tdicdfm,Aarav Bose,110055,106400,paid
order_d5z9kmlh86qz5b,02/02/2026,cust_h7jhbyw,Arjun Bose,500005,308500,paid
order_lb2yrpch4saa65,01/03/2026,cust_fzmrjd8,Vikram Desai,560061,73500,paid
order_6vtfbapfiwol6a,27/02/2026,cust_85dwr9q,Priya Bose,500039,69100,paid
order_utkqjnhlqp40ch,04/03/2026,cust_dximmet,Kavya Sharma,600117,58500,paid
order_p5rvkqfpw468k9,28/01/2026,cust_7cjqszd,Rohan Menon,600115,62800,paid
order_sne6nm0namlbsc,27/02/2026,cust_z1hdpum,Nandini Mehta,411034,55700,paid
order_0jod83tiwhismv,14/03/2026,cust_vb0vayi,Sneha Nair,110026,62400,paid
order_zt1ebueuac34rs,15/02/2026,cust_7pkx8vy,Anjali Mehta,500026,131100,paid
order_08oou900k17va8,08/03/2026,cust_ga86v5c,Fatima Chatterjee,400066,105000,paid
order_5hzpdi2nqfucev,24/02/2026,cust_t53od2z,Pooja Patel,411012,31100,paid
order_aeldvliwbqmwbd,27/02/2026,cust_840tog8,Lakshmi Desai,560015,65500,paid
order_quwbbabynzo20g,11/02/2026,cust_mwwvju7,Sneha Rao,700017,60100,paid
order_jokz5wqqltnl4n,22/03/2026,cust_zg3lp6z,Priya Pillai,560090,43300,paid
order_aqofefnt64m8g6,25/02/2026,cust_b52de9a,Imran Iyer,700091,66400,paid
order_413duszk3uj2j7,10/01/2026,cust_c8g00ag,Siddharth Sharma,600099,784300,paid
order_8agbioekhr4z67,26/03/2026,cust_y8f5wka,Arjun Mehta,400048,82700,paid
order_yoxqivlf8aa44u,10/03/2026,cust_gjtw930,Sandeep Sharma,400080,133600,paid
order_pl8fpizis9ezuk,02/02/2026,cust_26dns45,Kavya Bose,380005,430500,paid
order_6qx24z7f4ihidt,18/02/2026,cust_hevq67t,Ritu Joshi,600110,149600,paid
order_m2srf1znckrux7,23/02/2026,cust_m3yxs1g,Arjun Menon,110054,117600,paid
order_teqz16h520llq9,19/03/2026,cust_hbozcuh,Karthik Joshi,411012,295600,paid
order_xv54p6k8heth9h,03/02/2026,cust_k8vwhb8,Fatima Patel,600058,664800,paid
order_jytz4peikvxt9j,05/01/2026,cust_dahbehj,Anjali Iyer,400094,651600,paid
order_9m3j39n3fjx9bs,10/01/2026,cust_11g9t2p,Aarav Khan,560044,78500,paid
order_p2cm0joorn0og9,19/02/2026,cust_fhbc8le,Sneha Mehta,411053,47300,paid
order_13un5rfhvt0sss,08/01/2026,cust_l7p830n,Imran Bose,400060,248100,paid
order_2gjla1kxpt7bo7,31/03/2026,cust_hunsri6,Manish Fernandes,700031,36200,paid
order_q50i61349shmrn,18/03/2026,cust_ghpdnbh,Aarav Reddy,400018,59100,paid
order_1u1amlkztfd67a,12/02/2026,cust_benpykb,Sandeep Nair,560084,133900,paid
order_gjw9by9cz77ky7,02/01/2026,cust_4yhpgtb,Pooja Fernandes,380008,228400,paid
order_nx51j405yovcy8,29/01/2026,cust_rle2civ,Siddharth Kulkarni,560011,69300,paid
order_u4ph186aqfaetq,19/03/2026,cust_41ss5la,Anjali Fernandes,682036,651600,paid
order_19ep7yj7x6256q,22/02/2026,cust_l5ipws7,Imran Chatterjee,110067,71800,paid
order_zqy6hq7w6x26op,24/03/2026,cust_63tt5c4,Siddharth Bose,380039,46100,paid
order_wasgh77ttpnp5c,30/01/2026,cust_7emt97e,Karthik Patel,560034,147300,paid
order_n3u1m6211z0inn,03/01/2026,cust_g098rl6,Joseph Desai,400093,334500,paid
order_ph2t4c5qrqy86x,06/03/2026,cust_s8d0bii,Divya Joshi,500069,39300,paid
order_lviqtw8hth7mmk,19/02/2026,cust_ap91a6w,Harish Kulkarni,110062,287500,paid
order_3je9befjujhpyc,21/01/2026,cust_u10txvh,Fatima Rao,110060,123800,paid
order_yrs6v925rryok0,01/01/2026,cust_7pxnrp6,Rahul Gupta,411031,60200,paid
order_wh2qxdpszgb810,29/03/2026,cust_8llenyg,Imran Patel,500045,49700,paid
order_3ykmesd8v6zprc,20/03/2026,cust_5f24bhn,Anjali Fernandes,560094,63600,paid
order_sji9vh74q6jair,13/02/2026,cust_v3jrq3m,Arjun Chatterjee,560096,68200,paid
order_zunuo0qie10amx,13/01/2026,cust_m0btk6m,Fatima Desai,400002,509900,paid
order_2271x7e2ick599,03/03/2026,cust_q2jvk0a,Anjali Mehta,400039,47600,paid
order_rpuftc9xvndyr2,18/03/2026,cust_2ugswtn,Ananya Reddy,500002,130300,paid
order_nislz93242t3bs,13/01/2026,cust_k6klej2,Siddharth Iyer,700049,320800,paid
order_ydwo5yr68wcz8g,26/03/2026,cust_58bp27t,Fatima Patel,500001,119100,paid
order_jon85abi2l53a7,22/03/2026,cust_60mw41e,Aarav Patel,560070,110000,paid
order_5kf5uw9jjo82ou,01/01/2026,cust_0hprzq6,Harish Iyer,700154,81600,paid
order_7mpkuz3pj2qf6t,20/02/2026,cust_jgeydwo,Kavya Gupta,110064,216500,paid
order_wurf9xltaqs0ai,21/03/2026,cust_7t5nfum,Kavya Iyer,400022,347300,paid
order_7ml4uk13cyrpel,20/02/2026,cust_7m473kw,Harish Nair,110035,48500,paid
order_gabodc2kjxvnwq,15/02/2026,cust_acj7hxw,Harish Desai,600033,129100,paid
order_2820ebut0rcgsi,31/03/2026,cust_tlx7fud,Manish Gupta,560048,57600,paid
order_9j35ewnphvpiov,29/03/2026,cust_mbazpr6,Aarav Mehta,110020,158100,paid
order_glspopkjwxd8xr,23/02/2026,cust_xu05ts3,Priya Pillai,560030,110600,paid
order_8t4n5yy2xkrc9r,23/01/2026,cust_0b6aoyq,Rohan Nair,682004,101500,paid
order_iggx7kq6z03y50,20/01/2026,cust_fheero5,Karthik Joshi,110095,64000,paid
order_dw7jkvyp43rl07,12/01/2026,cust_web153b,Ananya Joshi,560091,35400,paid
order_0yomnxjldbaqa0,26/03/2026,cust_1xyrtyt,Rahul Desai,400042,74200,paid
order_7eb2leit6p9dqk,16/01/2026,cust_ywdlenn,Kavya Iyer,560008,67000,paid
order_mu0yzulgya0gbb,25/03/2026,cust_5o37suh,Aarav Chatterjee,400088,253400,paid
order_vppknnw3p01q0o,29/03/2026,cust_j06evcl,Siddharth Sharma,411015,143100,paid
order_fy1lgey9dn30oc,09/02/2026,cust_l9fyqfr,Ananya Reddy,411019,113200,paid
order_548gpd1snu1tno,30/03/2026,cust_nt5xo5s,Manish Reddy,560047,39400,paid
order_r7kg9xgxiigasg,17/01/2026,cust_bm8kp9f,Ritu Kulkarni,600119,100900,paid
order_83wq8y91xff1zt,22/03/2026,cust_dkrqdni,Divya Bose,400013,335500,paid
order_n7pagyulhw6z83,23/02/2026,cust_whiqygf,Tanvi Kulkarni,400068,263700,paid
order_8tuwa1zxrsakjr,28/01/2026,cust_ks76qsq,Kavya Chatterjee,400036,35100,paid
order_tc8sffi1vaqgp1,10/03/2026,cust_gh8ohvu,Karthik Sharma,560036,42600,paid
order_eufbvy1255ik6t,08/01/2026,cust_p6bhc9l,Ananya Pillai,400017,126200,paid
order_n5l2bwxdsos812,01/03/2026,cust_yfcfngv,Vikram Mehta,400050,128000,paid
order_f7kswlcu6dyioj,07/01/2026,cust_rmbev4c,Anjali Menon,110008,141200,paid
order_b2xa0jyado6amd,30/03/2026,cust_scep5se,Rohan Kulkarni,600001,44800,paid
order_u8hb6vkt5ikbvz,15/03/2026,cust_p2jrs3y,Imran Fernandes,500095,101900,paid
order_dxailo58o0oulr,27/02/2026,cust_q4ezfkq,Manish Rao,560013,73100,paid
order_057ho3833z57yv,22/02/2026,cust_mlmqif1,Sneha Bose,682042,59600,paid
order_mjs61o5f2x1khp,19/03/2026,cust_x4qrpc0,Lakshmi Rao,600040,72400,paid
order_d5z0nhvw9aj4zr,08/03/2026,cust_3fv2j8o,Fatima Fernandes,400042,83000,paid
order_jyszkvv1qeaxnl,06/01/2026,cust_nzth9na,Meera Rao,600033,449700,paid
order_8k4n1ilugkfr21,04/02/2026,cust_v7k517i,Karthik Khan,500012,112400,paid
order_syixd4vx2wo91r,22/01/2026,cust_l3dxq04,Rahul Kulkarni,110014,140800,paid
order_frvgwthc2d60y4,20/01/2026,cust_n5sp3h8,Kavya Khan,380003,109300,paid
order_9ymfoow1twrtro,11/03/2026,cust_r6oezdd,Kavya Khan,110057,120200,paid
order_bq9v99ok0yly2u,06/01/2026,cust_6oxfbqt,Karthik Rao,560010,70400,paid
order_sixirbsz18qu8z,07/01/2026,cust_hh6y3xy,Aarav Iyer,560035,187700,paid
order_7bjszk3hhtez1i,31/01/2026,cust_kn7daln,Fatima Nair,400037,63700,paid
order_2ic2b8s08iioiz,23/02/2026,cust_5kdpodb,Rohan Patel,560043,248300,paid
order_vfnkdyfrm3in5f,25/03/2026,cust_xg03mxz,Manish Kulkarni,560018,75600,paid
order_2j0xqncyt0gwhq,05/02/2026,cust_edcknst,Divya Joshi,380055,39200,paid
order_muperquaybw1ek,31/03/2026,cust_4ao42xz,Joseph Joshi,500067,69800,paid
order_u3mwpzimbkp23l,26/03/2026,cust_ga9crl9,Vikram Mehta,400075,299900,paid
order_ve8sehvxsdp8pr,19/03/2026,cust_ktg9tro,Karthik Menon,380034,31300,paid
order_fs373ksd1hfhoz,30/01/2026,cust_byxwz3w,Fatima Gupta,560086,76600,paid
order_pzd7uwkd4su31r,03/03/2026,cust_tm6gir2,Arjun Menon,400063,266300,paid
order_agt5sog3y4d6gk,08/01/2026,cust_0r85oou,Ritu Mehta,560011,398200,paid
order_kmwtrpqnczzj5v,01/02/2026,cust_9re5ejz,Arjun Sharma,700026,120200,paid
order_9hmeuz13fz2lm9,08/02/2026,cust_ozwxcbd,Tanvi Menon,110069,41000,paid
order_vrt5lljt9t15ff,04/03/2026,cust_osb3brw,Harish Desai,600101,33100,paid
order_u63qq9e7gsri3f,28/02/2026,cust_cgiledo,Divya Bose,110012,129600,paid
order_ujst5dq6e1ynut,28/01/2026,cust_ic2zgs2,Sneha Fernandes,400044,60000,paid
order_sgbogk1lykrt10,17/01/2026,cust_6fufz0u,Sandeep Iyer,600096,238800,paid
order_mv9wszms97ch77,07/01/2026,cust_nrtui88,Karthik Pillai,400016,31700,paid
order_l83t116s1mfyis,06/01/2026,cust_6bbxzy5,Anjali Fernandes,110093,96900,paid
order_gfo99fyb93k9ix,30/01/2026,cust_zndwz81,Rahul Gupta,500047,255000,paid
order_crphnpm8rd7g01,18/01/2026,cust_bnada7b,Ananya Sharma,302021,328600,paid
order_g1yc5ad6dvwlxo,18/01/2026,cust_duodxf4,Sneha Iyer,400075,206700,paid
order_lkr0rpqfx64yfg,08/01/2026,cust_1b35nag,Aarav Pillai,560050,221500,paid
order_80orc238pzycs4,08/01/2026,cust_zk7q6qt,Fatima Nair,600090,69800,paid
order_z5je53a167fukj,22/01/2026,cust_upzeccw,Imran Nair,110074,79300,paid
order_rhc5q2qhnm0xxk,18/03/2026,cust_8ye8k0c,Divya Reddy,560074,118500,paid
order_f9glpg1hhqgv3a,16/01/2026,cust_ou029jg,Rohan Joshi,400059,568100,paid
order_can9gmpqiewk7b,14/01/2026,cust_gwth5ap,Priya Mehta,400075,114400,paid
order_wouc052f5vul35,05/03/2026,cust_w23nant,Anjali Bose,600091,134100,paid
order_dzhttv1fo3l0v0,28/01/2026,cust_und7e13,Aarav Fernandes,400009,118800,paid
order_msd4qh3eg6fta8,29/01/2026,cust_in38uxm,Imran Reddy,500053,147300,paid
order_y09bdyveupfglc,06/01/2026,cust_m1ze63g,Joseph Gupta,500002,561800,paid
order_u2d5y68y1bxree,26/01/2026,cust_tre3ngf,Aarav Gupta,700153,53900,paid
order_8elmz4i0twr99z,27/03/2026,cust_twey8vj,Pooja Gupta,400037,67400,paid
order_zt0wph2iwlzkql,19/01/2026,cust_a8w4nid,Lakshmi Gupta,500079,106000,paid
order_jtfrrflvzewf9t,20/01/2026,cust_038gxx8,Tanvi Sharma,110048,76600,paid
order_stm7t4pedleege,18/01/2026,cust_ktfkq05,Fatima Fernandes,560042,62800,paid
order_bzt4qc3cn7g6tq,26/01/2026,cust_qh4g2un,Pooja Khan,700107,193400,paid
order_bq8nogzdt4yy3t,19/02/2026,cust_zear5wr,Lakshmi Kulkarni,560077,161900,paid
order_moscl1ofhx7rbn,11/02/2026,cust_ntji4pm,Siddharth Gupta,560037,72900,paid
order_oiclw2dl01b0y1,23/02/2026,cust_3jsrsny,Rohan Menon,411028,345300,paid
order_t3k6i1lql6b4oj,11/03/2026,cust_q8oc6sb,Karthik Patel,110039,133500,paid
order_2jpbbee71ki42t,31/01/2026,cust_pgl2vnb,Nandini Sharma,110073,46900,paid
order_jaafvixu2hml9q,14/02/2026,cust_1d5llpm,Siddharth Khan,560036,52600,paid
order_jx232hxkmp7pkr,07/02/2026,cust_lfrrl65,Aarav Chatterjee,560083,130800,paid
order_cddxa6ts325ksv,17/03/2026,cust_wn79orx,Fatima Reddy,411014,135000,paid
order_podo1ho2flru3h,19/01/2026,cust_aoiykwl,Sandeep Fernandes,380058,77200,paid
order_9rqowl5zfbcbki,07/02/2026,cust_pkm31q1,Karthik Pillai,400049,63400,paid
order_sw0icjbs6yshb3,27/03/2026,cust_dk0hnr9,Harish Joshi,560059,185400,paid
order_tt6qr1j1mxunnp,19/03/2026,cust_2r3c3yf,Ritu Joshi,400090,53600,paid
order_42holhrnfbcamy,19/02/2026,cust_t1ie572,Imran Patel,411006,109500,paid
order_xqk1oi1ch8dqwo,09/02/2026,cust_cbnl98e,Anjali Nair,411036,44200,paid
order_iadhk5v4uicn1m,26/01/2026,cust_0sgbhhg,Ritu Sharma,400052,46000,paid
order_84p3ygsh67t20s,23/03/2026,cust_17jvb5y,Kavya Gupta,400087,54800,paid
order_2xrzlpqgghnbyk,02/02/2026,cust_fpcohpz,Ananya Khan,380008,118100,paid
order_yulxc13y4m2fkf,13/02/2026,cust_gtt0mpv,Vikram Gupta,302032,84800,paid
order_bq6awbef2zbizm,02/01/2026,cust_br8rq06,Priya Mehta,500052,43500,paid
order_nrcvoww3abov4i,31/03/2026,cust_xlrdj0a,Imran Mehta,380041,72300,paid
order_fv568uky0mxxmv,13/01/2026,cust_nyisyj9,Lakshmi Pillai,400002,55100,paid
order_83gi5xmi2ucz89,29/01/2026,cust_fgwrae5,Karthik Nair,560088,313300,paid
order_8gi5d21h10kv2d,31/03/2026,cust_6u0o2or,Meera Chatterjee,560068,286100,paid
order_0ek84ks836pwq5,11/02/2026,cust_p1br7mt,Meera Patel,400101,78800,paid
order_t81c89ijfw52cj,14/02/2026,cust_dt8s60s,Sandeep Joshi,400019,44300,paid
order_xj98076lp8rci7,11/03/2026,cust_tab82wh,Lakshmi Rao,560055,38600,paid
order_95ipenj7xhz0nb,31/01/2026,cust_713ypv3,Kavya Rao,560037,128300,paid
order_rsl772i60miera,17/02/2026,cust_o96xn2u,Aarav Fernandes,500034,38400,paid
order_2e2sww8k1q4rgu,30/01/2026,cust_2w6dhec,Imran Iyer,302005,74100,paid
order_wsrwyqr48s5w2c,06/03/2026,cust_ec3nh0q,Vikram Pillai,400100,76200,paid
order_wz64z9li2snztt,09/01/2026,cust_mkixbuf,Sneha Joshi,600075,67500,paid
order_5nns7el3x7mdiz,31/01/2026,cust_qoiwre2,Rahul Menon,600101,312500,paid
order_w5p8ttlzgz96ys,09/03/2026,cust_8melg60,Fatima Reddy,560048,284800,paid
order_9r9nmhok6ecbs3,11/02/2026,cust_5zqmhvz,Fatima Desai,400032,144100,paid
order_yv9s0qz5786ozk,31/03/2026,cust_6feku62,Manish Desai,560060,188100,paid
order_ls5e88mkliuiv1,15/01/2026,cust_i37u448,Sneha Iyer,500043,137200,paid
order_hmphoay0kg33yw,28/02/2026,cust_qqusscg,Ananya Rao,600017,147400,paid
order_ebxv86kc7mqg64,30/03/2026,cust_ybtqlf2,Ritu Gupta,110056,132100,paid
order_cokfgvub6m9nx4,11/01/2026,cust_7phpock,Joseph Fernandes,600032,269000,paid
order_di7gy768gp9sv3,04/02/2026,cust_mk2hilr,Pooja Sharma,560044,48900,paid
order_w62dvdhxvkn6cq,15/01/2026,cust_zt8l7ai,Sneha Patel,110006,96700,paid
order_foighvzo3bxxbc,28/01/2026,cust_hncr65w,Ananya Menon,700156,270900,paid
order_elnfhbpnsgx6cl,17/03/2026,cust_8r2pnag,Joseph Khan,400051,46700,paid
order_gfa1chb5d14yqu,09/02/2026,cust_2pkmby3,Ananya Joshi,411037,70300,paid
order_77260m6gohkgxo,31/03/2026,cust_k3bt20m,Pooja Chatterjee,400027,258700,paid
order_l80iczq8eth8dk,06/02/2026,cust_6205k3w,Tanvi Nair,500021,66600,paid
order_t8cyxmfwmjtr1j,26/02/2026,cust_08q1dj3,Divya Desai,560035,76800,paid
order_4e8ehdf1wva61q,23/03/2026,cust_43gv2lw,Manish Rao,560093,312600,paid
order_33xscn7zds6vkk,28/02/2026,cust_j3qd6y9,Meera Mehta,400002,84800,paid
order_wmly6j9krbslsg,11/02/2026,cust_ibe7xms,Manish Menon,500085,588200,paid
order_6kzlzhavo7gk0k,29/03/2026,cust_3sob4jg,Siddharth Nair,110085,49500,paid
order_f6k7jg1hjj0uny,31/03/2026,cust_ac8sx2w,Harish Khan,682034,100700,paid
order_0pk4t08ljea5rb,25/01/2026,cust_e3evibc,Meera Patel,600114,43500,paid
order_uyf65swowvvznu,02/01/2026,cust_0mf0nor,Fatima Pillai,411051,153000,paid
order_3k3p91gdvfy4px,04/01/2026,cust_ddg1u7m,Sandeep Iyer,500052,111400,paid
order_azysl8x7i19nrr,24/03/2026,cust_j4syr1c,Ananya Bose,600031,244700,paid
order_vjnx41u8w547gf,27/01/2026,cust_ml2uwnb,Kavya Menon,400009,37400,paid
order_nkhkdvk0rbd28i,17/01/2026,cust_431bugf,Rahul Sharma,560099,142700,paid
order_whz4tlk8xipgad,26/02/2026,cust_8afau0w,Ananya Pillai,110068,35600,paid
order_jg0uv2pm2ghqrp,22/01/2026,cust_ba4guao,Ananya Chatterjee,411005,202400,paid
order_hjg55xds6hrwzw,29/03/2026,cust_f8nskjt,Rohan Kulkarni,411016,308700,paid
order_cay6mi3yucn032,04/03/2026,cust_x11mql2,Nandini Nair,500057,48400,paid
order_ojr3sw7gc64wqc,06/01/2026,cust_jhosf1j,Tanvi Rao,682026,335900,paid
order_fku4jdmb80lfht,02/02/2026,cust_37rgcwh,Fatima Patel,110076,31000,paid
order_6vo9k0mfzbizua,14/01/2026,cust_9fp5dl4,Imran Reddy,500073,623900,paid
order_v3iowtnjybtn6q,14/03/2026,cust_plymo5v,Pooja Patel,400083,393000,paid
order_msv84hpmxkv53p,19/03/2026,cust_45tu39a,Siddharth Bose,700055,101000,paid
order_hcfk5cogfltiji,13/01/2026,cust_c1mfqgy,Fatima Gupta,400058,59700,paid
order_m5sseeff8oo2yh,06/02/2026,cust_cvy8kka,Harish Rao,700103,36300,paid
order_nrkucaay2axq81,10/01/2026,cust_wrrp0wa,Siddharth Pillai,560012,146400,paid
order_4oyn2pih2ody5r,30/03/2026,cust_9to4bkm,Harish Iyer,411043,63200,paid
order_14ytz268rwktzt,10/03/2026,cust_tzjmqcb,Sandeep Desai,500084,109400,paid
order_xllhmiuvzmwsv9,27/01/2026,cust_phrrzw2,Harish Bose,500058,87800,paid
order_j7968ptcfw32iy,30/03/2026,cust_34oalte,Arjun Gupta,560079,328900,paid
order_sl9flzcv6g14h1,05/01/2026,cust_yys7ynb,Kavya Nair,560088,252400,paid
order_5a8v5qd117hzzw,05/02/2026,cust_v8qtaqq,Priya Mehta,400067,192100,paid
order_jqhbaks8r86vei,11/01/2026,cust_ai2d5s6,Arjun Khan,110080,309200,paid
order_ujxhnjw4jnthn2,19/01/2026,cust_vzx6auy,Joseph Joshi,400048,66100,paid
order_cqpjwoy3d309an,31/01/2026,cust_5kn8xcx,Anjali Iyer,411020,305700,paid
order_w86dl2rqt9g2tx,06/02/2026,cust_5ar8ika,Anjali Gupta,700128,135200,paid
order_i9hljshytw63rq,30/03/2026,cust_xftyle3,Kavya Bose,400096,627900,paid
order_xl3nipqcr2a87t,23/01/2026,cust_73b0n99,Anjali Iyer,700003,68700,paid
order_0w57u0vw99ro7f,04/02/2026,cust_780ckld,Manish Desai,560010,43600,paid
order_cdke4sc5krv8jq,05/01/2026,cust_cu23864,Nandini Kulkarni,302014,132300,paid
order_gnb5k8hc5caoeb,23/03/2026,cust_f4piahb,Manish Patel,500002,105400,paid
order_ml1b5ustdaoeq2,22/01/2026,cust_y7eutwc,Rohan Chatterjee,110075,283000,paid
order_uagy5s2rbz6dmc,26/02/2026,cust_ac4qaha,Joseph Desai,110008,91400,paid
order_tw82mo7osiwbif,09/02/2026,cust_1cyszhz,Siddharth Joshi,110096,111100,paid
order_54od2ihoy6w9mu,15/03/2026,cust_qctsqn1,Tanvi Chatterjee,600119,33100,paid
order_jaslqzr9y65zli,03/01/2026,cust_srgfshz,Ananya Kulkarni,302034,308900,paid
order_3m9ve57eszamut,03/03/2026,cust_b4pp3jz,Vikram Chatterjee,700018,899800,paid
order_2d3wyv453r03jx,13/02/2026,cust_ioqn0uv,Harish Bose,302011,97300,paid
order_o3fjtt2uag8599,06/03/2026,cust_1mpv8d1,Rahul Chatterjee,110080,42900,paid
order_q1ncjz35rnc2ke,31/03/2026,cust_7n5tnaq,Vikram Desai,500076,119600,paid
order_xq3n5sn48g512e,24/02/2026,cust_uba1qik,Ritu Gupta,380032,79000,paid
order_9107utki4you5c,23/03/2026,cust_rzok36r,Vikram Fernandes,500078,637500,paid
order_1ynhcx56q9ncm9,26/03/2026,cust_87tsz5a,Arjun Mehta,500017,89000,paid
order_zxj3bcv00oqnk6,09/02/2026,cust_jmdd7mp,Karthik Kulkarni,560035,83100,paid
order_u6351e3enjq9xl,31/03/2026,cust_x5islcc,Siddharth Joshi,400033,78000,paid
order_0516x09tznsa0e,31/03/2026,cust_rf81z9t,Rahul Chatterjee,411054,40500,paid
order_gm7yv8frx2yf5m,29/01/2026,cust_5lp8qg8,Rahul Mehta,110029,172100,paid
order_3tag0tccyg0kui,05/01/2026,cust_9ypc71u,Kavya Iyer,700104,62300,paid
order_dvgn4gzyy6m9mm,01/03/2026,cust_b8h9wat,Priya Rao,500081,147100,paid
order_mvj9k1c873d1z6,30/01/2026,cust_wdg8q4n,Rahul Reddy,110025,36800,paid
order_vnh4z4ff3ugr7f,19/03/2026,cust_esjv641,Ritu Reddy,560079,335300,paid
order_azcz6dp1pefglt,31/01/2026,cust_lypfzms,Meera Mehta,380024,69600,paid
order_1rmx7jft6ih8kv,05/03/2026,cust_gjmaagk,Sneha Iyer,110059,58500,paid
order_7z3gamg64c4j9n,20/02/2026,cust_v98g2st,Manish Rao,380014,628100,paid
order_q0qkvqn7wb5zuo,09/01/2026,cust_v2m141h,Harish Pillai,400011,132000,paid
order_tci5x8279r1c1z,16/01/2026,cust_clfuneq,Manish Kulkarni,400088,179300,paid
order_e8j37kieke6ise,25/01/2026,cust_trfcb2e,Karthik Reddy,560077,72800,paid
order_uivo41riq6y5zx,16/03/2026,cust_x468dau,Pooja Patel,400094,230300,paid
order_tiostmdj6xqy2y,30/01/2026,cust_k9d3h7q,Karthik Pillai,560028,504000,paid
order_af0ommu6i20812,08/02/2026,cust_fyvvu23,Vikram Joshi,110053,478400,paid
order_swzme8jbl9k9hq,18/01/2026,cust_q5d2buy,Manish Desai,110030,83600,paid
order_v3nv7287fcq1a1,14/02/2026,cust_nbumbbf,Divya Chatterjee,110083,123300,paid
order_p9yyl9wkykosed,23/01/2026,cust_put5t75,Anjali Sharma,500051,126900,paid
order_qfu0uqoot3vau7,18/01/2026,cust_qx3r2rj,Pooja Rao,110071,42800,paid
order_weig7k9t41w94b,09/02/2026,cust_iaqc00t,Vikram Menon,682034,48100,paid
order_qqc9z9wkpraa3v,31/03/2026,cust_d22yhsm,Ritu Reddy,500023,105700,paid
order_ggh1k87wh0liwc,31/03/2026,cust_q1k4zo9,Joseph Gupta,400071,65500,paid
order_dlnxnvkcacmerr,31/03/2026,cust_rir3hfg,Vikram Iyer,500061,109000,paid
order_3npn3p849bs8mj,20/01/2026,cust_s7gzsfn,Siddharth Sharma,400080,38300,paid
order_0ho8ujyiwd1dov,13/01/2026,cust_cq9ple9,Nandini Patel,500010,37500,paid
order_o26pqu3pnehg2x,04/02/2026,cust_xm5fwl0,Rahul Joshi,500068,119600,paid
order_1izdr64w7eupxq,28/01/2026,cust_ghz2opf,Joseph Joshi,560102,43100,paid
order_iudlebx9cmsy2y,19/03/2026,cust_9onuoyy,Sandeep Iyer,400080,312900,paid
order_170yqzlx96wh5n,27/01/2026,cust_e692zbh,Karthik Fernandes,600096,62900,paid
order_evg32uwzkgxjfw,27/02/2026,cust_u8bsjxo,Vikram Sharma,400077,63700,paid
order_bmy78vi4i7g88x,31/03/2026,cust_3iifw5q,Karthik Mehta,600090,36300,paid
order_y14q58ehvnsg5s,04/02/2026,cust_j3a2r22,Tanvi Joshi,400042,734400,paid
order_6dl5tlrya36jb9,02/02/2026,cust_wrdu2ji,Siddharth Rao,110056,33200,paid
order_mgbeqndvsbktz9,28/02/2026,cust_rb7c0fx,Ritu Sharma,600094,238700,paid
order_vw4g86bq386zzf,26/02/2026,cust_f4lpaaj,Lakshmi Pillai,500096,148500,paid
order_1gdyst2g8uses6,30/03/2026,cust_e8cqzis,Ananya Joshi,500058,155600,paid
order_1v64wl9vtgp7hq,02/02/2026,cust_tbvoedm,Meera Menon,600116,130900,paid
order_z9u3enfegzwxib,20/03/2026,cust_elaj89r,Joseph Mehta,400086,30900,paid
order_dvnv87qjz232nx,11/03/2026,cust_eggwcp7,Anjali Chatterjee,560085,61900,paid
order_tadleckqqlif1m,24/01/2026,cust_bqkmmrd,Rahul Menon,110018,40800,paid
order_mmdcoamq85ae21,05/01/2026,cust_1apwukt,Arjun Mehta,400041,85900,paid
order_8480whqmmlvmul,06/02/2026,cust_eyffwfi,Manish Rao,600005,656000,paid
order_fj2vhk0g6vh2qt,28/02/2026,cust_0pj6fht,Rohan Rao,110006,78800,paid
order_j8g9fsspcc36so,18/02/2026,cust_itw5zeo,Arjun Desai,560081,51200,paid
order_tvyg3g9x7sxnbm,15/02/2026,cust_bo2a8ma,Kavya Khan,500040,453200,paid
order_zf6zfk7q22jm85,29/01/2026,cust_7g0uiz6,Divya Joshi,560015,50900,paid
order_9r1afoiny6i5hk,16/03/2026,cust_n5h6et4,Divya Desai,110009,64600,paid
order_hmk48tflqrlcyo,27/02/2026,cust_m55q7ie,Pooja Mehta,400002,452300,paid
order_wvdhom2exw6pei,27/02/2026,cust_u0atnms,Tanvi Reddy,600022,126700,paid
order_clo1cd8voxfsdf,06/01/2026,cust_ykcuw2e,Karthik Sharma,400052,76500,paid
order_aajn8s0n1w6w7o,14/01/2026,cust_uzdbe1s,Ananya Menon,400025,251100,paid
order_vp2wr6dkvcvfqu,03/01/2026,cust_1nhfnha,Karthik Bose,400087,187400,paid
order_kw709da052idfh,07/01/2026,cust_4x3006u,Nandini Bose,400047,38400,paid
order_pku13sq4hikqfm,22/01/2026,cust_q0zeykr,Ritu Gupta,700081,38700,paid
order_3svaymo9z8cy27,13/03/2026,cust_f7wmf5u,Lakshmi Sharma,700135,125000,paid
order_mvc5zg9n97ngfn,07/01/2026,cust_420g0o4,Ritu Menon,700042,249600,paid
order_xvb9ibrofafcho,22/01/2026,cust_45wcfc4,Divya Nair,380054,48600,paid
order_f19jt4qkd0aiyp,06/01/2026,cust_qclk80u,Rohan Fernandes,302007,118000,paid
order_4xkcr1dy7v4xdp,31/03/2026,cust_vrtgwiv,Karthik Rao,400070,737500,paid
order_51bm0rteuxiusl,16/02/2026,cust_5gfeu3y,Aarav Patel,400090,66600,paid
order_enj4ytf8u8j5cd,15/02/2026,cust_bmgmt0m,Karthik Rao,560094,52600,paid
order_wc4ex9lngjywuy,07/01/2026,cust_oopfzee,Ritu Rao,560059,55000,paid
order_9ouchqvcs7dqhz,29/03/2026,cust_bh0ahhi,Siddharth Kulkarni,400020,141700,paid
order_aoqnmfa46jp76t,22/03/2026,cust_zegulf8,Karthik Fernandes,400004,32900,paid
order_103f1plqniqvfh,17/02/2026,cust_sktc0wy,Nandini Menon,400078,127300,paid
order_hdub4pknnr5jzb,13/02/2026,cust_0tmyiqb,Priya Khan,560060,880900,paid
order_nb9nm04n6tbyx6,27/03/2026,cust_3yuev6u,Sneha Patel,380027,214200,paid
order_nbj693ins2you0,26/01/2026,cust_lq68oc5,Imran Khan,600098,109600,paid
order_y1mjzdjroid4f3,26/03/2026,cust_xdnhujp,Vikram Patel,560041,56600,paid
order_5tn7vz99if0kdz,17/01/2026,cust_bvjwaka,Harish Bose,110049,648700,paid
order_x4o6c2mtk27bu0,19/02/2026,cust_ct9hcvg,Karthik Kulkarni,700141,71000,paid
order_hi08fi7x3e9dfu,30/01/2026,cust_mfi7le1,Priya Sharma,682011,39600,paid
order_4vtxd6peg32ng3,11/02/2026,cust_5p8snb4,Meera Sharma,500081,64900,paid
order_9schszqmhqyid9,18/03/2026,cust_k0wlwil,Lakshmi Pillai,411020,116100,paid
order_f24svuucivdobl,06/02/2026,cust_zpxdka0,Ananya Nair,560100,322300,paid
order_y2zos0hcqxpy3z,30/01/2026,cust_ecusgra,Pooja Reddy,400025,76900,paid
order_n541ooxr2mgu7w,02/03/2026,cust_h3r9ums,Aarav Desai,411057,343300,paid
order_mg31vwnpxk7hmq,01/03/2026,cust_i2nmf1c,Karthik Iyer,560083,123200,paid
order_5tm4y7jh3rrdsy,19/01/2026,cust_vk08m3d,Vikram Rao,411025,109700,paid
order_m8bmsggb5dcrjl,30/01/2026,cust_sgmhtro,Aarav Menon,682020,59400,paid
order_bs5irfife6kwpx,09/02/2026,cust_syt3r8g,Harish Gupta,400001,751500,paid
order_p2a0jhi4lhxmvo,27/01/2026,cust_bem3c1y,Rohan Pillai,600059,39100,paid
order_1xakx8mhufaczo,08/03/2026,cust_niye6a3,Siddharth Reddy,560056,58300,paid
order_m25m1cnl53s8e4,17/01/2026,cust_tto5go0,Rohan Fernandes,400096,119000,paid
order_d1phnv3aw0ms6i,26/01/2026,cust_u8dtb1g,Rohan Rao,560059,131500,paid
order_8vu2hjks47i4op,31/01/2026,cust_3vdkjxf,Joseph Pillai,700047,74400,paid
order_ig4wvfkvwonak4,14/02/2026,cust_836lf6u,Imran Iyer,400084,48400,paid
order_eno9rjsnf0zh12,31/01/2026,cust_3jhse0o,Arjun Sharma,400075,158400,paid
order_ihfaqsytp0g6rt,23/02/2026,cust_i3on2oz,Vikram Pillai,110007,70400,paid
order_3kea5wgji837xf,31/01/2026,cust_qlfzuqs,Anjali Patel,400101,472700,paid
order_g07lgx0fw6htlv,05/03/2026,cust_prqft6f,Imran Khan,560019,40700,paid
order_954uhlfm9q1q6l,25/01/2026,cust_6n8lp5f,Nandini Iyer,560046,68100,paid
order_vw850xef3ylytt,07/03/2026,cust_srfh3wy,Siddharth Joshi,110021,135300,paid
order_vkwbcao7v167w4,28/01/2026,cust_itphf5f,Karthik Joshi,380040,129300,paid
order_v26fw3qd0i4nhh,29/01/2026,cust_9t5nznn,Sandeep Pillai,302033,149500,paid
order_uff1lx9zhpusd9,11/02/2026,cust_gdnvoel,Divya Khan,302019,99300,paid
order_l2jf5rmpfuaa6l,12/01/2026,cust_55544bn,Priya Nair,500044,131500,paid
order_qr7zfnw9a8ukeq,22/03/2026,cust_dlttw7s,Ritu Chatterjee,560089,70600,paid
order_0qsq0vmte0x3dg,25/02/2026,cust_1vwja8h,Vikram Desai,110042,32900,paid
order_8ggae2ebrgvsry,24/01/2026,cust_qa6sdt6,Anjali Gupta,600061,146500,paid
order_42u69gueo6w4xh,29/03/2026,cust_radb5ol,Manish Desai,110079,34000,paid
order_3wqz779hnj11bj,06/01/2026,cust_gyklosy,Aarav Bose,400037,64800,paid
order_9o3f6gtp6rj6td,20/03/2026,cust_akemmau,Tanvi Iyer,400095,166700,paid
order_kbtvf8ickbvtc6,09/03/2026,cust_hjzcdbu,Meera Patel,560024,38500,paid
order_kz0t1a6nf1oghl,17/01/2026,cust_jeq194p,Pooja Gupta,600042,77300,paid
order_rf6lch5x1utveo,27/02/2026,cust_krpdii4,Arjun Reddy,411032,35600,paid
order_bu26zq5c2sk0xg,14/02/2026,cust_rnwfpta,Tanvi Bose,560057,93000,paid
order_5tskbmru9icccn,18/02/2026,cust_glukoaw,Fatima Chatterjee,682012,71600,paid
order_4o6carbz9kebdz,22/02/2026,cust_5k2btfa,Pooja Desai,400018,40200,paid
order_6rrtf6o5ll64xd,16/01/2026,cust_mfv75qe,Rohan Chatterjee,600107,143900,paid
order_ktwhtemigya08q,17/03/2026,cust_844eqhv,Vikram Desai,560027,88300,paid
order_auljtm4h8jrgx8,22/02/2026,cust_97a6ns6,Imran Chatterjee,110093,344000,paid
order_dtia3dsd88by59,26/01/2026,cust_hqts733,Lakshmi Joshi,400006,65100,paid
order_rgqbcur1l8ppkf,13/01/2026,cust_6jkcawm,Tanvi Bose,400052,137300,paid
order_9ncr68ryscgwvw,01/01/2026,cust_va174fg,Karthik Iyer,560098,99700,paid
order_w35gk1l23yf3t5,23/02/2026,cust_s5d4by7,Manish Pillai,560100,52600,paid
order_hfl73xeocsmqvb,21/02/2026,cust_qo7yhx5,Rohan Iyer,560092,43200,paid
order_40en3vakmm5itd,07/03/2026,cust_knqt8eg,Nandini Mehta,411028,96600,paid
order_i9g3zdd9b8qj0r,15/02/2026,cust_mc4voc1,Rohan Nair,400074,124900,paid
order_vxwd4kj1h4ktf2,29/01/2026,cust_f1902q3,Joseph Nair,380029,104900,paid
order_qw5gb6cf7av7cq,06/03/2026,cust_m67pe5z,Arjun Bose,700091,97100,paid
order_43copj4l8aw4ju,30/03/2026,cust_lcn3n0s,Manish Desai,560010,199300,paid
order_52cuu890hkyp3z,13/02/2026,cust_wjn1fv0,Imran Sharma,110007,185300,paid
order_z8qknlbxxceaa3,24/03/2026,cust_qjro6ez,Pooja Desai,700067,329500,paid
order_w8cv67h8f7xq17,08/03/2026,cust_0089mg8,Aarav Desai,560047,70700,paid
order_xfs42ruype97xq,18/02/2026,cust_wvdwq6a,Kavya Pillai,411030,95300,paid
order_5o4temb5msu73b,17/02/2026,cust_ao68qhh,Anjali Rao,400030,422800,paid
order_tc7zmiqy4713qq,31/03/2026,cust_4v87etj,Priya Pillai,110041,69300,paid
order_x48s2pyv35mlvr,10/03/2026,cust_c11poqe,Rohan Pillai,110057,30000,paid
order_05dqnfroy8swla,15/02/2026,cust_2k4q9ld,Ritu Joshi,380010,49400,paid
order_u3rmfiqhbwif6w,16/02/2026,cust_4vbm7mg,Priya Rao,110079,62000,paid
order_j7knq9wnjvlb9f,25/01/2026,cust_2xwlapv,Siddharth Patel,380046,97400,paid
order_fvyyd6ll9t21wk,20/03/2026,cust_2gnojpp,Divya Patel,110030,40500,paid
order_h52adhsnzz1rn5,25/02/2026,cust_66jys7n,Arjun Menon,700030,134100,paid
order_zscnvona3qq30z,19/01/2026,cust_vm9wlh8,Arjun Fernandes,110038,129800,paid
order_0pbdxomumv15vw,29/01/2026,cust_sdv30h3,Nandini Bose,400074,30300,paid
order_4cr7rn50yhkz9b,21/02/2026,cust_4uezjx6,Ritu Nair,560043,283000,paid
order_57tcm9nyrmyuxh,26/01/2026,cust_b3gxv3m,Karthik Reddy,302002,71900,paid
order_hzcruxf3bt8oqn,23/03/2026,cust_izhyw41,Rahul Reddy,400029,54200,paid
order_v9l0sn71u7l5cb,24/01/2026,cust_t7nfqd0,Vikram Khan,700016,89600,paid
order_kyrw7do90aou95,29/03/2026,cust_tv372sz,Ritu Menon,500084,126300,paid
order_4zdagn5d1jqzbi,18/01/2026,cust_j44cee9,Meera Nair,400014,45700,paid
order_g7iw6wulkrjbvq,18/02/2026,cust_rm3x41k,Anjali Pillai,600111,63700,paid
order_zj423j8c2ipqhw,07/01/2026,cust_uea39f1,Meera Rao,110076,53200,paid
order_m2ym6my2558x41,03/02/2026,cust_76pycdu,Manish Mehta,110031,91300,paid
order_nvbys6y929vv3h,30/03/2026,cust_s2elgxk,Fatima Patel,500072,236800,paid
order_xv1h22ap21eadv,04/03/2026,cust_aoprrub,Joseph Mehta,411022,137800,paid
order_zggz7o33t2s2k1,04/03/2026,cust_1xy2kci,Aarav Fernandes,700070,292900,paid
order_6pglyxsijlw8he,05/01/2026,cust_k9zjd69,Joseph Mehta,682006,49000,paid
order_1ctnuqu6ndyt84,29/01/2026,cust_ilu8g3p,Vikram Khan,560016,64900,paid
order_besd0cux5ctbag,06/02/2026,cust_pmnk6wi,Ritu Sharma,560043,42800,paid
order_t5lhrrguscd2yb,28/02/2026,cust_5bra0y5,Pooja Kulkarni,560041,138000,paid
order_ua65pnjn7cl6kj,27/01/2026,cust_zv8hlxt,Tanvi Reddy,110033,88100,paid
order_vhzr6sgigesqp7,18/03/2026,cust_qsds6om,Divya Rao,700023,127500,paid
order_6400hpi3s8bibf,13/01/2026,cust_helhg81,Kavya Pillai,400104,39400,paid
order_ia2z6i28ae424b,14/01/2026,cust_m80dt5x,Pooja Iyer,110003,255100,paid
order_goup9lq24b6t5u,02/01/2026,cust_vo1mmvh,Priya Rao,302008,140000,paid
order_n7ff7jhayl3rb3,20/03/2026,cust_tp5eyyg,Kavya Gupta,400038,73800,paid
order_yfgfzgk0168y93,12/01/2026,cust_66zub5x,Vikram Sharma,560013,57200,paid
order_edymleg4ij3crx,10/03/2026,cust_66vu560,Anjali Joshi,500012,47100,paid
order_b8yv96n9hk4r0s,29/03/2026,cust_byqglg3,Ananya Rao,400104,49600,paid
order_vkknh2vn57omk7,15/01/2026,cust_q34003r,Priya Joshi,560054,60100,paid
order_a6v2g3dv0ybude,24/02/2026,cust_0zsizlc,Fatima Khan,411022,44600,paid
order_cdyj9yc14zb3q0,22/03/2026,cust_riuosx8,Ananya Reddy,380058,70700,paid
order_ywf9m0hj9anct9,01/02/2026,cust_qu33ihj,Rohan Iyer,110095,127900,paid
order_lyfaw61trmx0qs,05/02/2026,cust_5bocy3o,Siddharth Gupta,400001,178400,paid
order_nnogpdluglxihe,29/03/2026,cust_dmnfjc3,Nandini Menon,110005,249500,paid
order_k4fbl8rwpzmzsa,14/02/2026,cust_pz7osur,Anjali Pillai,500003,70500,paid
order_nh2azi1jhttorz,31/03/2026,cust_g5gpf3t,Arjun Rao,400081,635200,paid
order_g8zogvgjbdmypg,23/03/2026,cust_2gt60gu,Ritu Chatterjee,400084,29900,paid
order_7o0jtghmqegkhy,26/03/2026,cust_kfqrcsk,Tanvi Sharma,560017,44100,paid
order_fs9yp1eei5fwaq,17/03/2026,cust_6axemyi,Anjali Iyer,560020,104900,paid
order_jgvjtryp5dpcaa,05/03/2026,cust_ux337ye,Kavya Pillai,110024,165700,paid
order_e5e0veydedeeof,04/03/2026,cust_5xfe8ij,Lakshmi Pillai,500064,79700,paid
order_4scy8cgp6yqprz,10/03/2026,cust_8ijjbmt,Priya Fernandes,302018,251000,paid
order_2yg3ckcvycdfst,26/02/2026,cust_8alpdqw,Siddharth Sharma,600014,65800,paid
order_r3ocutjuu9xrfa,13/01/2026,cust_uc5fhrq,Rohan Pillai,560038,236000,paid
order_0lxrq9zd71hg2t,02/01/2026,cust_ieebqws,Ananya Kulkarni,560056,55600,paid
order_zhcntln0pps8vs,26/01/2026,cust_c6u6obp,Fatima Khan,700138,101500,paid
order_obubonn6v9h61i,28/03/2026,cust_za7rmy2,Fatima Kulkarni,302026,172700,paid
order_6nt3z1xi4bhsyd,26/02/2026,cust_5effsj4,Manish Iyer,110078,300600,paid
order_ydm4ywpk55n7jq,13/01/2026,cust_6km0nvh,Harish Iyer,500091,96000,paid
order_x9kma1i6em7507,07/03/2026,cust_czyk8jg,Aarav Fernandes,380037,69500,paid
order_kge89qcuijeig2,11/01/2026,cust_7m7mcpf,Rahul Pillai,560039,78000,paid
order_1s1qdglwgwohuh,21/03/2026,cust_50cc31k,Divya Chatterjee,560042,200000,paid
order_4rxi9v1kzku1rp,15/01/2026,cust_731i5zl,Rahul Chatterjee,400042,37000,paid
order_cx080havofazx4,23/01/2026,cust_nwh4tcb,Manish Fernandes,600030,146200,paid
order_8zkda4fvquu0kt,29/01/2026,cust_1cqsj5o,Lakshmi Fernandes,600118,39700,paid
order_jriei2hnw1fncr,19/02/2026,cust_shi2hj0,Arjun Patel,560024,40300,paid
order_87370jcuetujhj,31/03/2026,cust_coo1tzy,Sandeep Pillai,400076,36500,paid
order_s8dly6jjjyv6wl,29/01/2026,cust_z9oz1h3,Sandeep Desai,110092,434700,paid
order_ooupufs7eome5x,22/03/2026,cust_rr34g7k,Sneha Patel,560004,36800,paid
order_4rnhnys23bphcc,13/03/2026,cust_c46do74,Ritu Gupta,411051,33200,paid
order_heytdtrzguvc9a,05/02/2026,cust_6d5bamc,Ananya Rao,110067,70800,paid
order_xrz1b3o2ttrbov,20/02/2026,cust_8hd5s03,Rohan Menon,411056,33700,paid
order_jc8479zcecrxkp,01/02/2026,cust_4njwslq,Karthik Menon,400007,48500,paid
order_hc6tzp5jcfqe23,25/01/2026,cust_07zvbmp,Priya Khan,411024,664000,paid
order_6e2vxnvpy47gea,11/02/2026,cust_nevlz62,Pooja Kulkarni,110096,54700,paid
order_09qirg5zpcrbga,17/02/2026,cust_pj0pap6,Rahul Joshi,110036,43600,paid
order_lhtgh5jmdjwlov,30/03/2026,cust_9gxkclw,Arjun Gupta,600047,140100,paid
order_pot6l7cqeao9df,22/03/2026,cust_79xmw02,Nandini Menon,302017,101600,paid
order_ajvjmju5x6o4q7,08/01/2026,cust_pdubcei,Kavya Rao,560030,375100,paid
order_n4p5pykrutatv8,29/01/2026,cust_pnw4oqq,Imran Joshi,110008,303300,paid
order_5102mm086bbwmw,04/01/2026,cust_2xbpipm,Ananya Nair,110060,109400,paid
order_zzolgvbttan3va,01/02/2026,cust_f652o62,Anjali Sharma,110027,39400,paid
order_r42b9cv7kpan73,17/03/2026,cust_325l5cq,Meera Khan,110016,48700,paid
order_z0lt2ek939k3r6,13/03/2026,cust_gr3fx8y,Meera Joshi,560019,35800,paid
order_6y7ukmwauvkc8r,10/01/2026,cust_tdc6xnv,Rahul Nair,400003,42600,paid
order_a6r7op1k02wi9k,27/02/2026,cust_k21qwnh,Ananya Reddy,600034,40600,paid
order_wb8txl7zp3jcmb,28/02/2026,cust_jljjgkk,Manish Reddy,411048,337100,paid
order_yk33m8y3oatdxd,21/03/2026,cust_bvamkv3,Ritu Nair,500027,833100,paid
order_xcbwzpycg8nwl6,25/03/2026,cust_19wulvf,Siddharth Gupta,411045,94700,paid
order_288lqnjuzzjr5j,16/01/2026,cust_xyxtopn,Lakshmi Rao,560008,144100,paid
order_wsx27skrndyyih,31/03/2026,cust_x1xn72h,Lakshmi Gupta,600118,320200,paid
order_7jr86bfm4u9spz,25/03/2026,cust_9be2rqq,Priya Khan,411008,74300,paid
order_b5bl8h268p8m53,08/03/2026,cust_moz48d8,Anjali Nair,560026,533200,paid
order_nx7yloz7o9t3ow,11/03/2026,cust_basbw15,Tanvi Reddy,500027,103800,paid
order_drjh0lyzk13e2s,07/03/2026,cust_ya2y9h4,Vikram Joshi,560095,62200,paid
order_fr4hdirsbx6yor,13/01/2026,cust_8sfz3zr,Sandeep Khan,560099,47700,paid
order_p9vhhqdazn8by6,28/01/2026,cust_p16r5ux,Sneha Fernandes,600109,118700,paid
order_y1ur5hql5b2di5,10/02/2026,cust_b5llijc,Ananya Joshi,500036,198500,paid
order_ye4zhk6goe3ua3,09/03/2026,cust_rz942tz,Imran Reddy,560040,148100,paid
order_2u7s2ac6e67t1q,26/02/2026,cust_v5bdgq2,Anjali Gupta,110040,54500,paid
order_1wmli13w9j2gpq,29/01/2026,cust_goyf4co,Kavya Reddy,560007,41700,paid
order_rt492krxhhx7sk,02/03/2026,cust_zqhqu4z,Karthik Patel,700094,91100,paid
order_w7ix8kvr94rq0z,01/02/2026,cust_59mi0s2,Arjun Iyer,400014,149200,paid
order_hsxmektnf0y6rx,15/02/2026,cust_yx0r1kj,Lakshmi Chatterjee,560089,138500,paid
order_n4n4mwnmb680nu,10/02/2026,cust_3cgy6ow,Meera Joshi,700022,93500,paid
order_hfepig0ihlat4a,23/03/2026,cust_vxa9jdb,Ananya Patel,411018,135000,paid
order_merc3kqvzipbfq,29/01/2026,cust_2o1mrm2,Anjali Mehta,400100,353700,paid
order_1rk6n3i25rrrt7,01/02/2026,cust_3m1xudz,Ananya Menon,500087,55500,paid
order_kxzn68k7swisqv,16/01/2026,cust_j0aez0h,Kavya Fernandes,500041,182600,paid
order_fb2mvjnqsnpd54,11/03/2026,cust_jk4pdpg,Vikram Rao,400094,100500,paid
order_nl0m9sgz3ds6lc,31/01/2026,cust_ihemx5v,Vikram Fernandes,560095,42600,paid
order_t59a0uk0uvxten,06/01/2026,cust_nj1yrrt,Aarav Kulkarni,560021,91400,paid
order_27gmts6f4z1pr5,14/01/2026,cust_2tdtm6e,Rahul Pillai,600009,106000,paid
order_uicscps8t2215o,11/03/2026,cust_gv0whs7,Fatima Desai,380006,325300,paid
order_48ijxrlx008y12,30/03/2026,cust_8rujbh7,Rahul Kulkarni,110041,32900,paid
order_u0z0nhvxtlavem,09/02/2026,cust_26c6ns5,Sandeep Menon,560063,54500,paid
order_g4t37xkz9cyq1s,23/02/2026,cust_t61fjmz,Pooja Rao,411050,119400,paid
order_n4hrf2jmwa2glj,21/01/2026,cust_qqbjlq7,Sandeep Fernandes,600014,115300,paid
order_y3cdjx0xt2ed7h,12/03/2026,cust_w23q3wv,Sandeep Khan,110057,111500,paid
order_rc8c1qbdxa182m,11/03/2026,cust_harggkr,Sneha Bose,560046,57200,paid
order_pn9i1uz98ecye3,23/03/2026,cust_b41d5gh,Tanvi Nair,110001,34200,paid
order_yg9dazchal726c,20/01/2026,cust_p2csf1m,Meera Mehta,600050,45600,paid
order_w8m5c78ypmor4d,10/03/2026,cust_45zwdi1,Aarav Sharma,500085,877900,paid
order_illpzkmzmmh0qv,26/02/2026,cust_8cb8nxi,Imran Sharma,110038,32900,paid
order_cbs1fp8gs937xl,20/03/2026,cust_l1wtlv2,Rahul Fernandes,600050,136400,paid
order_unfymjs4lopurf,30/01/2026,cust_87wo4jd,Karthik Rao,682002,233300,paid
order_v3zxnjdymjuhux,03/01/2026,cust_oqx9atx,Joseph Joshi,110017,146200,paid
order_wc9r4qsyo9r5l5,24/02/2026,cust_yo4rbfn,Ananya Bose,560094,64300,paid
order_er430cxndwnxda,25/01/2026,cust_pfaii0f,Arjun Rao,110062,301900,paid
order_ze40r8na9a8bon,28/02/2026,cust_y2s3960,Divya Chatterjee,110070,411100,paid
order_mclequ3x6m0ay4,18/01/2026,cust_ksmashn,Ananya Joshi,560004,138600,paid
order_w7dfkfq5ertfjz,05/02/2026,cust_qbzdca8,Manish Iyer,411057,318200,paid
order_6bw0ebnbiz5f62,20/01/2026,cust_lptj61z,Divya Kulkarni,400090,138500,paid
order_j2gjgbwnvah8r1,10/01/2026,cust_cwo5t33,Divya Chatterjee,110030,326200,paid
order_65r35z4zuh3qih,16/03/2026,cust_nv6kcrh,Kavya Nair,560030,76700,paid
order_shwnty07x9eg1v,13/01/2026,cust_t2qlmj8,Lakshmi Fernandes,400018,143700,paid
order_s4dbwgp5eiv5cu,15/02/2026,cust_j4ikl6l,Fatima Reddy,560074,94500,paid
order_nuagjumtdyre0e,21/01/2026,cust_r8aefki,Karthik Khan,400059,66600,paid
order_2x32hxbdaywjbi,29/01/2026,cust_fqt13a6,Ritu Gupta,560023,36000,paid
order_gwvz38rd613q6d,30/03/2026,cust_2tdbb4d,Rohan Iyer,500011,135600,paid
order_c249muyfgofbhl,27/02/2026,cust_46dfwwb,Imran Kulkarni,700121,43700,paid
order_3jlun5jsv7esmv,12/01/2026,cust_bauojl5,Rahul Gupta,400072,332300,paid
order_w34z6rfjuktg7a,25/02/2026,cust_2cc777k,Siddharth Bose,700014,129900,paid
order_wt6sq3byyvebm9,05/02/2026,cust_ljhxzvy,Ananya Patel,400070,97000,paid
order_m1uxpr6ph026xw,24/03/2026,cust_4rjnwef,Fatima Desai,700098,78200,paid
order_84qchrsnprtr7a,14/02/2026,cust_i3f5s0j,Nandini Khan,110096,261100,paid
order_9q6l924trazvut,04/03/2026,cust_km2z9jp,Lakshmi Desai,400026,139900,paid
order_nph1gipmkun5un,17/03/2026,cust_sc5f9ua,Anjali Mehta,682016,78400,paid
order_r47uiyamxvf0ww,18/01/2026,cust_3dbh6sq,Fatima Bose,560066,106200,paid
order_zu2ouapnck8315,11/02/2026,cust_qdtchf1,Meera Iyer,700114,71900,paid
order_0x8txf7e30z4bx,20/03/2026,cust_rjmdx14,Fatima Rao,400082,146100,paid
order_faaovhsuldfezu,06/03/2026,cust_nbhtpt0,Sandeep Pillai,500033,41000,paid
order_2edi690h5ekf8j,15/02/2026,cust_5xepfl7,Vikram Joshi,110015,32200,paid
order_6l5mm13mes5qbb,21/01/2026,cust_bwjg4jb,Siddharth Rao,500082,75700,paid
order_or9ow6f997rmw4,25/02/2026,cust_agv7f09,Siddharth Mehta,400050,145200,paid
order_ehe7ydafmt98fj,09/02/2026,cust_g34uoo2,Kavya Gupta,110034,291200,paid
order_6twtfmb0p7bi4s,20/02/2026,cust_xmhnyo4,Anjali Rao,600016,95000,paid
order_nxot40whd6nli4,30/01/2026,cust_gcekzo6,Ananya Iyer,302035,99700,paid
order_m5z68i4ka8gxhp,23/03/2026,cust_3jejdiq,Vikram Desai,600072,321900,paid
order_izn5m66j0svp3c,20/01/2026,cust_wwlsn1s,Rohan Rao,560002,269300,paid
order_adchodwadp2nox,27/03/2026,cust_ckmt2g6,Meera Fernandes,560034,327600,paid
order_qo456x1v11r3ly,01/02/2026,cust_a26lk4n,Divya Iyer,560033,128100,paid
order_e4p88u0lew033n,22/01/2026,cust_lu4zmut,Meera Desai,110004,299600,paid
order_i5st1r2b23mrp9,14/01/2026,cust_eyuqfc8,Rahul Rao,400041,40800,paid
order_oydi3lf4zxmkpu,26/03/2026,cust_jdv7td8,Karthik Khan,380061,90000,paid
order_s3qtskfm8xjbv7,20/01/2026,cust_d0c1zu4,Vikram Sharma,380008,38700,paid
order_n7f4mbn9cmw1kg,30/01/2026,cust_ezub8tb,Nandini Pillai,400028,47000,paid
order_650j1nhxm3ohnq,23/01/2026,cust_basyl01,Imran Menon,560091,284800,paid
order_mv7pdmsc4b9cxe,26/02/2026,cust_w97i6e2,Sneha Patel,560089,233300,paid
order_jf2b2frvq6br2a,09/02/2026,cust_v8sz480,Pooja Bose,400038,324300,paid
order_mu9yr261ep1wpb,26/01/2026,cust_oyajc7m,Harish Fernandes,560005,83400,paid
order_vjpdlc279ntvwb,29/03/2026,cust_f90ql1m,Rohan Sharma,400028,157300,paid
order_r6ynscfzlnuw3q,11/02/2026,cust_7yf343a,Tanvi Nair,600046,77400,paid
order_h5nsarlzv1x80y,18/01/2026,cust_fj5jfpe,Fatima Joshi,110043,126700,paid
order_1182m7dwwe204j,26/03/2026,cust_zarol0t,Sneha Kulkarni,600087,123600,paid
order_6cgya8q9xyti6j,24/02/2026,cust_gkru90x,Lakshmi Bose,110036,50400,paid
order_z3hc6z296ng43p,09/02/2026,cust_w74yoyh,Ritu Nair,411014,101000,paid
order_grk6zs52wsidrb,26/02/2026,cust_jz51pz5,Harish Sharma,302004,79700,paid
order_o3j6y3et7etza5,04/03/2026,cust_rks5hkj,Vikram Fernandes,700001,45500,paid
order_hpcbgaod0xaqnd,05/02/2026,cust_db0brp3,Ritu Fernandes,560064,167700,paid
order_pegiydzbocdomz,10/02/2026,cust_dxljso6,Imran Rao,560044,47300,paid
order_xauqtzqk1q9vzl,02/03/2026,cust_fe901j0,Sandeep Sharma,500025,273200,paid
order_vhzdtplm1jlte0,19/02/2026,cust_xdp6dak,Imran Reddy,110009,186000,paid
order_n98mql4xmm61eq,23/01/2026,cust_wrowzhn,Siddharth Mehta,411046,46400,paid
order_03eec2yvrvifi3,12/02/2026,cust_wt7fbc6,Divya Menon,110025,146700,paid
order_z9p11pak6gfm49,26/02/2026,cust_edibdmr,Imran Desai,400034,106400,paid
order_9qv1x02mn7z4l2,17/03/2026,cust_a8aalke,Tanvi Menon,600022,41300,paid
order_6umhomkh0x7hnc,06/03/2026,cust_klt6u49,Fatima Nair,400080,149600,paid
order_u00vmtnswf2j0z,16/01/2026,cust_qjabtj4,Sandeep Iyer,110062,189900,paid
order_7af4wdwgtklqy2,17/02/2026,cust_utkpbyx,Divya Patel,400056,278100,paid
order_e42rcyc3ke9dra,04/01/2026,cust_fe6ro3m,Priya Gupta,560055,226000,paid
order_pujl783s77dn84,05/03/2026,cust_wjrl6yt,Fatima Fernandes,110059,98500,paid
order_q73vbs9haxc6t6,12/03/2026,cust_yksnng3,Manish Gupta,110072,100100,paid
order_6tgdrbqtzgod6o,13/03/2026,cust_lkrulhb,Sneha Gupta,500071,37400,paid
order_6c7tq41zkawsg7,31/03/2026,cust_ea1ssid,Priya Khan,700088,79800,paid
order_j2t12k0p5djb3h,05/02/2026,cust_794t6k4,Sandeep Joshi,682027,332000,paid
order_fr8y09q9jluo43,01/03/2026,cust_zkpffx4,Vikram Sharma,560096,216400,paid
order_pswzioz74wiyzy,30/03/2026,cust_909hlz2,Sneha Reddy,110093,68100,paid
order_hhe878ycvd20e0,26/01/2026,cust_hm1ezrv,Ritu Patel,400061,37400,paid
order_f5cyg14bjcn00a,19/03/2026,cust_mimm5by,Meera Chatterjee,560093,90000,paid
order_v7nj91e7w5n6sf,31/01/2026,cust_6pyla4c,Sneha Kulkarni,411002,44000,paid
order_f0uy0kov8oharc,01/02/2026,cust_imvy6rc,Rahul Nair,380014,149200,paid
order_2wrb0fo3w5dgyr,27/02/2026,cust_6qs5o5d,Rahul Rao,411026,122700,paid
order_ghqy80lmnb4hz3,04/01/2026,cust_vk46hij,Sandeep Menon,500034,69900,paid
order_jj6g2ua676hdpa,09/02/2026,cust_wqg9cj0,Priya Nair,560028,740500,paid
order_94uckx4hxf2sje,17/01/2026,cust_i4rygv0,Arjun Reddy,400036,122600,paid
order_4b7ra6t3qm07gn,28/01/2026,cust_ow024ew,Lakshmi Bose,560084,32700,paid
order_gj5w28w7gy9ocj,18/01/2026,cust_6rj726k,Ananya Mehta,500009,82100,paid
order_ojnwcoxjcj0wq9,13/02/2026,cust_4rnoqaf,Meera Joshi,400099,60100,paid
order_u6kdavasuzhjmu,16/02/2026,cust_rsk0mrs,Aarav Patel,400010,60300,paid
order_su6geh4i3li1zl,23/02/2026,cust_i0umy94,Tanvi Patel,110082,67800,paid
order_qdl7a4r47wdwl1,11/02/2026,cust_pmji2nu,Anjali Desai,400098,121200,paid
order_q2ksnlrxqa2unu,22/03/2026,cust_2roj3x8,Siddharth Fernandes,500060,127900,paid
order_vbwk1h5rabb8eg,05/01/2026,cust_0pyj2zu,Meera Reddy,500064,48600,paid
order_3crj8l5bc062y9,25/01/2026,cust_tdjifph,Priya Reddy,400003,36000,paid
order_n1ysrty20nnnqc,29/01/2026,cust_kwih1nc,Aarav Reddy,560017,126000,paid
order_px0s8i5pt52q5v,18/03/2026,cust_x529c7f,Manish Rao,302030,146800,paid
order_a9ga026xlyf0qt,31/01/2026,cust_p825i89,Lakshmi Patel,400077,63800,paid
order_onwjn5o4pz0sfj,01/02/2026,cust_h13rypy,Fatima Desai,302009,173200,paid
order_b6mamdrhfv1oem,19/02/2026,cust_x7ny261,Siddharth Gupta,560048,278400,paid
order_nqqm5c0wpuhuc3,24/01/2026,cust_3qnwywx,Ritu Khan,600010,49000,paid
order_vqhgqw1emuuxmj,22/02/2026,cust_e95c36o,Tanvi Sharma,400033,74300,paid
order_pni6ebxkhxae4l,17/01/2026,cust_11gw9j7,Priya Iyer,560005,92800,paid
order_ztxc32unjhvka9,04/01/2026,cust_c6g7dgl,Imran Desai,500047,60400,paid
order_a39o29yecr96vv,02/03/2026,cust_ued1xzd,Nandini Pillai,110027,36400,paid
order_z6bcg2bilzbz6j,10/01/2026,cust_m8q62km,Pooja Kulkarni,110025,39200,paid
order_n6z58qb6bg71r9,24/01/2026,cust_qq0yp1f,Arjun Iyer,560095,43500,paid
order_8l0hdp7vv3nnog,25/02/2026,cust_qf9is9f,Lakshmi Rao,560090,177200,paid
order_m0cqmntyf96lmd,10/01/2026,cust_4okn8jn,Tanvi Reddy,110034,146800,paid
order_hsh59r7kkmcwge,18/02/2026,cust_opw9rxu,Imran Sharma,500024,701900,paid
order_gv6zdz6kbh3jo5,20/02/2026,cust_r6kan6y,Vikram Bose,380028,63900,paid
order_ve5p5vy86yp2y8,25/02/2026,cust_d8byjjs,Sandeep Chatterjee,400100,109700,paid
order_bs2vuiwdvo7efi,05/03/2026,cust_qfeonxb,Rohan Sharma,560001,33600,paid
order_tiofds3ms0hk14,06/03/2026,cust_b74136m,Karthik Nair,500072,60800,paid
order_41wgdl31lr3p8x,21/01/2026,cust_zcidh4i,Siddharth Kulkarni,560042,80100,paid
order_sr4e4xs4nw00od,24/02/2026,cust_jz4za3j,Anjali Bose,302009,465300,paid
order_pgrnmk0fidrtbn,29/03/2026,cust_l5azh5h,Nandini Nair,560070,147200,paid
order_dojqm91bl1k2rp,07/03/2026,cust_7u0n2ox,Vikram Desai,682039,72700,paid
order_0xg8t9vrdx1wid,30/03/2026,cust_c5p6szs,Sneha Khan,500004,140100,paid
order_ic7y35d1ikr4e7,27/02/2026,cust_ze1apg8,Ananya Nair,600101,45800,paid
order_12uv2d0wilkcbi,15/01/2026,cust_84yg3dz,Tanvi Khan,700075,53100,paid
order_myelz7zh5prtr1,17/02/2026,cust_zurfx1l,Manish Iyer,700060,32800,paid
order_5zgpgzbwn8i3qp,26/02/2026,cust_wdue28z,Imran Sharma,110096,38700,paid
order_wdlksmgo0xbt73,16/03/2026,cust_gvofmso,Anjali Chatterjee,560019,644600,paid
order_6ajvj4hjhae0jj,21/01/2026,cust_x5jhtvz,Pooja Bose,110072,98900,paid
order_r32y7zvbt3gb6o,10/02/2026,cust_1fem16t,Tanvi Joshi,700119,81400,paid
order_s7vylodfpjf7lc,15/01/2026,cust_zzuq6dh,Kavya Reddy,560027,79200,paid
order_we5rxsogx6bzw5,20/02/2026,cust_vj35cmx,Pooja Sharma,560029,141300,paid
order_za6t1nhc0ebxk0,06/01/2026,cust_dz07g8e,Priya Sharma,110063,272100,paid
order_ihenrrv6emjldz,20/01/2026,cust_cvq2u67,Priya Joshi,600105,61700,paid
order_u1rxxkftk8z3dm,16/02/2026,cust_9di6z3g,Tanvi Joshi,110054,144200,paid
order_be24kojpjolc1g,29/01/2026,cust_jz7gm6h,Anjali Chatterjee,700047,84800,paid
order_8a4nj17p733nhp,18/02/2026,cust_wwu4stb,Anjali Kulkarni,500069,78500,paid
order_tnvl125n12xso8,17/01/2026,cust_ak9bnus,Anjali Joshi,560046,360300,paid
order_iprosn6z6c9o81,19/01/2026,cust_jb7hxu4,Manish Mehta,110074,32300,paid
order_oqh09k7qrd349q,25/02/2026,cust_wqioqii,Sneha Chatterjee,560076,121500,paid
order_aab9ctzx10qm3u,23/02/2026,cust_j1op7hi,Pooja Menon,560023,838600,paid
order_9ausirxiu2b08z,02/01/2026,cust_e9rdbty,Anjali Desai,500089,35500,paid
order_6qp6fhvcahxgxy,25/02/2026,cust_r75fx5w,Divya Mehta,110035,53000,paid
order_zvfhu8yy5hc0c1,23/01/2026,cust_5lts67p,Sandeep Iyer,560015,353000,paid
order_kdgv3gypg574hj,20/01/2026,cust_uii2d2g,Arjun Desai,400002,141900,paid
order_u0sjhytmcgn6ad,04/01/2026,cust_qsz5n5u,Tanvi Sharma,560017,89100,paid
order_qjwoay97zjupyh,15/01/2026,cust_i2hx4mk,Joseph Sharma,400028,136100,paid
order_a2byxzdgbcd0f6,04/02/2026,cust_st991eh,Rohan Menon,400022,194400,paid
order_gdi1pf6d1itkl7,26/03/2026,cust_qjelqmn,Ananya Khan,400040,97800,paid
order_absnyuaqh0mx81,02/03/2026,cust_tg8ais6,Harish Iyer,110053,49000,paid
order_94fvfcunf6cio2,29/03/2026,cust_jlrh5ta,Lakshmi Pillai,682028,143900,paid
order_p9ip0tfr9bzooz,31/01/2026,cust_0sy3fgv,Nandini Fernandes,400038,116100,paid
order_1j8rsnkwmnclb0,28/02/2026,cust_t7tf68q,Manish Sharma,411022,126300,paid
order_a1fe5q1cur66lp,12/03/2026,cust_jelk2oo,Kavya Fernandes,500088,145800,paid
order_gnciwdqs56w8mx,20/02/2026,cust_hjr83up,Vikram Chatterjee,560069,275500,paid
order_q6txqnznynzpr6,17/02/2026,cust_kw80mzz,Anjali Patel,110047,135000,paid
order_73a0cmr89rj0w3,14/01/2026,cust_pjdosyv,Priya Mehta,500088,212200,paid
order_2fg1i99x34w56c,14/02/2026,cust_5uda2lj,Anjali Rao,400061,73800,paid
order_9zlo6d1hec7v0q,26/02/2026,cust_zaanmwl,Priya Joshi,600057,97500,paid
order_3l13b613zurbke,28/01/2026,cust_7xwc9a5,Siddharth Pillai,380022,345700,paid
order_s67zajbbtoldah,19/02/2026,cust_1w5lh3s,Joseph Rao,700024,145000,paid
order_zbovu8xgea4d2y,29/03/2026,cust_6fz90xc,Kavya Reddy,500046,162700,paid
order_1ieksbg07xr4fm,05/01/2026,cust_d6wuq1f,Tanvi Joshi,560089,34600,paid
order_lqx9cr99tssfwo,01/01/2026,cust_jbs3skq,Meera Reddy,400054,80700,paid
order_im61ha9h3yjgmq,17/01/2026,cust_i3a8yls,Fatima Menon,411007,73900,paid
order_0rj2yblid1xo63,04/03/2026,cust_g9mqyrs,Divya Pillai,400103,67500,paid
order_wg9bahgxp6czys,26/03/2026,cust_irlmfnk,Sneha Nair,560037,228000,paid
order_7s14ak8o290g2n,18/03/2026,cust_kzu03ig,Karthik Nair,500086,76700,paid
order_00d7s9m1q4gcus,23/01/2026,cust_aq55yq6,Nandini Pillai,500069,147000,paid
order_yqqd1q74r80nk1,22/03/2026,cust_l0x9i2f,Kavya Joshi,400032,36000,paid
order_vggtaw52fyg91n,27/01/2026,cust_n1rslye,Kavya Nair,400059,50300,paid
order_b0wjxsgr8orfbu,05/02/2026,cust_ya0rui9,Joseph Rao,600026,53600,paid
order_inxpgc9xfi26i3,17/03/2026,cust_8khu5vs,Sneha Iyer,560086,52400,paid
order_f7vh4xs4fqsw38,10/02/2026,cust_8mcln4g,Imran Gupta,600054,293600,paid
order_fcjpe5xj1lh9p1,06/02/2026,cust_y1n40tl,Anjali Chatterjee,600089,213200,paid
order_bfkvbyzm23yn7v,07/02/2026,cust_gxzchas,Sneha Reddy,400099,69000,paid
order_2zi0o7dhre896a,20/03/2026,cust_oqdj48r,Anjali Nair,560019,144500,paid
order_kzl6hzserx6kpk,29/01/2026,cust_m3ala3g,Anjali Rao,560095,60100,paid
order_crb56k0ezhr56o,22/03/2026,cust_301qolg,Priya Reddy,400062,85400,paid
order_0x4ywok4nkzmm6,18/01/2026,cust_dd1zoev,Vikram Desai,400057,57100,paid
order_6e2ihdoxqzzry6,20/02/2026,cust_aqtnbsm,Rahul Sharma,700129,144400,paid
order_7ba2x316ejnxlt,04/03/2026,cust_e17bs5t,Siddharth Khan,400090,43700,paid
order_pbr5xs12crlrur,26/02/2026,cust_9fzr6mv,Tanvi Desai,400074,33300,paid
order_dgtb82mfamljgp,20/01/2026,cust_swba2jb,Vikram Fernandes,600019,40200,paid
order_99f0hy4wwlwy09,23/01/2026,cust_fdzvm1v,Aarav Mehta,110053,85500,paid
order_7mac3z8651z0je,21/03/2026,cust_e4zkkwg,Anjali Menon,110045,131300,paid
order_v1xzuzyt8ru517,26/01/2026,cust_w9i3o3g,Joseph Nair,700048,58600,paid
order_dj1ao2cl6dr5xa,24/03/2026,cust_568esgl,Fatima Kulkarni,560093,61400,paid
order_z8w84y2eil4067,19/01/2026,cust_dfwi0wk,Pooja Joshi,600046,328800,paid
order_jtoxddu9j0p3fh,30/03/2026,cust_culi8ov,Kavya Gupta,400026,65400,paid
order_dqudwm1jflt3cb,13/02/2026,cust_r99z0du,Ananya Khan,600104,91400,paid
order_iaha55nfysnrpe,29/01/2026,cust_7j3ti9z,Siddharth Desai,600010,668800,paid
order_i9thd5s34qahcx,04/03/2026,cust_277ko8k,Priya Sharma,600056,320700,paid
order_pwkguxm52q5uwj,06/03/2026,cust_lqezha7,Kavya Desai,600047,33600,paid
order_80i3we16y6br5w,07/01/2026,cust_zpskd9q,Karthik Sharma,380053,317300,paid
order_6d4vrwyv5kv4dx,15/01/2026,cust_n4exut2,Fatima Gupta,411039,117500,paid
order_qb254avey16eku,12/01/2026,cust_y4a1oka,Rohan Fernandes,560053,34300,paid
order_e3nld3z0jz18iw,13/03/2026,cust_okayywv,Divya Patel,600059,63900,paid
order_la6eqmvadcdsmm,23/01/2026,cust_1i7y1nk,Divya Patel,110046,60100,paid
order_iw4lf5s2busc82,21/01/2026,cust_3i4pn5p,Joseph Gupta,500052,296400,paid
order_j9zgxgt41hmuj6,26/01/2026,cust_9wdrqub,Pooja Patel,560102,68900,paid
order_hh9gseri61nieo,13/02/2026,cust_acq5ue8,Ananya Chatterjee,110096,40100,paid
order_nshk9ujztu39w7,25/03/2026,cust_83g76z5,Rohan Sharma,560019,117300,paid
order_cxm7jpcgd1s6qx,15/01/2026,cust_n6zo7ek,Imran Fernandes,411052,54700,paid
order_1f5sha6mu4ib16,14/02/2026,cust_15s6v6n,Kavya Joshi,700043,125000,paid
order_xezdorj5l6vob1,04/03/2026,cust_yvd9wsv,Manish Rao,560027,238700,paid
order_582ycnmv8k0zf1,08/02/2026,cust_npd76rj,Siddharth Mehta,700088,49300,paid
order_cqzh63z0zc2c64,18/02/2026,cust_o008f6h,Imran Nair,560054,73400,paid
order_5b5p4onizjz4el,23/02/2026,cust_3wn9o5s,Lakshmi Sharma,110045,34000,paid
order_cwvqupefp5kx4f,04/02/2026,cust_esvsxr1,Joseph Nair,400036,174600,paid
order_1xu05ochanftb8,26/03/2026,cust_fa3iqtg,Joseph Pillai,560060,51500,paid
order_kieo5muiipax2u,27/01/2026,cust_plr11en,Vikram Bose,560021,140000,paid
order_ymbeb8dumyr9us,04/03/2026,cust_3q0hdwj,Tanvi Nair,700120,46500,paid
order_0lfx4tdkhgsnkq,23/01/2026,cust_uidg21w,Vikram Pillai,400008,42800,paid
order_zoeuuenwu300md,08/03/2026,cust_bqxie6k,Anjali Iyer,400025,30500,paid
order_tes951jnj3ohrd,31/01/2026,cust_s2n9rhh,Lakshmi Bose,302025,57000,paid
order_rkeiujo8c3kd98,08/01/2026,cust_zr8hzx4,Vikram Patel,700133,108700,paid
order_j0uw6pwio7tbfu,27/02/2026,cust_noupsvk,Meera Joshi,110011,77000,paid
order_3e2kvcwjxx3bfb,27/01/2026,cust_ouczen8,Priya Khan,411053,33700,paid
order_5w81160hdw9ksc,18/01/2026,cust_zcr8s6k,Aarav Reddy,560015,206300,paid
order_h6vx9w3ja1amus,29/03/2026,cust_98j5bx1,Ritu Mehta,500028,89500,paid
order_fn4reozv4zgdao,28/03/2026,cust_y81q8u0,Joseph Kulkarni,400033,127900,paid
order_cuulsqvr6o3lkl,08/02/2026,cust_j53r4ob,Fatima Fernandes,400074,88100,paid
order_ym6g3ylbjlb3nl,15/01/2026,cust_50o9sra,Karthik Khan,110049,101000,paid
order_11oyhxtrzeg1qh,25/02/2026,cust_wo2a81v,Rahul Kulkarni,400033,67000,paid
order_q06eisazbf8gm7,07/03/2026,cust_px4gwpl,Anjali Nair,110008,143000,paid
order_icmyjn9e3dolr3,21/02/2026,cust_fies8zn,Siddharth Gupta,110084,96100,paid
order_nluxxritpld9v0,13/03/2026,cust_slffsu8,Sneha Gupta,682005,114300,paid
order_ggl5plak0thwd3,07/03/2026,cust_pnt1wgl,Fatima Pillai,600118,115900,paid
order_poaycd6lnw6xhe,19/01/2026,cust_xx1mju5,Imran Iyer,560077,57800,paid
order_amf9lpn65bepoo,18/01/2026,cust_e5yeb99,Divya Pillai,500009,81200,paid
order_xcb229q8kaf20s,01/02/2026,cust_523k12h,Aarav Sharma,110063,47000,paid
order_sy5wbyb58fonyu,28/01/2026,cust_zhtan8v,Aarav Joshi,400021,64900,paid
order_z81yjaibkpdkuv,13/02/2026,cust_phgydn4,Meera Reddy,500083,135000,paid
order_t8wurl2grqpbrl,29/01/2026,cust_vpw7f07,Vikram Kulkarni,400033,72600,paid
order_wrd9uumf2m7mby,31/03/2026,cust_r61m6xv,Imran Fernandes,560025,393500,paid
order_5ac8zo56br3up7,30/01/2026,cust_h039if5,Tanvi Gupta,560082,90500,paid
order_uocax51xcgy2sq,14/03/2026,cust_5clmmpb,Harish Rao,560003,49600,paid
order_yockfak5rdzd4g,23/02/2026,cust_xeude3f,Divya Joshi,560101,243300,paid
order_bk8nbmarroxj26,26/03/2026,cust_pesafp0,Fatima Gupta,600088,50100,paid
order_f9hfa6vmjtu0i4,09/01/2026,cust_ivd2e65,Sandeep Reddy,110072,122600,paid
order_pqj0tsxgadzq5q,06/01/2026,cust_i17pxgh,Lakshmi Mehta,560092,62100,paid
order_j5jwegjqk2f9j6,23/01/2026,cust_lv6ec4d,Sandeep Pillai,560014,77900,paid
order_7bspnsokpvsgku,25/02/2026,cust_5azeyea,Sandeep Pillai,600003,46100,paid
order_nx97qxojbz7js0,16/03/2026,cust_bh4qrrs,Aarav Chatterjee,560062,65500,paid
order_28pk6933k5c7jc,20/01/2026,cust_ywtv9yg,Rahul Pillai,560035,123800,paid
order_xi1rid0bzlx23r,08/02/2026,cust_62zdp7r,Divya Iyer,700092,247400,paid
order_uirtib9y46y6m9,25/01/2026,cust_sf25tyt,Meera Rao,110041,110000,paid
order_nrydfgp0nzad91,19/02/2026,cust_4srkmrs,Nandini Reddy,560027,58000,paid
order_p122h1ui1ubpwi,22/03/2026,cust_xosieam,Rahul Nair,560018,35000,paid
order_sk2pu7y4qqh6cc,16/03/2026,cust_nomgi1d,Ritu Gupta,110047,136400,paid
order_ikjnx2xpypvbrj,20/02/2026,cust_27yczvz,Ananya Reddy,110086,309100,paid
order_be1jb6bj4h44xy,25/01/2026,cust_s9zuisu,Fatima Kulkarni,700103,200000,paid
order_72c03whe6p9eh4,02/02/2026,cust_unw6y89,Arjun Iyer,560007,75400,paid
order_2b1evb4lqxc5nx,22/02/2026,cust_1abhhpu,Nandini Gupta,500094,82800,paid
order_ezyj3bhvsngm85,05/02/2026,cust_1t83jmf,Anjali Patel,560045,32000,paid
order_iv2829lb26fdc7,28/03/2026,cust_b45qppr,Kavya Khan,500092,126900,paid
order_0sauyycy3440mg,21/03/2026,cust_gag0olg,Ananya Fernandes,560050,125600,paid
order_q7cb4443uyneya,25/01/2026,cust_6u32svd,Sneha Iyer,411008,277200,paid
order_xwgqsh0pjgodu9,27/02/2026,cust_vut4x63,Priya Rao,700146,79800,paid
order_1l4xgbshjpbdk7,01/02/2026,cust_i4kccxj,Sandeep Reddy,600111,44800,paid
order_ou31o8bdw9wxum,30/01/2026,cust_z68ksho,Siddharth Pillai,110007,128100,paid
order_gyixob48b2phmz,13/01/2026,cust_48zn5rc,Vikram Gupta,560096,33700,paid
order_ltkcc09e298ed3,08/01/2026,cust_vn8r2db,Rahul Chatterjee,400076,94600,paid
order_zmj9u03bq8zxwo,17/01/2026,cust_no4dkfq,Tanvi Fernandes,500067,125400,paid
order_t2idc6ctflvp3f,26/02/2026,cust_ynttnv5,Rohan Khan,700102,148500,paid
order_6lo5mm464frxfw,17/01/2026,cust_dplwnwa,Rahul Iyer,500030,30700,paid
order_lssbtfuiy57aen,29/03/2026,cust_hsdrkdw,Manish Kulkarni,400017,71200,paid
order_0zhlki9itwiocp,09/02/2026,cust_py2kek5,Karthik Kulkarni,411027,69500,paid
order_xfmmu47ioemw0g,25/01/2026,cust_804p87v,Vikram Iyer,400066,59800,paid
order_cm8350cojt49oo,20/03/2026,cust_oxpi730,Tanvi Bose,560030,86800,paid
order_0xojghled5db55,02/01/2026,cust_v9tphel,Joseph Reddy,400074,36400,paid
order_6cgi867417gdwi,27/01/2026,cust_p9r8g5u,Divya Gupta,600064,246300,paid
order_5sgcbbcv7l1x78,04/03/2026,cust_mpm3u80,Priya Sharma,500038,54500,paid
order_kq8s5esduwxibb,29/01/2026,cust_agf51hs,Divya Pillai,600107,48200,paid
order_g7m5iy8dudn5iv,27/02/2026,cust_ngoidj6,Sneha Chatterjee,560047,149600,paid
order_c7siyj7xmdhtwo,18/02/2026,cust_yo3mt5c,Imran Chatterjee,560099,140700,paid
order_snevj2cd0ieyof,02/01/2026,cust_gdhetaj,Sandeep Mehta,411056,237800,paid
order_ghrdizczy9z4v9,16/03/2026,cust_npxjalp,Fatima Pillai,560057,62300,paid
order_g59498w9gl6iyz,29/01/2026,cust_2kurrbd,Meera Bose,560050,123000,paid
order_2u3ej8gv49js09,08/01/2026,cust_r0a5ydz,Manish Rao,110070,137100,paid
order_uzv5a1t6t90mjz,06/02/2026,cust_7fei7xj,Aarav Mehta,560033,159700,paid
order_r6f04b1e3qxcxe,11/02/2026,cust_isi1qe0,Harish Bose,110028,109400,paid
order_ctqvtbvm4cwxes,26/03/2026,cust_vhdjrbc,Sandeep Menon,500075,256000,paid
order_c0bpf5hj7w82i3,24/03/2026,cust_rr4jzd7,Ritu Chatterjee,110058,44400,paid
order_vot05q9d4ypg2i,10/03/2026,cust_a8i06pe,Joseph Mehta,560047,117400,paid
order_638fpeawt3v28n,10/02/2026,cust_s5201mo,Sneha Bose,600102,219700,paid
order_d8okf5m010wnq6,05/03/2026,cust_yk9esit,Tanvi Chatterjee,560029,59200,paid
order_cy8rprknuolssd,03/02/2026,cust_d5v40od,Karthik Patel,400006,68000,paid
order_rge08pms76wb09,12/02/2026,cust_vq7mn2b,Vikram Gupta,110044,242200,paid
order_gy86xbcn09b3tv,31/01/2026,cust_jdj4fq0,Harish Menon,110015,110200,paid
order_hd27beej9z9wck,20/01/2026,cust_uiyyynq,Ritu Joshi,560054,81300,paid
order_7ut8y1s9bebdwz,31/03/2026,cust_00493vz,Kavya Desai,600101,348600,paid
order_3zmwf496sq3enw,04/02/2026,cust_7utmuh4,Rohan Kulkarni,560062,116700,paid
order_a7s5e031uitt6k,02/03/2026,cust_4vuzycb,Imran Chatterjee,560084,119300,paid
order_okmf5wwj10slox,01/03/2026,cust_qz5do2w,Vikram Khan,560070,30200,paid
order_xrzhiz6ibc4wts,09/02/2026,cust_nd5g2nc,Rahul Menon,700114,47600,paid
order_nmn5xfs82gf2w3,02/02/2026,cust_h9tw3i0,Arjun Mehta,560031,41600,paid
order_78h4il6fsx7lep,23/02/2026,cust_cwqzzb1,Rohan Gupta,110018,121600,paid
order_r9x8zp5j1pm45r,12/03/2026,cust_rgcibzp,Fatima Desai,500069,742200,paid
order_6slqqbun26yziy,13/01/2026,cust_wplomas,Fatima Rao,600020,64900,paid
order_05uthshwc64sht,24/03/2026,cust_ydiirds,Fatima Gupta,302012,90600,paid
order_5gxz7ciyh101n9,24/02/2026,cust_rv55rfk,Priya Chatterjee,110023,41000,paid
order_steldy8qhm0hil,02/02/2026,cust_tnddehy,Vikram Desai,380048,63700,paid
order_1pp7d1r6qk7m2z,25/03/2026,cust_x2p8cod,Rohan Menon,560019,66100,paid
order_0fk3oht809eot8,05/01/2026,cust_mq09p4v,Meera Reddy,110044,115400,paid
order_h6a6ip8lpuigy2,15/02/2026,cust_20rl5pw,Anjali Joshi,411008,52500,paid
order_omvgweb84ckvxt,12/02/2026,cust_m88doyf,Vikram Menon,110049,69600,paid
order_pgi2smnhx2wkpo,26/02/2026,cust_un17l2v,Ritu Nair,302009,119600,paid
order_4ilbmfq56eob8r,29/01/2026,cust_tpofy6h,Ananya Gupta,700001,111400,paid
order_fy3b9yalrnmgqc,14/03/2026,cust_7s0gben,Anjali Gupta,400086,70100,paid
order_rso5gnwa79fbqk,08/01/2026,cust_b1hi17b,Ritu Sharma,110032,867900,paid
order_5x2g1w1sogfvlp,11/02/2026,cust_0e5jtot,Aarav Chatterjee,560041,117200,paid
order_x74bxcm29rfe2l,08/01/2026,cust_9oi3ct8,Lakshmi Rao,110017,338400,paid
order_2hgflhtfnllmm2,02/02/2026,cust_8270r8c,Fatima Menon,600099,459900,paid
order_3wsz2skyhcaqhj,05/02/2026,cust_ipwoxlg,Arjun Menon,411040,73800,paid
order_gxx10dstj62q4m,07/03/2026,cust_09xzm2e,Rohan Fernandes,560009,323800,paid
order_wwg0t6i4zs9ywv,02/03/2026,cust_9983xsv,Fatima Nair,380001,179300,paid
order_6g4c7961bhnxx3,15/03/2026,cust_lqc2zyi,Manish Gupta,500078,754700,paid
order_dcjk7eyonx1g00,22/03/2026,cust_9ibwznr,Rohan Rao,110053,70300,paid
order_x6aj0hhkxjd9et,06/03/2026,cust_po9ir4c,Sandeep Kulkarni,400010,73800,paid
order_alnzujvom94o4g,11/01/2026,cust_o8wmwa8,Vikram Bose,600012,76900,paid
order_jn0ys215xxg7vm,28/02/2026,cust_8a1zeco,Vikram Patel,500092,121100,paid
order_2mnjfbzcj54jlb,27/02/2026,cust_hpi2f2d,Imran Menon,560065,46400,paid
order_m62pf5z0gpudmv,02/02/2026,cust_rl11zzl,Tanvi Patel,682008,52800,paid
order_7zkttfjh4fmu7w,11/01/2026,cust_96ynrxi,Ananya Chatterjee,682016,77700,paid
order_h8msb97j8k98zy,02/01/2026,cust_alzl589,Manish Mehta,600023,76700,paid
order_5cr9ccqmm252um,12/02/2026,cust_ro3irxp,Siddharth Menon,600106,117900,paid
order_ojnii8dh2y2sm1,07/03/2026,cust_24e19ti,Sneha Patel,380043,57400,paid
order_vz9al9icl8zlhe,11/02/2026,cust_o4am0np,Fatima Fernandes,560019,34000,paid
order_g3h37k1rz3ve2j,30/03/2026,cust_zx9y44c,Karthik Reddy,500084,310600,paid
order_2tsyyltayrhwhj,02/02/2026,cust_ss4j2fd,Manish Joshi,600076,96100,paid
order_js3dr9rlp2d11z,29/03/2026,cust_mayuv3h,Pooja Pillai,110062,44900,paid
order_35dhi4jqrs67m7,14/02/2026,cust_ir1zn2g,Lakshmi Joshi,560034,67900,paid
order_05psvwk2munzae,05/02/2026,cust_qc9zs6p,Manish Bose,600105,112700,paid
order_2xb4nh3f4e1rl6,20/03/2026,cust_z0slhpe,Siddharth Nair,560033,849500,paid
order_eiuyip8ypug5y1,23/02/2026,cust_6z39jc7,Arjun Rao,110090,351500,paid
order_2jfajbyp03akol,26/03/2026,cust_hh8i8wj,Siddharth Joshi,560022,629500,paid
order_r9eodnt6unbaun,16/03/2026,cust_eky25po,Fatima Chatterjee,700065,81400,paid
order_m9u7pyl9v6m4cm,28/02/2026,cust_npnkn33,Joseph Reddy,411044,127100,paid
order_7zlk4qmnyd2jvb,08/01/2026,cust_7tjlplz,Lakshmi Bose,110049,97600,paid
order_2eicjb55amhuks,07/01/2026,cust_16509sa,Kavya Desai,400099,55800,paid
order_4oums3w412ebu1,22/02/2026,cust_grbawzw,Meera Pillai,500045,30600,paid
order_9yxlsmwy0xm94e,29/03/2026,cust_npwj5mw,Imran Mehta,400064,94000,paid
order_jeytcnt9zi7snb,30/03/2026,cust_88ru7sx,Imran Joshi,400087,47800,paid
order_t2mpwkuxykjjm0,13/01/2026,cust_w1yee6p,Rahul Joshi,400055,81300,paid
order_viphxwq2sj4tmb,01/03/2026,cust_1y7qrm6,Tanvi Desai,560030,68100,paid
order_j5ud3h7rtooj3c,15/03/2026,cust_v9sq51d,Rahul Gupta,110029,107000,paid
order_sccw9az70xgof5,05/03/2026,cust_jfxk1w5,Ananya Patel,110035,862700,paid
order_3ksxvslnnho0dq,30/03/2026,cust_qcdn29m,Arjun Sharma,380026,37900,paid
order_byylouy8tp3sww,25/01/2026,cust_egy0d1z,Kavya Desai,400029,36100,paid
order_0pv2zm5ucbtvk1,13/03/2026,cust_omql79o,Fatima Nair,411006,38700,paid
order_db2awjeurmpqid,29/03/2026,cust_70jdkor,Fatima Sharma,110030,63700,paid
order_kzn5274e9a00pr,01/02/2026,cust_02gdmak,Ananya Reddy,600082,69800,paid
order_u3ylw0g2g7krvi,20/03/2026,cust_eze538f,Fatima Gupta,560047,132100,paid
order_s0j7ardfuedmdh,18/01/2026,cust_u75dvxw,Karthik Desai,700054,74600,paid
order_w6e6aiab9j7ja7,16/01/2026,cust_8d9sebq,Joseph Nair,411002,113600,paid
order_8zaxkjj1wo0p0x,18/03/2026,cust_bhle6no,Lakshmi Joshi,560026,60800,paid
order_0dnlm2gw289d38,11/02/2026,cust_i3nojb1,Meera Gupta,700038,265700,paid
order_wbh7zhm2yy4o55,19/03/2026,cust_nso75rx,Siddharth Nair,110048,149500,paid
order_df3adxodn0us7t,09/02/2026,cust_bd4rsf5,Ananya Rao,600099,130700,paid
order_3fws0n49uzdb7t,26/01/2026,cust_fhcu166,Ritu Iyer,400001,111500,paid
order_1eec462tm5qpm5,22/03/2026,cust_i26fnq2,Tanvi Patel,110069,223700,paid
order_h6f6n9r43h8seg,21/02/2026,cust_nz71nj9,Fatima Pillai,380004,95300,paid
order_xzi567nbhrgpsd,06/01/2026,cust_4s6ogfc,Aarav Kulkarni,560037,253000,paid
order_vtxey4xefgwj65,25/02/2026,cust_m640uwd,Anjali Gupta,560014,118000,paid
order_wk6g735v4yp0pn,29/01/2026,cust_nh1i6qy,Nandini Iyer,400060,48200,paid
order_6blddjxfawr2jl,15/01/2026,cust_ywyog4e,Fatima Joshi,560067,268800,paid
order_8xa1oitqi4g6jm,28/03/2026,cust_bfhncz0,Harish Desai,110001,52100,paid
order_xxcr1yx9edb4i3,25/01/2026,cust_m2m5878,Karthik Reddy,400022,121100,paid
order_delasqdstvs196,04/02/2026,cust_a0viaia,Fatima Sharma,560047,695800,paid
order_3blpq2av8mr6rv,03/02/2026,cust_ved31ma,Arjun Nair,110040,42100,paid
order_i3bg5mayby3lod,26/02/2026,cust_mhshr34,Harish Rao,600056,135100,paid
order_7ufjnc6oz4nwg7,31/01/2026,cust_nxk4vud,Pooja Khan,400019,60500,paid
order_ibekkg27mdbiey,11/01/2026,cust_5evouoi,Siddharth Sharma,500073,216500,paid
order_xrvepm5snifisv,15/01/2026,cust_y261xic,Siddharth Sharma,600029,222000,paid
order_1pwpyyila1plj3,01/03/2026,cust_se9l0v1,Ananya Desai,560084,106200,paid
order_a1gbk2dzwkt5zt,20/01/2026,cust_jug73be,Sneha Nair,411020,111700,paid
order_og095eee28zy5r,22/01/2026,cust_13ixha6,Rohan Bose,400043,165900,paid
order_fxjc4xheb90ugp,12/01/2026,cust_ota3eoh,Karthik Iyer,600007,66300,paid
order_n5e4lyesqqryww,19/01/2026,cust_6y2kod9,Karthik Kulkarni,380015,135200,paid
order_4z0ggp27i4wpth,31/03/2026,cust_a2roxi6,Rohan Nair,560056,44700,paid
order_vy2qyee31tyl66,18/02/2026,cust_qsu7hvy,Imran Mehta,110083,172900,paid
order_4v4jhyme4nzi58,21/01/2026,cust_aoufioc,Karthik Gupta,500039,176400,paid
order_pdrz7tn095g6h1,09/03/2026,cust_tn7bpa2,Imran Pillai,560083,243300,paid
order_y7d551266f5slr,16/03/2026,cust_nkvxnxa,Karthik Reddy,411024,53800,paid
order_5dhu7ejba2o66i,04/03/2026,cust_u4y1q9u,Rohan Patel,600108,307400,paid
order_age3uiqr8pov9i,21/02/2026,cust_973alq6,Sneha Fernandes,400067,167900,paid
order_wyx5qasokuqrj2,30/01/2026,cust_p4nklr9,Anjali Fernandes,500035,98600,paid
order_4vwhz8gcemrzjl,05/03/2026,cust_9s9x21m,Fatima Kulkarni,600069,76300,paid
order_45xt3u8bbx5r8f,18/03/2026,cust_bidqsuc,Kavya Fernandes,560094,60100,paid
order_c5nxzy336z211f,16/02/2026,cust_4ij5ble,Priya Joshi,500050,44200,paid
order_d17d2f3emncdjy,06/01/2026,cust_no3pnik,Meera Kulkarni,560029,120500,paid
order_dx9qiadp8v1m2y,18/03/2026,cust_9abu579,Joseph Rao,700005,291000,paid
order_9zg3268ui1ti1r,09/01/2026,cust_hm3y14c,Vikram Patel,400005,102600,paid
order_i29bi957phnjm5,11/01/2026,cust_5yijct3,Anjali Iyer,560067,117400,paid
order_8opkbyi6t7hkrm,20/01/2026,cust_nckxodk,Siddharth Iyer,400031,122800,paid
order_ed4codtu8xjsls,15/01/2026,cust_d3ia23k,Rohan Sharma,560054,71000,paid
order_k3jvox3frtv4f3,05/03/2026,cust_yv5o0nq,Priya Desai,380005,76700,paid
order_udeur0zpqk3wh3,18/01/2026,cust_e3keehy,Meera Chatterjee,110037,81700,paid
order_odzzwiq9s8dwo9,16/03/2026,cust_m7z1k0w,Divya Menon,560056,491300,paid
order_6tnks7hkkbg4ml,14/01/2026,cust_2xl5iy1,Harish Desai,400085,612400,paid
order_1vdgo2g900hg6n,10/03/2026,cust_kss2xp3,Manish Pillai,400047,64500,paid
order_n7p87et3x6j1w4,20/02/2026,cust_fbvzwac,Kavya Rao,400102,61100,paid
order_csy0t54xjy5ixx,19/03/2026,cust_jqesbhz,Arjun Rao,110091,846800,paid
order_m6bvbbqwj8675l,28/03/2026,cust_4goyjf9,Sneha Fernandes,400032,868800,paid
order_869i3bhueqn05c,18/01/2026,cust_94hxopi,Lakshmi Khan,600008,474400,paid
order_rotddzkw5hm7cw,06/01/2026,cust_37pd3k5,Ananya Bose,110058,92800,paid
order_mcbn8hzx1gxxxp,06/01/2026,cust_wpgi0yl,Kavya Sharma,560005,94700,paid
order_h7hmqkq9bdd06r,13/02/2026,cust_1ngsmn8,Priya Rao,600075,72400,paid
order_estpvmqyngna3t,30/01/2026,cust_my5hm8j,Aarav Menon,600108,52700,paid
order_wtu2k3alho426l,12/02/2026,cust_uyii6kg,Pooja Sharma,500030,58000,paid
order_rflqq1big5tamx,05/02/2026,cust_45kw6le,Ritu Sharma,560079,78200,paid
order_7gm35h7dxakihh,28/02/2026,cust_f0luo4e,Lakshmi Kulkarni,500016,587900,paid
order_qarcy9zwvj1kf5,05/03/2026,cust_2g4j6ly,Pooja Gupta,500035,99600,paid
order_z0jzg9h96nyjng,31/03/2026,cust_tce7l3a,Nandini Pillai,110014,57200,paid
order_pl5j38g8jkrivo,16/02/2026,cust_njmmj0r,Anjali Joshi,500044,119300,paid
order_6rotx2x09647rg,12/01/2026,cust_7v5vq33,Manish Gupta,411022,101400,paid
order_d6ukj04ff9d8fw,27/01/2026,cust_f80hqvt,Vikram Nair,700082,111800,paid
order_63t0yrgpnoanz8,26/02/2026,cust_cr2smg8,Arjun Iyer,110032,64600,paid
order_7piwlxxqrs5e16,06/03/2026,cust_larq4cf,Meera Joshi,600110,32600,paid
order_ad0fin324lauiw,20/01/2026,cust_6vgu8cn,Harish Patel,400019,123500,paid
order_pv0dic78qpfu1r,25/03/2026,cust_bkvuts9,Divya Menon,500067,198100,paid
order_gki60thigxrnuf,27/03/2026,cust_4u36kqp,Sandeep Mehta,411003,87900,paid
order_s4dlfxz51meghx,20/01/2026,cust_yenkjuj,Ritu Gupta,560022,51000,paid
order_fumnr3v3bzah0b,16/01/2026,cust_itx2fdd,Lakshmi Reddy,400007,692300,paid
order_uhfpa1kwx1j9ru,13/03/2026,cust_t3nqbch,Lakshmi Rao,560060,49800,paid
order_lewlb5ibol0ksg,13/01/2026,cust_if9pacf,Fatima Pillai,600082,134300,paid
order_g6dvyi6peoqsry,19/01/2026,cust_vz82tn1,Imran Kulkarni,500076,54100,paid
order_jv5ai5vmr7tdu8,09/01/2026,cust_1ajwztk,Anjali Fernandes,500068,563500,paid
order_xs1d5zz2k7gz4y,26/03/2026,cust_vulcitx,Rahul Chatterjee,560058,54300,paid
order_1aqhq56vsp0u2i,16/01/2026,cust_d81nv3x,Fatima Pillai,110018,44000,paid
order_8moymr1trezx6n,29/01/2026,cust_vts5s8o,Pooja Iyer,400011,113500,paid
order_3xsymxknrgvubs,24/03/2026,cust_p1tlmak,Siddharth Patel,500063,59000,paid
order_5dbxm1231ucxfz,06/02/2026,cust_nwfgf5k,Meera Mehta,400013,126200,paid
order_cls5b7xqy1yqcd,07/01/2026,cust_pqhtq7i,Arjun Pillai,400049,79600,paid
order_3k9wjeif0yk351,05/03/2026,cust_uwugg2j,Meera Patel,302017,203600,paid
order_b8nblp31upwm5v,03/03/2026,cust_iriapvz,Tanvi Fernandes,700003,129500,paid
order_2m3j2cyffgqwl1,17/02/2026,cust_a2hz9es,Ritu Desai,600069,313700,paid
order_stdkqw76vzbdlp,09/03/2026,cust_gzlngi4,Vikram Joshi,400056,42900,paid
order_86mv7v9x8qnp33,11/03/2026,cust_nnb4ym9,Arjun Iyer,560092,45700,paid
order_mh1t855vq5g70s,25/02/2026,cust_fwlvkvq,Pooja Iyer,500084,67600,paid
order_ea6xf07jg7bo6a,16/03/2026,cust_bod3g04,Nandini Khan,600009,94400,paid
order_wu0iqmcnfsf5x0,12/03/2026,cust_74a7nqc,Vikram Patel,682032,134900,paid
order_e70z0i22ojtuuc,17/02/2026,cust_e5q286r,Aarav Iyer,600009,303800,paid
order_3tu67aisstzo2v,08/02/2026,cust_vdp8h7b,Tanvi Gupta,110073,97900,paid
order_8o53dnns6tzky2,30/03/2026,cust_dqpnbsw,Ritu Rao,560035,76900,paid
order_1r1jdt6bxjv0ja,22/01/2026,cust_jpauqwg,Imran Sharma,500058,50300,paid
order_xfbv25gyl57tok,28/03/2026,cust_xglq28n,Sneha Bose,400057,55300,paid
order_4abfft9bb3fpoa,29/03/2026,cust_nrmyzzt,Rohan Desai,560071,109800,paid
order_r0y5h8kzr0kw3w,31/03/2026,cust_p8wogzc,Ananya Iyer,400078,93600,paid
order_qg9e9dj3b1pcri,26/02/2026,cust_py7n12x,Vikram Pillai,700063,40700,paid
order_9o5mhk9933v3a2,06/03/2026,cust_5fsbtfi,Arjun Rao,700033,41400,paid
order_1lh1n4riex5eaz,17/01/2026,cust_cu0az59,Sandeep Gupta,110050,45500,paid
order_ad1r7vpsxs9a9v,26/02/2026,cust_2qlej5n,Lakshmi Desai,110029,60400,paid
order_646z3opnex0ogb,15/01/2026,cust_dfnalar,Harish Mehta,560003,190600,paid
order_b892gutnbdsa9r,09/03/2026,cust_42wky0n,Rahul Bose,700014,98900,paid
order_kvbzaq4d11hj8j,03/03/2026,cust_l0m51dh,Sneha Chatterjee,682017,72900,paid
order_j01ib84gziavii,16/01/2026,cust_2cfcroh,Rohan Iyer,682006,344700,paid
order_a8m4ltdcc7vr35,31/01/2026,cust_d1qoonc,Ananya Chatterjee,500061,64500,paid
order_aav96g8nab09mb,29/01/2026,cust_wjsjqab,Rahul Kulkarni,380015,41400,paid
order_ain8xunvh8s7ig,01/03/2026,cust_atazzeo,Ananya Bose,400017,67100,paid
order_eldrkrtwd1ughz,18/01/2026,cust_7po9ty7,Lakshmi Joshi,110017,373000,paid
order_560hglzh6kbj4h,29/01/2026,cust_0jwhon3,Arjun Pillai,400094,75200,paid
order_nfddjav3ir5wyv,19/03/2026,cust_9pahh0j,Ritu Kulkarni,600002,361400,paid
order_eb3d728ixxjq66,13/01/2026,cust_s016bme,Aarav Kulkarni,400086,61100,paid
order_ngc0tlbfn6d14p,02/02/2026,cust_q506wse,Kavya Nair,600041,48600,paid
order_wjpnpzfqutefm0,28/02/2026,cust_96y7zxz,Imran Reddy,400024,346300,paid
order_ln5xjpyb4harnd,16/03/2026,cust_5gy4s7n,Divya Fernandes,500011,32000,paid
order_dczton3txvw041,29/03/2026,cust_s0zbhpl,Anjali Reddy,110006,46700,paid
order_vjxd8n9cgtm4zy,05/03/2026,cust_pexir91,Rahul Nair,400069,66800,paid
order_4jrp2nw4rmwmef,04/02/2026,cust_0szqpho,Aarav Patel,400092,61600,paid
order_wo1d3ztm0a38ji,12/03/2026,cust_h8og49v,Priya Reddy,400080,829100,paid
order_wvtlosn64si3z9,02/03/2026,cust_0b5f3lw,Rohan Gupta,110059,61300,paid
order_xry6teayqhvn1v,11/01/2026,cust_rrjw05d,Karthik Nair,500027,62600,paid
order_63c97d1pqgjbeh,26/02/2026,cust_kfhqvqi,Arjun Bose,302010,236500,paid
order_q2vvkoq0j4a45m,12/02/2026,cust_aang88r,Nandini Joshi,411032,54900,paid
order_wcwmj9rsjzru94,20/03/2026,cust_6rny4c4,Manish Rao,400048,106900,paid
order_4cd3447bwvt78i,02/03/2026,cust_wi3zdxy,Arjun Khan,380027,97000,paid
order_e0a2on2oyzgocy,29/01/2026,cust_s3qff4k,Joseph Pillai,110079,104600,paid
order_0bvrg5jzsr3w9t,06/03/2026,cust_ni2exia,Rahul Menon,500065,180800,paid
order_nrnaumiohf7hzf,27/02/2026,cust_vhwah53,Lakshmi Sharma,560089,32300,paid
order_s0gzrbei57imsg,20/03/2026,cust_j3hnir9,Vikram Rao,560083,97200,paid
order_6oker1b12d5j4i,21/03/2026,cust_31gp8yt,Divya Sharma,411056,223000,paid
order_jzsjwbht0pae71,30/03/2026,cust_ah7hbwa,Siddharth Fernandes,400104,121400,paid
order_zoi6ipm2ttjybw,25/03/2026,cust_7wfbpm3,Ananya Kulkarni,560046,289100,paid
order_rrb34o1tyk2owx,04/03/2026,cust_1hitbpo,Ritu Chatterjee,400054,174600,paid
order_xb8b7el838s5ww,05/01/2026,cust_iijt5d0,Siddharth Khan,560091,40400,paid
order_q3rdmddbifrnia,06/03/2026,cust_db1bw80,Ritu Reddy,110049,248000,paid
order_co7c1gddroies9,30/03/2026,cust_jpo3oea,Divya Iyer,110015,664100,paid
order_dklbkifs48qwwf,30/01/2026,cust_0rzcw3i,Meera Chatterjee,560086,223800,paid
order_suyn80vvclm75h,03/03/2026,cust_9j7290a,Siddharth Bose,500039,280500,paid
order_8etlih52f0t82t,23/01/2026,cust_6r153m5,Imran Menon,500087,52100,paid
order_xswqkjhckvvdte,20/03/2026,cust_utagkzd,Kavya Chatterjee,500020,74000,paid
order_usxtzk1si86aym,07/01/2026,cust_udx9w44,Sneha Joshi,600097,66600,paid
order_as9yu866j9dsk1,18/02/2026,cust_igcridd,Pooja Nair,500085,64100,paid
order_hx9opxlpd0gt8a,30/03/2026,cust_01m06h8,Rahul Joshi,400044,72500,paid
order_2fra9aw36jumnk,06/01/2026,cust_binuaps,Siddharth Pillai,110078,113600,paid
order_ts1s3q3z64bleq,27/01/2026,cust_pafa9q5,Nandini Gupta,400077,53400,paid
order_jtsf75rvm9wdze,24/02/2026,cust_hp1hln5,Arjun Desai,411050,60300,paid
order_lx16ftbfkraksd,18/01/2026,cust_g8lxvzu,Rahul Pillai,400038,56000,paid
order_93bikxs2wuzoy2,06/03/2026,cust_ky2rphg,Karthik Khan,600082,64000,paid
order_gfh0ebnsrw7a7p,04/02/2026,cust_pjlez7p,Sandeep Mehta,400082,205000,paid
order_mddt0algvayitz,10/02/2026,cust_cglh3x6,Priya Rao,110033,71900,paid
order_vhrbzrxg4b0zf2,31/01/2026,cust_dxtea82,Harish Fernandes,400043,314400,paid
order_343hfpgb0dcrv3,08/01/2026,cust_mnz7kwv,Sneha Patel,400089,69700,paid
order_l2ceycz6wb5ixo,09/02/2026,cust_gnxazux,Anjali Patel,560036,73500,paid
order_j36w0nz2fby7i5,16/03/2026,cust_xrm4mq9,Ananya Menon,400103,146500,paid
order_2dw7ixnv6bm5t0,22/01/2026,cust_s3qsigb,Sneha Joshi,411021,109700,paid
order_xaj3ur9yhqrrsf,18/02/2026,cust_d0l175w,Priya Mehta,560069,52200,paid
order_oeg8315rdrpjmm,06/01/2026,cust_nb41555,Harish Desai,411005,138600,paid
order_siyvh2camkij0p,30/01/2026,cust_li0if5b,Fatima Bose,600030,116400,paid
order_hdbcfkuisehm76,19/03/2026,cust_9iodm02,Sneha Menon,560081,140400,paid
order_22ud39nortiw3u,05/02/2026,cust_pfpp2oz,Siddharth Sharma,411004,55600,paid
order_kcebrkk59ld8jn,14/01/2026,cust_83xp76h,Sneha Gupta,560016,257600,paid
order_pg7rj5lhnt3w8j,13/02/2026,cust_9rpn48i,Harish Khan,500045,59700,paid
order_iyi7cisiqnfz3n,26/02/2026,cust_s1qvki2,Meera Chatterjee,500082,37100,paid
order_qu2ne0yqtgnef6,09/02/2026,cust_mm9sjlj,Karthik Patel,380030,171500,paid
order_l522upla0gweg4,06/02/2026,cust_qpj5srs,Fatima Khan,400028,321100,paid
order_1sll4j58rzam29,11/03/2026,cust_2b211xf,Sneha Fernandes,400080,147200,paid
order_9fgttv51a9qm99,08/02/2026,cust_27uep9s,Manish Joshi,500065,331400,paid
order_k6z3oi9hrsk2cy,10/03/2026,cust_460yu6t,Priya Gupta,110048,51300,paid
order_n0qz3mhm5tcare,06/01/2026,cust_pb2g737,Ananya Menon,560028,247200,paid
order_42tgkrkjhdatwn,15/03/2026,cust_dissjnu,Pooja Sharma,500003,131300,paid
order_bohj3hl9lhclbn,06/03/2026,cust_oryh2pg,Harish Fernandes,302002,166800,paid
order_o1rd4bi2sro3un,29/03/2026,cust_gvdfilr,Tanvi Kulkarni,400049,32400,paid
order_jmttiz4ujq5ibt,11/03/2026,cust_48gha2q,Manish Khan,600017,73700,paid
order_u5psx3itofzm3g,28/03/2026,cust_v3yj7xj,Manish Nair,411020,99300,paid
order_x6z753066dhc14,03/03/2026,cust_ciw75k1,Kavya Rao,400074,194500,paid
order_6cwdaa56pfjxmt,14/03/2026,cust_1iejbln,Tanvi Patel,500063,147100,paid
order_rgkk2ijekrgoi4,14/01/2026,cust_nqhvgoz,Rohan Reddy,500085,66200,paid
order_4skbi5nqgfkria,15/02/2026,cust_cp21kmz,Arjun Khan,500072,581900,paid
order_2afke0pdnrqnxo,02/02/2026,cust_j5iqusk,Kavya Fernandes,110092,70800,paid
order_30t79st4531zi5,17/03/2026,cust_73gvcqm,Lakshmi Pillai,560004,141100,paid
order_u58aslzfqf55ds,27/01/2026,cust_ft28711,Anjali Desai,110049,256500,paid
order_bd1l8gcry8fmwx,10/02/2026,cust_low7dmo,Karthik Iyer,411054,104100,paid
order_jb4xa7l03r4hg5,23/03/2026,cust_71qvroz,Imran Menon,411024,67800,paid
order_v8xxgf4hqlivis,13/02/2026,cust_s53k2bj,Tanvi Desai,560085,46500,paid
order_cqdq1cp1ez8dr2,24/03/2026,cust_r6lgw1j,Aarav Menon,500009,85300,paid
order_vt8lnyb2o06crc,27/02/2026,cust_8v645rl,Lakshmi Patel,400070,668700,paid
order_0stib651eno4q8,03/02/2026,cust_xktz082,Rahul Rao,500081,95000,paid
order_4huiprmz58v0q2,24/02/2026,cust_twy2qm1,Rahul Chatterjee,600027,74000,paid
order_8geyvryarm4gy7,30/01/2026,cust_lq9nwni,Sandeep Gupta,500054,308300,paid
order_hfe6eij6cbza1z,22/01/2026,cust_4k5e2zw,Pooja Chatterjee,560099,96000,paid
order_bmoiu9h787bg23,01/01/2026,cust_l64ckta,Meera Patel,560014,460000,paid
order_9w7wfuqir3aehs,03/01/2026,cust_4znoiof,Harish Gupta,400020,70200,paid
order_gm2xmtnxo4rzy5,28/01/2026,cust_dul46ti,Anjali Sharma,110025,79100,paid
order_juk12m5kvm3yt0,21/01/2026,cust_u96cyw5,Karthik Bose,400027,35100,paid
order_25rvuwtuue4b95,01/03/2026,cust_gzxc52z,Ritu Patel,560055,310600,paid
order_x0tkcihtamihkq,29/03/2026,cust_mygmg4z,Anjali Rao,110090,102600,paid
order_vuz6i14hrrs6p1,27/01/2026,cust_b129ii2,Lakshmi Kulkarni,110005,280800,paid
order_g0yu9h2pb90ni8,19/02/2026,cust_8rhedwr,Anjali Khan,560089,47500,paid
order_vaw2dz0toh9iyo,21/03/2026,cust_uwrzs32,Nandini Sharma,110034,277100,paid
order_t8nvmdrexc9lgk,20/02/2026,cust_ze1dnjv,Aarav Mehta,560041,866600,paid
order_31izim0u19jjbf,02/03/2026,cust_nim5b3k,Rahul Sharma,560018,130900,paid
order_u2okja9u2h85ha,31/03/2026,cust_b6w449c,Imran Menon,560048,656400,paid
order_qt3ehkie1z7c5y,29/01/2026,cust_z7oyo1n,Rahul Rao,302004,30200,paid
order_qocmawpkn477fe,03/02/2026,cust_zgx3utm,Vikram Patel,500044,79500,paid
order_ktjm61987ngjtv,28/01/2026,cust_nbbx68a,Tanvi Desai,110041,95100,paid
order_866k31d0d4xvoe,27/01/2026,cust_yrygz0a,Harish Khan,380058,99600,paid
order_vrpfj9ii8v1qvw,05/03/2026,cust_r53vguu,Pooja Patel,560024,49800,paid
order_t25uquzd9c2k4d,12/02/2026,cust_uksyhp3,Karthik Chatterjee,400087,120800,paid
order_bvt45t1r185vul,27/02/2026,cust_e0nu2nr,Anjali Desai,560015,58200,paid
order_sxaqbahpuve9zy,01/03/2026,cust_e2z24ca,Pooja Menon,400062,131500,paid
order_8zn7l10km8kam0,30/03/2026,cust_wd9bv20,Fatima Khan,411037,292800,paid
order_ggfx3gutl5ckq9,04/02/2026,cust_u43srig,Meera Reddy,110082,69200,paid
order_aoaugofuqtv0iw,05/02/2026,cust_5v9bsrr,Lakshmi Menon,110022,131800,paid
order_8thh2vqcb8jpoz,04/02/2026,cust_9hxtyy4,Siddharth Nair,600081,134000,paid
order_tfoxb41ais6hdr,01/03/2026,cust_9rsod8v,Siddharth Patel,400098,141400,paid
order_hfuuzmbq9zkj4m,03/02/2026,cust_hecn6ke,Lakshmi Iyer,110045,808600,paid
order_ei633u84n7q7gc,26/02/2026,cust_z7vde4i,Kavya Menon,500026,93400,paid
order_r72fqd6auybtoo,27/02/2026,cust_qaihm1x,Arjun Sharma,110018,134600,paid
order_4ah999xzvbcbqs,28/03/2026,cust_a0l68a2,Joseph Iyer,500010,69500,paid
order_2e963zkfqgvyad,30/03/2026,cust_6sm112p,Divya Mehta,700113,210600,paid
order_1x84wvj36afa2r,22/02/2026,cust_3ugvz48,Arjun Menon,560078,47300,paid
order_7jo0v3c2qsygaz,10/02/2026,cust_oolpq7s,Sandeep Fernandes,700021,87600,paid
order_5sv0gq4ico0rtu,31/03/2026,cust_m0krfae,Divya Khan,500066,36100,paid
order_izt4139gaknrgq,01/03/2026,cust_f554o57,Sneha Gupta,700087,54900,paid
order_y0zgxb4eg06dw2,30/01/2026,cust_girfezm,Rahul Bose,411045,98600,paid
order_0rkykzpq5qxhwi,20/01/2026,cust_hab82f0,Rohan Khan,400099,142200,paid
order_hc70s2gmkvegly,14/03/2026,cust_b5nkncb,Siddharth Reddy,411025,72300,paid
order_fu6k12qmbcdjul,24/03/2026,cust_biwh1r5,Sneha Reddy,500029,87000,paid
order_ck2c8ycqwtswmr,11/02/2026,cust_ogv7pps,Lakshmi Gupta,400053,284400,paid
order_f30e6b581m3c2x,07/02/2026,cust_pm79z73,Lakshmi Fernandes,560058,38200,paid
order_tlxw7keom4k7pt,12/01/2026,cust_n34hlqa,Fatima Iyer,700118,72400,paid
order_yoqmoeetbdcue3,26/02/2026,cust_4rrj51f,Ananya Rao,400039,133900,paid
order_4fw6jc7db454ly,21/02/2026,cust_bj20n29,Meera Patel,110093,261700,paid
order_4ghnc9q6rzvrve,02/01/2026,cust_gr85e6y,Vikram Nair,600073,76600,paid
order_y4l4lwtetl225q,24/02/2026,cust_dcbl94h,Joseph Nair,411038,60400,paid
order_otgbe5fmtbj1z6,30/03/2026,cust_824bkfs,Anjali Reddy,302008,89200,paid
order_8idxm4nkuopmwa,02/03/2026,cust_a73esz0,Harish Menon,600084,45500,paid
order_xom581pqj8dwtv,25/01/2026,cust_m9lb1pw,Tanvi Rao,110090,75800,paid
order_9s9cavkalvo95o,29/03/2026,cust_4ywto37,Lakshmi Rao,500004,43500,paid
order_a3asnlf4hdoo5o,03/01/2026,cust_ttgg095,Sandeep Reddy,500050,115100,paid
order_5br63mgr50hnpd,30/01/2026,cust_lvr48jg,Meera Sharma,560064,48800,paid
order_hxlv70rmsmdm9f,27/02/2026,cust_pryiy34,Imran Reddy,700119,85800,paid
order_jotqlnv4wpej7e,17/03/2026,cust_yjmei9r,Tanvi Joshi,110085,226700,paid
order_95pzmm480kw8pc,29/03/2026,cust_0897ktd,Harish Fernandes,400098,67400,paid
order_dec8vxqa4d2ze5,16/01/2026,cust_lqmsu8y,Meera Desai,500033,96300,paid
order_18tzm6gda82w5m,27/03/2026,cust_2ezgf76,Arjun Sharma,400055,68600,paid
order_uj8vvkg1hdi8pj,14/03/2026,cust_t2baqbj,Joseph Nair,560058,251600,paid
order_tha3zy13uoatpi,24/03/2026,cust_07fw96l,Harish Reddy,700149,62300,paid
order_frdeymijoqj2ag,11/01/2026,cust_ghp3e9v,Karthik Fernandes,110064,57100,paid
order_fpz2dr97khyczu,09/01/2026,cust_deyheor,Sneha Desai,560048,38700,paid
order_1z1pc1nq7022un,07/02/2026,cust_rbll9d3,Karthik Nair,500058,110100,paid
order_27c3psdkhwa1dr,21/02/2026,cust_4h16imc,Imran Menon,400004,137700,paid
order_mtnvzznhfovkjg,08/01/2026,cust_he0aon4,Manish Rao,560046,357400,paid
order_6zegmm4sl87rwu,26/03/2026,cust_0rhd7x6,Sneha Rao,682036,130200,paid
order_ndtyombfbqtebl,14/03/2026,cust_ia4bs91,Joseph Mehta,500098,55800,paid
order_0a9re98mu3jg1c,15/03/2026,cust_36d4s7o,Tanvi Pillai,700154,38800,paid
order_uot4gji0zfwec1,11/03/2026,cust_z1gmolo,Siddharth Desai,560090,857500,paid
order_ij0f71se1ivu3x,26/03/2026,cust_g7ntq7m,Lakshmi Pillai,110063,150400,paid
order_f7l3ya93a0rdbt,10/02/2026,cust_ot2rr3p,Vikram Nair,560017,33400,paid
order_zf83ywxeloycq5,16/02/2026,cust_t8fvqet,Divya Fernandes,600050,43500,paid
order_5dzei2x6aj7pr9,26/03/2026,cust_jwru9hq,Divya Joshi,560049,254000,paid
order_v437tsao9tkpej,31/01/2026,cust_gjntzix,Joseph Menon,500065,75900,paid
order_x4bnj9d8hhzdxo,12/01/2026,cust_osn9rwq,Imran Nair,560079,413700,paid
order_kvwpos6etlmxoo,08/01/2026,cust_b11o0c5,Tanvi Gupta,560101,62100,paid
order_xttk5bg8vhya5o,05/01/2026,cust_8ik8u45,Aarav Khan,560051,41400,paid
order_jjczl00updfnke,01/01/2026,cust_gr1l5jd,Tanvi Bose,400087,98400,paid
order_l2h5vjfwfmjcyn,26/02/2026,cust_cryrdbe,Sandeep Kulkarni,700145,219500,paid
order_axff3uuzdfdopt,25/01/2026,cust_pt1p0lv,Meera Kulkarni,400017,89800,paid
order_xpdp3m37p4f7lx,27/03/2026,cust_3fsta28,Fatima Mehta,400088,868700,paid
order_rkjhkgj81myed6,10/01/2026,cust_isqz5ye,Anjali Reddy,380036,322300,paid
order_5b9staw6yt6kdt,09/01/2026,cust_dawjfnr,Tanvi Reddy,560087,223300,paid
order_2e3d5b1mywj818,27/01/2026,cust_z16jvyf,Vikram Chatterjee,560056,128200,paid
order_eaohrowvdivztb,30/01/2026,cust_58f77s5,Ananya Desai,380018,91900,paid
order_ljvsdz8jfpfzba,31/03/2026,cust_3xyqfab,Pooja Pillai,400104,116000,paid
order_fcyt9xp2myvhvq,02/03/2026,cust_e5cbt8t,Tanvi Menon,411045,61900,paid
order_7qe0vqxfapfdxs,25/02/2026,cust_7xk6g5z,Rohan Desai,700099,311700,paid
order_jel3eu8lej6ayg,17/02/2026,cust_0rz5rmn,Nandini Menon,302014,30100,paid
order_3tljomjubrmzp6,07/01/2026,cust_mul7l2j,Rahul Reddy,400017,107900,paid
order_j3tuqe52rvyl4i,09/02/2026,cust_l0trldr,Lakshmi Joshi,600109,60000,paid
order_qp75mfbhblabax,22/01/2026,cust_dsq697d,Aarav Menon,400091,50100,paid
order_9g38mdmjseb4s6,21/01/2026,cust_voqhvpg,Kavya Menon,560099,73700,paid
order_8ot24xbqyzob2t,31/01/2026,cust_gx50a7o,Anjali Gupta,600028,898100,paid
order_0hlh0ayjd4ac77,14/02/2026,cust_spamq77,Imran Mehta,400044,219300,paid
order_q1wcen1ssu1ts7,10/03/2026,cust_f1n4ah6,Ritu Iyer,560094,73500,paid
order_2ito39kpo86pft,16/03/2026,cust_zczosnd,Divya Chatterjee,380025,61800,paid
order_lhqqz170jmw6ig,01/01/2026,cust_1g66ygv,Ritu Kulkarni,380061,70200,paid
order_v79wdhn1whjydb,13/02/2026,cust_83zl6a0,Joseph Gupta,110046,42200,paid
order_87ou68cjtz14hc,03/02/2026,cust_ky21nos,Nandini Menon,400092,42400,paid
order_p6tn1duoc6ad0n,25/01/2026,cust_m9wcw5o,Imran Bose,110007,39400,paid
order_waw2wq33l37686,09/01/2026,cust_xryn9tp,Rohan Khan,411045,332600,paid
order_jebrtacxw282m9,16/02/2026,cust_fz8vucm,Priya Nair,500054,47800,paid
order_kan74s75c2lxq4,29/01/2026,cust_3h1192x,Fatima Rao,600023,48300,paid
order_xeqifgh0t9owuz,15/02/2026,cust_9j3xjoz,Siddharth Reddy,110043,150300,paid
order_vea2ukwu8wigi8,07/03/2026,cust_o7pnkvs,Lakshmi Nair,400098,35000,paid
order_bw9eda44zutxe1,26/03/2026,cust_1nw55jd,Arjun Kulkarni,560016,84700,paid
order_ziwkeizw40h5xw,11/03/2026,cust_h2shj8f,Joseph Chatterjee,110016,310800,paid
order_rk3oj3xduu4ax0,29/03/2026,cust_qzl4lre,Vikram Sharma,411011,75700,paid
order_gdn4iocayafqzt,02/01/2026,cust_2srr8iy,Sneha Sharma,560076,73500,paid
order_ai5urtt543iqcw,18/03/2026,cust_m6s8pwy,Nandini Kulkarni,500082,75000,paid
order_0zex0ys6qoyvkl,12/03/2026,cust_1cbnsxd,Arjun Kulkarni,600063,188400,paid
order_rerms1lj4xvnqz,06/03/2026,cust_3b8hub4,Fatima Joshi,500011,71100,paid
order_40sv6eit7q2qzv,27/01/2026,cust_aa333t5,Rohan Chatterjee,560051,62900,paid
order_hs16kvvb3fwvqa,01/02/2026,cust_ooezzmi,Priya Gupta,560024,50700,paid
order_ruxh2q7pp5hsa3,23/01/2026,cust_7lx0lun,Harish Iyer,500093,65100,paid
order_a6pes8bpugdnlu,28/02/2026,cust_u0lu9r5,Fatima Bose,411049,31000,paid
order_okjocbf1vqhjtq,26/03/2026,cust_f67hy4e,Arjun Menon,302004,65900,paid
order_26ukdxywq5hwpe,19/03/2026,cust_myf1eoo,Sandeep Menon,560049,53600,paid
order_p4rrqa3ekzus77,12/03/2026,cust_b50qk7c,Rohan Kulkarni,700047,716000,paid
order_k01ebqkxw9njdu,30/03/2026,cust_sxgkxre,Karthik Desai,110065,39900,paid
order_3rqf7z97yyhjmp,18/02/2026,cust_ssekyv4,Karthik Reddy,700002,38900,paid
order_8o9f6ml6qu0rxw,10/03/2026,cust_ojfshkx,Karthik Sharma,500070,75300,paid
order_x0xhkwp5ywu8i7,22/03/2026,cust_iypwnne,Lakshmi Fernandes,400013,79600,paid
order_52naqic0cvx3zq,22/01/2026,cust_tudwgmi,Tanvi Chatterjee,380056,149200,paid
order_1uhgefve4taliv,20/02/2026,cust_1hvflzh,Imran Patel,110042,45800,paid
order_tkk8ge6ypd4ub8,01/01/2026,cust_5fqw8c8,Harish Joshi,560025,303800,paid
order_k9p0ywmc7607x8,28/01/2026,cust_ro1doa6,Harish Nair,560093,103400,paid
order_h1vjiseeyrx18r,17/02/2026,cust_910v1yy,Aarav Kulkarni,560100,43400,paid
order_w9iz4uwoneft5e,25/02/2026,cust_036mxyn,Ananya Nair,400019,91700,paid
order_ifdoxwxu0ntd0r,17/02/2026,cust_ai101ji,Kavya Reddy,411030,67800,paid
order_xbltarxlw00yij,09/03/2026,cust_q6ui8ld,Harish Khan,302031,43800,paid
order_a9ncp21f0fhh4f,14/03/2026,cust_lhll7vm,Divya Khan,400051,122800,paid
order_vwnvozqm4szrbm,27/01/2026,cust_tl8m5hc,Karthik Rao,380059,43800,paid
order_82t0a2mm9qkbpz,24/03/2026,cust_40k1rfl,Nandini Bose,560065,46400,paid
order_ew2nvuiim8fotm,03/01/2026,cust_fmtze9g,Joseph Rao,400033,81300,paid
order_07i5zkcohtyg7q,26/01/2026,cust_4fpb24u,Siddharth Nair,600060,90300,paid
order_i5v97a8h9de9cp,14/01/2026,cust_ep4uyn0,Tanvi Bose,560089,37200,paid
order_tz6x00rcz0k55c,29/01/2026,cust_rti7f5w,Lakshmi Khan,302019,38600,paid
order_b0tqhsmpy81qne,02/01/2026,cust_dvsgxsa,Tanvi Pillai,700089,38200,paid
order_deycdx3b6n2ief,20/02/2026,cust_cx75iaa,Aarav Chatterjee,560081,182000,paid
order_ve8cv41xdj6ayr,30/01/2026,cust_97md0po,Ritu Pillai,400063,122500,paid
order_05o0f6xueyyh1o,06/03/2026,cust_5b073en,Vikram Bose,560013,89900,paid
order_qkavntmqtu07r7,11/03/2026,cust_e8qwtpe,Divya Menon,380041,62700,paid
order_c21tydc0ifxhb0,24/01/2026,cust_yhw7ao9,Anjali Sharma,560045,144100,paid
order_5l60mqurafja8h,06/01/2026,cust_qrd3fhu,Siddharth Khan,400004,107500,paid
order_ekjv9tskugj3fk,17/03/2026,cust_wz3a0vv,Rahul Menon,560103,276600,paid
order_hydn4jen4xqb07,18/02/2026,cust_sh9mcrm,Harish Desai,600118,96500,paid
order_pyh77yq95vrifs,07/02/2026,cust_hrqfawa,Priya Pillai,600033,273400,paid
order_o6jfwklygu4th9,12/03/2026,cust_xxbowiq,Siddharth Pillai,400102,45500,paid
order_vo7ldeq8dyv8l3,11/02/2026,cust_1jmaez7,Ananya Patel,302022,67600,paid
order_mf6dq24deekvzo,31/01/2026,cust_gbwcbld,Meera Iyer,560024,398300,paid
order_ws2neb3x3dl4wg,13/03/2026,cust_h6qx0vu,Aarav Mehta,560012,146400,paid
order_ez93o3r4q4ap44,07/03/2026,cust_b8xymw1,Aarav Pillai,302035,130500,paid
order_ladpjflejp4fr4,09/03/2026,cust_1rkq2v9,Rohan Mehta,110050,91400,paid
order_fryv4zfhsv1nkp,26/01/2026,cust_we9lrv3,Priya Nair,110016,41300,paid
order_gvfrzb1r6b0n6a,05/01/2026,cust_svbggjl,Meera Pillai,700059,143200,paid
order_cc4be7an92xgu6,20/03/2026,cust_7rpdut8,Aarav Mehta,700110,59100,paid
order_itpywvfvacluw8,04/02/2026,cust_095ltso,Siddharth Joshi,700035,35300,paid
order_d6ql2wb71jw7if,11/01/2026,cust_5hb6tr2,Priya Patel,560072,92400,paid
order_8ryrjo1yt7t23a,18/02/2026,cust_wfk1d3t,Karthik Reddy,600011,67300,paid
order_b6pjjcxdfsi8dp,05/02/2026,cust_x4fk93k,Joseph Iyer,500067,65600,paid
order_d87ybxg5lwuvss,28/02/2026,cust_f49r1ug,Divya Iyer,560092,84100,paid
order_a6e4ftkcyn4sfx,08/01/2026,cust_uro1oay,Divya Iyer,110015,121900,paid
order_r7y04z8dvtqsbb,13/01/2026,cust_1z6qmgo,Meera Nair,400058,107000,paid
order_iogivcyelvsj2n,14/02/2026,cust_8kyz8hd,Sandeep Bose,380010,57800,paid
order_wp2oylpxiur0lr,18/01/2026,cust_ci4gwi9,Vikram Gupta,302006,98200,paid
order_3a0rpfm3snpcqs,31/01/2026,cust_bihffri,Tanvi Fernandes,500073,560500,paid
order_kexizwqesxvf4p,07/03/2026,cust_oq23exy,Sandeep Pillai,700139,67100,paid
order_ko9wjpnhpbhta6,11/03/2026,cust_g3o844o,Manish Reddy,411040,149400,paid
order_pch443k0nxjbo4,16/02/2026,cust_fkm046u,Aarav Pillai,560045,106400,paid
order_xd9y5ofosxrk1t,05/02/2026,cust_m05qvvs,Rahul Fernandes,110026,55000,paid
order_tfxfmfw7a2wwe3,08/02/2026,cust_b6r9932,Siddharth Bose,700034,44800,paid
order_83svur105r53xs,02/02/2026,cust_cl8sanu,Rahul Khan,560054,45000,paid
order_kdvnhtg9i3lijw,03/02/2026,cust_au61gf4,Ananya Kulkarni,110025,295600,paid
order_snb440xgfel619,31/03/2026,cust_9c6vnik,Manish Pillai,600064,90400,paid
order_7kaaluc7h8r1b8,25/02/2026,cust_j8l2wpt,Aarav Menon,560065,31100,paid
order_e1y5kqo2wpxrn4,27/02/2026,cust_48dt7lo,Priya Kulkarni,500082,51900,paid
order_0qgbvj7841ljot,17/03/2026,cust_xwn8vpe,Aarav Iyer,600055,321600,paid
order_2g6dvuda90boru,23/03/2026,cust_5y8w5a1,Harish Bose,110026,69700,paid
order_knenri9ub8ejba,04/03/2026,cust_jepp528,Divya Reddy,110011,867400,paid
order_k00hw9dw8ubhxt,12/02/2026,cust_v5g0gh1,Ritu Pillai,380058,83500,paid
order_hbbejay8qrfov5,28/03/2026,cust_13jnvlu,Nandini Khan,560098,46300,paid
order_f9xbzpm7jkvptz,05/02/2026,cust_cpmc21r,Anjali Iyer,560081,45800,paid
order_44abmfywalvrsa,19/02/2026,cust_27lz5uj,Aarav Mehta,682018,98400,paid
order_oia36xv4f31mks,25/02/2026,cust_x3y3yyk,Imran Kulkarni,400031,75000,paid
order_dlvqcjkakez4ah,06/02/2026,cust_xvlr2jb,Kavya Sharma,302029,92300,paid
order_sma4mmj1d09vu6,11/02/2026,cust_48qqfxx,Manish Rao,400103,119300,paid
order_f0xalq03lg72a2,25/01/2026,cust_rpd6y4j,Pooja Fernandes,500076,68800,paid
order_oy60vt9wylm1gh,05/02/2026,cust_zntsdpz,Meera Mehta,682031,316000,paid
order_4lm3m52mfjmed5,14/03/2026,cust_xzk6kha,Vikram Nair,600105,100700,paid
order_8h8sacwf5yie0j,02/02/2026,cust_1mjhput,Priya Rao,400024,147100,paid
order_ibko9x0bpqbqip,08/01/2026,cust_r527s9o,Rahul Sharma,110016,74900,paid
order_us6k3r2jwexhg0,27/02/2026,cust_sr795f8,Sneha Iyer,110038,232400,paid
order_p24ws6z2yq0pjm,18/03/2026,cust_aqyluc5,Lakshmi Iyer,400017,56700,paid
order_vmxx0nrj1kizb0,25/01/2026,cust_590shfl,Arjun Patel,682029,253800,paid
order_h9cckxilo17bvg,21/01/2026,cust_3hly38w,Vikram Rao,560093,75500,paid
order_eokhww128qqrkw,05/01/2026,cust_2n71lbk,Joseph Fernandes,411003,52300,paid
order_cj1qazlikt6rlw,19/02/2026,cust_d1bz9f8,Manish Kulkarni,600095,443500,paid
order_xsji7qr8hport5,25/03/2026,cust_3reprcw,Rahul Gupta,560091,223100,paid
order_keti35nxlty0a8,24/01/2026,cust_xawue7z,Rahul Menon,700003,135400,paid
order_1yu6w30ln9ze09,12/03/2026,cust_hmonjnu,Nandini Joshi,600061,32600,paid
order_tuydd8xylkhqfx,08/02/2026,cust_3wougy9,Pooja Menon,380031,50400,paid
order_pl9t7xmcztvsgu,27/02/2026,cust_o3zbue2,Rohan Kulkarni,400045,278900,paid
order_2icw8hhps7akfs,22/03/2026,cust_hmlo7og,Fatima Sharma,110044,238300,paid
order_kg8ejam93pl8wo,05/03/2026,cust_9pbz0s4,Meera Patel,560067,99500,paid
order_4dyi8a7tnii7sm,25/02/2026,cust_q7gaqoa,Rohan Sharma,500059,657000,paid
order_t2gj3rypkigquy,16/02/2026,cust_4bw6pgt,Rohan Sharma,500021,85900,paid
order_wbrhpm3t4m9mk6,02/01/2026,cust_fx54cxa,Ananya Menon,110035,129900,paid
order_0uiv6wnl7hzsfq,18/02/2026,cust_2aga55m,Rahul Rao,560079,101800,paid
order_t2jtopbstu4xn5,27/02/2026,cust_p3ugfwv,Meera Reddy,560095,50300,paid
order_ygjgc43i4dlbey,13/02/2026,cust_0ztz88i,Divya Bose,110037,32400,paid
order_76sypw62gsfs8w,02/02/2026,cust_63rdxbl,Manish Mehta,380017,419400,paid
order_95j5j0aqg39h6h,20/03/2026,cust_bfhun02,Karthik Desai,110090,60500,paid
order_d845kzgci0le32,27/01/2026,cust_whrswzp,Ananya Desai,600056,77700,paid
order_7mibmp9xr9otou,27/01/2026,cust_wdipmc4,Joseph Patel,600050,75300,paid
order_mlalyrpo392kay,28/02/2026,cust_43l5m2b,Anjali Fernandes,700070,892700,paid
order_6ms1rf5y4plfyj,30/01/2026,cust_4lrm3g4,Tanvi Chatterjee,400088,94100,paid
order_k8r3g77bru0imh,30/01/2026,cust_35it3rv,Siddharth Kulkarni,560061,89100,paid
order_qehs3sxi6g8gbw,05/02/2026,cust_n0rpe7v,Anjali Patel,560006,38200,paid
order_0e4b0qe201lt48,06/03/2026,cust_mlu3428,Priya Gupta,500091,98800,paid
order_0qmzs7fzfeh4ii,21/03/2026,cust_cx1fzwo,Pooja Patel,600083,40900,paid
order_pxqczddbr36gm6,08/01/2026,cust_h7azuqz,Rohan Bose,400006,74400,paid
order_11mosd6yyy7uq3,27/03/2026,cust_7x24f9g,Joseph Fernandes,560021,259100,paid
order_zuoj7adm8m8p0d,12/03/2026,cust_qx9kvaj,Tanvi Chatterjee,380028,274800,paid
order_4e1fw9ekhm5e24,11/01/2026,cust_5q74f7h,Ananya Sharma,500082,47400,paid
order_myobg1e2btq6tk,05/03/2026,cust_x6osjq5,Sandeep Sharma,700082,198600,paid
order_8l1kydpozecc08,31/03/2026,cust_qyvn2g0,Kavya Khan,600061,206900,paid
order_h32kwn7ey37bhv,09/01/2026,cust_50wq2u6,Karthik Fernandes,560083,68300,paid
order_r0rnw1g0q3eh8n,07/03/2026,cust_chlcne8,Rohan Gupta,411028,43100,paid
order_odo9yv75xowgz8,02/03/2026,cust_cfe6oq5,Joseph Gupta,411009,77900,paid
order_ror5bnhsmb1z46,07/02/2026,cust_3ajyivl,Rahul Rao,110065,68600,paid
order_ugnhxsk407qptx,15/02/2026,cust_q20rsb3,Fatima Joshi,560071,32200,paid
order_x053sdnlnyqy5p,13/01/2026,cust_6rs2k7v,Imran Fernandes,500053,215300,paid
order_oo3r2oxftrjnge,09/01/2026,cust_vfiq0de,Karthik Bose,500025,265000,paid
order_gdynrbuzt03v9v,08/02/2026,cust_e4caznp,Vikram Mehta,110090,87700,paid
order_rcqgcz6mwg8po5,04/03/2026,cust_wxgdt3v,Lakshmi Chatterjee,560042,112400,paid
order_8a79sadip4w7tr,06/02/2026,cust_gqkosud,Vikram Desai,411029,49200,paid
order_gs50kihp5fwxd2,01/02/2026,cust_92u4e3u,Divya Gupta,411046,30900,paid
order_j32r00xsj7ng0x,29/01/2026,cust_92ifkgy,Rahul Kulkarni,380060,40700,paid
order_wlbd5d90fs27e7,11/03/2026,cust_staizzm,Rahul Iyer,110040,127500,paid
order_vpvnvehr4wwxek,19/03/2026,cust_tdz70j3,Divya Reddy,560099,117500,paid
order_err9yk6eamnr1i,17/01/2026,cust_lgckk54,Joseph Rao,400071,51900,paid
order_qxnpxa86yeu4pl,01/03/2026,cust_otjhutf,Vikram Menon,560061,300400,paid
order_yg7t4oqyni48sa,13/02/2026,cust_9rq9s88,Rahul Reddy,700120,53300,paid
order_v7tbps440rta4i,29/03/2026,cust_l7usmtd,Rohan Reddy,500023,137600,paid
order_zy549lbgf6adyl,21/03/2026,cust_7e24ipm,Meera Menon,110033,142700,paid
order_0kuov4uth20775,13/01/2026,cust_me8r2gy,Meera Khan,600018,724500,paid
order_v8d20i78tsdc6l,07/01/2026,cust_rjkj1jo,Karthik Khan,600109,459400,paid
order_ca57g5pc3mjp5t,14/03/2026,cust_i7izuf3,Divya Joshi,400070,55700,paid
order_r8lek5pf2ws9l7,23/02/2026,cust_uwbnmyt,Nandini Reddy,400020,87500,paid
order_w5vtn5dd5ebvt5,11/03/2026,cust_az5ts45,Manish Sharma,411053,201100,paid
order_u7g34iaoedsmsq,22/01/2026,cust_dyso9gz,Joseph Kulkarni,560056,31900,paid
order_tke6hyx54txbhm,30/03/2026,cust_ykufvm6,Ritu Joshi,600088,248900,paid
order_c1v8srebkwd26l,17/01/2026,cust_83keq47,Ritu Sharma,302007,37500,paid
order_jnki5kunwyojxk,31/03/2026,cust_vur0rp2,Joseph Fernandes,600074,334400,paid
order_2s0evh6c075dhc,21/01/2026,cust_dc33omk,Karthik Fernandes,560012,321200,paid
order_omj8uykqgvwn2w,30/03/2026,cust_16says5,Karthik Gupta,600073,79000,paid
order_xosg3n7js3vdy8,26/02/2026,cust_im0pcdq,Lakshmi Reddy,380035,38700,paid
order_ijw8nfd55n4xru,20/03/2026,cust_4osmb6b,Ritu Menon,400051,290300,paid
order_5pzi4lafjt2gft,30/03/2026,cust_0dncgq2,Ananya Desai,560036,78900,paid
order_9951i6kkaeti3r,14/02/2026,cust_p7yzs89,Rahul Joshi,500005,104600,paid
order_68t4jt152fda4v,16/03/2026,cust_bk7xyv0,Vikram Fernandes,411057,73300,paid
order_p5ph54e29x1ixh,07/01/2026,cust_25et89e,Vikram Fernandes,110085,33300,paid
order_gfsh91ezdnopg0,21/03/2026,cust_7bfhpdc,Joseph Iyer,400024,277600,paid
order_2p5jqn15i7vsla,20/03/2026,cust_0xg6973,Kavya Bose,110081,155200,paid
order_oax9bgp9nn7lmw,14/02/2026,cust_hil7wrs,Siddharth Mehta,500007,55700,paid
order_8qa7zh20dczk5w,06/02/2026,cust_014nkx2,Ananya Chatterjee,110029,34600,paid
order_3tfjmp40fprw6u,24/01/2026,cust_b3eot72,Harish Reddy,560074,58200,paid
order_poklt49xk0cv36,30/03/2026,cust_wwvrvm4,Kavya Fernandes,110035,93200,paid
order_pghixl9nppu26r,04/03/2026,cust_i4659ta,Lakshmi Kulkarni,400058,35800,paid
order_pbdmf4u57aqxmi,05/01/2026,cust_usfrbaj,Ananya Reddy,411039,69300,paid
order_2b2r11fnpr5lzb,01/01/2026,cust_ssiqx6m,Kavya Joshi,700107,130100,paid
order_rwzunm6ickqx59,25/01/2026,cust_9jbfmmo,Siddharth Sharma,411031,42800,paid
order_2188ql38vkagz0,15/03/2026,cust_a7uznsk,Joseph Pillai,110058,61500,paid
order_vlycj6hwmg6gf7,12/01/2026,cust_4vtixjh,Imran Menon,400045,63000,paid
order_cm53bw5lw1gu1i,27/02/2026,cust_tfcpj2t,Sneha Bose,560008,50600,paid
order_hrtql0502m4szl,28/01/2026,cust_5ewtwj8,Kavya Nair,380041,57000,paid
order_xkjsfv5gkidgui,31/01/2026,cust_beu68g0,Aarav Gupta,400083,41300,paid
order_7tg4gmrgkvvm56,11/01/2026,cust_cdd8vuh,Aarav Mehta,411004,35100,paid
order_8thm83an7mvm3r,23/01/2026,cust_ibt5ou0,Rohan Pillai,110070,666600,paid
order_fmy63ob1px5kal,13/02/2026,cust_kjl8vec,Manish Khan,700130,131600,paid
order_qd0xxooeuzlfpn,14/02/2026,cust_r58rrdl,Kavya Mehta,400028,91000,paid
order_ol2o3stxrmo1kx,09/02/2026,cust_tn1als0,Fatima Bose,560068,64700,paid
order_r7t9clhyc32wcu,08/03/2026,cust_qlw5bnm,Siddharth Joshi,400009,44600,paid
order_eg487o4t718or5,15/01/2026,cust_ec6p4h2,Tanvi Gupta,400073,71600,paid
order_6106ikvtwrjsfq,15/01/2026,cust_gs6w793,Vikram Rao,110090,105200,paid
order_w3yilhcgs3t9t7,11/02/2026,cust_p02m3qx,Lakshmi Patel,110020,65800,paid
order_5d2puppqcm5xhs,21/03/2026,cust_w71coaq,Lakshmi Patel,400100,73900,paid
order_fnli50kr3rde7v,21/02/2026,cust_4conbj7,Imran Menon,600067,52300,paid
order_ndcjaq5nhjjazb,30/03/2026,cust_emd142k,Ritu Khan,380015,305600,paid
order_l0bkooknffo4lk,28/02/2026,cust_lg798fw,Tanvi Patel,380050,47800,paid
order_bdym79n2y9pght,15/01/2026,cust_6qbwn4y,Ananya Patel,560006,99600,paid
order_yci92el52jxhq3,26/03/2026,cust_yysqkaq,Meera Fernandes,600092,60900,paid
order_b2mwrckwvgmef6,03/01/2026,cust_uqrz21n,Harish Joshi,110052,83200,paid
order_r2s98zk2a3m4q0,19/01/2026,cust_0uee06p,Meera Iyer,302001,81200,paid
order_m17zgekhejvt52,12/02/2026,cust_fmlisgf,Kavya Reddy,400021,280700,paid
order_zq9a38empw57tb,02/02/2026,cust_rzu64v9,Rahul Kulkarni,400065,87500,paid
order_2k5n845ohzto2p,01/03/2026,cust_04sopgn,Joseph Chatterjee,500030,246600,paid
order_ahmh64p0wqs6q9,30/01/2026,cust_4y3dkvw,Sneha Kulkarni,500042,139200,paid
order_7rdxn7sjush43i,07/03/2026,cust_mey2g1l,Harish Mehta,110051,58100,paid
order_4fw4xjtxayircb,07/01/2026,cust_xtaaus3,Manish Gupta,411008,54600,paid
order_39awl8ayfirjtm,31/01/2026,cust_glt9288,Arjun Rao,110056,146800,paid
order_n9daczm3d7t6lq,04/02/2026,cust_1m61y6p,Ritu Khan,110064,135200,paid
order_gyjz909234rob1,30/03/2026,cust_oy90n7t,Divya Khan,500094,74100,paid
order_b34t224v4inroh,17/03/2026,cust_42nmj1n,Priya Bose,400010,60900,paid
order_3upq1bglenqt1j,14/03/2026,cust_telgiue,Manish Khan,400088,68900,paid
order_mi3mydvl1m2vaz,27/03/2026,cust_z1blwhx,Meera Fernandes,600119,143300,paid
order_b2dsypve1pufnq,14/02/2026,cust_r71ss53,Ritu Joshi,700120,38900,paid
order_tm3c5sjwxxzn8c,19/03/2026,cust_qi4jpfu,Imran Kulkarni,400007,153900,paid
order_it1w6zium3gpxq,30/01/2026,cust_9eddu8n,Siddharth Iyer,411008,31900,paid
order_y7kjpsjo6nr0c3,02/01/2026,cust_16stxl7,Joseph Desai,110027,231500,paid
order_57a1exz5ylvj89,07/01/2026,cust_ak7ms6p,Priya Mehta,700139,108200,paid
order_gixmlcnggi2yg3,30/01/2026,cust_8avm1ob,Rohan Khan,560039,279200,paid
order_wb2wz9skfdcde5,01/02/2026,cust_65no069,Ritu Menon,400013,204100,paid
order_h6p7t4v3msq4j9,31/03/2026,cust_2ospcs7,Manish Fernandes,560038,86100,paid
order_gzcwmthvtvse1t,25/01/2026,cust_4mghxmn,Priya Khan,411048,116100,paid
order_f5g8002k3cegpc,11/02/2026,cust_yji9tip,Aarav Kulkarni,400073,100000,paid
order_pi5r056hvjp26s,20/03/2026,cust_jqu8xov,Fatima Rao,560067,52400,paid
order_9txvu0oif3x9kh,20/01/2026,cust_65qfwij,Vikram Sharma,560056,604100,paid
order_cdrwak74a1kpo1,06/03/2026,cust_p4w2cmn,Sandeep Sharma,500081,116400,paid
order_kca631uyfy0tun,05/02/2026,cust_j2xze4k,Arjun Iyer,400072,76400,paid
order_9jgdy3k31f8xhz,17/01/2026,cust_96dxisg,Fatima Mehta,411017,245100,paid
order_4k66h1k8820cr3,01/01/2026,cust_32kx25h,Rohan Khan,380024,127700,paid
order_km5nannuqna2yk,01/01/2026,cust_5ixa4ew,Imran Nair,110066,112100,paid
order_tq62od4em49z5h,08/01/2026,cust_ofgg764,Ritu Gupta,400015,100300,paid
order_frhykoeclj9s8l,29/01/2026,cust_r1z8v8p,Rahul Joshi,560016,220500,paid
order_uea7z5okr38wlc,28/02/2026,cust_s2rp36m,Rahul Nair,500092,65700,paid
order_df79w98bl31sh4,08/01/2026,cust_okb4b7t,Divya Fernandes,110034,73600,paid
order_j9oyhscvi3zhyw,17/02/2026,cust_1n1clow,Siddharth Kulkarni,411031,35200,paid
order_2gkvsvhdac8iq3,23/01/2026,cust_kq3b66f,Sneha Sharma,110036,129600,paid
order_jjkpdejq6riie4,14/01/2026,cust_jw74v7p,Ananya Reddy,700113,73200,paid
order_hjcaw36yg03zia,21/03/2026,cust_ecgctnf,Priya Chatterjee,600111,123700,paid
order_s8dps64no9flgo,12/02/2026,cust_spct5ee,Imran Mehta,400073,179900,paid
order_tnle22lgld3syf,27/03/2026,cust_q5ahtpd,Ritu Kulkarni,600003,42700,paid
order_r2l9x4guo4g5z0,14/03/2026,cust_s6wtitl,Kavya Pillai,110058,63000,paid
order_o97erwlwl2mro1,10/03/2026,cust_bk0ifta,Rohan Menon,500077,137500,paid
order_jeoc4kspcg0vom,31/03/2026,cust_x3zvv32,Vikram Pillai,560085,304500,paid
order_q81zd96lil51yh,15/03/2026,cust_wjcy9jw,Rohan Desai,600013,124300,paid
order_2utedqsotwv8mf,22/03/2026,cust_8tgqze4,Kavya Reddy,110050,180800,paid
order_uzsv1p4so0pezt,14/02/2026,cust_ydy7525,Karthik Kulkarni,411006,143000,paid
order_0iju8u5ulbjefs,24/01/2026,cust_nt4oevn,Manish Kulkarni,110020,57900,paid
order_zs7a9e9pstckov,18/01/2026,cust_1ud8t8q,Tanvi Rao,302026,286400,paid
order_qu66dew9cxz079,21/02/2026,cust_61ishad,Pooja Fernandes,400092,43100,paid
order_v8wvd015g8r7rg,22/03/2026,cust_v8zojjm,Vikram Chatterjee,700059,81300,paid
order_qb206ngfprs8fb,11/03/2026,cust_sq1urvg,Ritu Kulkarni,380048,79800,paid
order_m286i4hljkd617,27/01/2026,cust_04upe0u,Ritu Desai,500047,131000,paid
order_ufr6xsb3wt9m78,31/03/2026,cust_6po2ufc,Rahul Patel,600012,192500,paid
order_go0x57qp3xzajr,31/01/2026,cust_r778a2m,Lakshmi Khan,560082,46200,paid
order_gxj6s00ae1wa4q,10/03/2026,cust_c01hns3,Priya Reddy,560091,97900,paid
order_wsaa8a1yfkybv2,03/01/2026,cust_m07d04z,Meera Bose,380020,83100,paid
order_4n3q2nomtcka2s,16/02/2026,cust_vhivfdc,Lakshmi Bose,600015,53400,paid
order_vrdef4subxniuo,13/01/2026,cust_onrs9qy,Vikram Rao,400079,319000,paid
order_rgs0v8810171ea,14/02/2026,cust_evw38zg,Joseph Reddy,400005,273500,paid
order_80fpc3lk3joq0o,29/01/2026,cust_gamy5ug,Joseph Menon,110066,58500,paid
order_rejebvh01cv9na,12/01/2026,cust_77zkfjm,Rohan Fernandes,380001,43500,paid
order_cfaa4ulyz88042,28/01/2026,cust_f9tywwn,Divya Bose,560042,56200,paid
order_b90pn4scxj2gef,15/01/2026,cust_e8y7r5c,Aarav Desai,560049,79000,paid
order_xo5j8a2gnasp88,03/02/2026,cust_echq2z4,Pooja Gupta,400079,149300,paid
order_rqqcsprj84yc8t,28/02/2026,cust_n0pg8sy,Pooja Patel,400069,66700,paid
order_cplmnm0qj5a6t6,18/01/2026,cust_wojqk4r,Arjun Bose,682036,131500,paid
order_knc2w8xh98iazj,24/03/2026,cust_mzfhfha,Karthik Khan,302022,294600,paid
order_gfek67wu9ocy88,07/01/2026,cust_mptydtk,Lakshmi Sharma,560037,861100,paid
order_ui3hjg0b2yvwc9,02/03/2026,cust_fkem6w5,Imran Fernandes,110068,575300,paid
order_zl6rcmrja42ucu,09/03/2026,cust_2akwmmq,Pooja Gupta,110087,30200,paid
order_t6gq3palbx9t1w,18/02/2026,cust_4kbtj78,Kavya Desai,400088,82100,paid
order_cb0v9d043ww3om,06/03/2026,cust_m2b6rhy,Manish Gupta,110077,780100,paid
order_q9damydfyypkt7,26/03/2026,cust_j342yde,Lakshmi Rao,700120,41000,paid
order_inklaj7v12hecq,16/02/2026,cust_fpzz97q,Anjali Chatterjee,400078,89500,paid
order_n7jji5a1t7amha,21/03/2026,cust_0mh9mmj,Aarav Rao,400066,73700,paid
order_o9ryofm6roukpx,29/01/2026,cust_0v016c3,Vikram Kulkarni,500072,219600,paid
order_fu0mp5ddqu3g4g,28/03/2026,cust_vonq80g,Priya Mehta,110033,30600,paid
order_lukcjaercm822h,12/01/2026,cust_brseab0,Arjun Joshi,380029,256800,paid
order_ls6y4su51knukk,01/02/2026,cust_wpgci3a,Joseph Pillai,560019,86300,paid
order_i4o2llzawklmzn,28/01/2026,cust_5bcnafu,Karthik Joshi,560090,49300,paid
order_chtej75zf37msz,10/01/2026,cust_9nwg82a,Kavya Sharma,400019,101700,paid
order_j2omsks1najzde,25/01/2026,cust_fd14mu1,Nandini Khan,400069,59000,paid
order_r68iqoonjxti49,31/01/2026,cust_l9ksfkv,Kavya Chatterjee,682039,44600,paid
order_mbtk3fuhc81zf7,16/03/2026,cust_p632k65,Manish Desai,682012,49100,paid
order_hd3mztf66jvrfb,28/02/2026,cust_f6v00no,Sneha Nair,110040,83700,paid
order_eryqg27vr8h399,28/01/2026,cust_3xv9tbv,Lakshmi Nair,682011,252500,paid
order_lo3s1k5yzf16gv,20/02/2026,cust_j8omujq,Fatima Iyer,411030,153400,paid
order_0rnvdvy1vqp88q,25/03/2026,cust_krudazn,Fatima Pillai,411040,813000,paid
order_xyl353myipxjbd,18/01/2026,cust_dsvjll6,Karthik Desai,110082,32200,paid
order_q23u04vcigl1x9,27/02/2026,cust_mepaleg,Ananya Chatterjee,400074,44000,paid
order_ch7kfj9s0kdrg6,19/02/2026,cust_pgyk2oz,Priya Reddy,110023,75800,paid
order_35xpi9jc6xyzzo,22/01/2026,cust_ija68e0,Fatima Mehta,682006,58700,paid
order_kj86shnud9cc61,24/02/2026,cust_wlqunly,Pooja Nair,700001,111700,paid
order_3m8ozq2r8haelf,31/03/2026,cust_v0x05k8,Sandeep Reddy,400065,37300,paid
order_8jn4t0g379yii9,18/02/2026,cust_qp6xd6g,Rohan Sharma,500051,224100,paid
order_2ga351c5ensdz2,27/01/2026,cust_u9mh3uk,Rohan Chatterjee,110029,122000,paid
order_7me7c9r0xbdvdq,30/01/2026,cust_do19zbx,Ananya Kulkarni,560009,59500,paid
order_gj74ycwueth2sr,18/01/2026,cust_c1n5x7k,Imran Chatterjee,400083,166000,paid
order_ygwfcn124kj43l,06/02/2026,cust_sqruohx,Kavya Sharma,560038,50900,paid
order_n88pi06594sqs0,05/02/2026,cust_7qyh9rc,Anjali Chatterjee,500078,210100,paid
order_623g4xsrc65jwp,20/02/2026,cust_st06js1,Ananya Mehta,500036,759000,paid
order_9qubegxgd2heey,24/02/2026,cust_k3v5zoj,Priya Patel,560012,78600,paid
order_yybsahm7cc8e3w,11/02/2026,cust_kjpxjob,Arjun Bose,400025,47000,paid
order_8odkuyd0dcrnj7,06/02/2026,cust_e8lioef,Divya Desai,400088,31000,paid
order_wo2k0tlj8lfoie,18/02/2026,cust_ha95jxs,Karthik Mehta,411003,255100,paid
order_1mqowzs0p7vqot,06/02/2026,cust_es5qqgb,Siddharth Khan,411020,73600,paid
order_2burgc6luafkp2,26/02/2026,cust_xkpv5zw,Aarav Pillai,400026,43800,paid
order_1wze6df4x59y3r,26/03/2026,cust_5niplm7,Imran Desai,500089,315200,paid
order_cyj5ygzm7mx4fx,18/02/2026,cust_svl7q3l,Vikram Chatterjee,700004,97800,paid
order_f9iijpc152r5x0,06/03/2026,cust_2kcihml,Vikram Reddy,560045,526600,paid
order_5s0pr7lkk51lnz,29/03/2026,cust_zgmuj08,Pooja Desai,560001,44500,paid
order_ol6drknq9xgltp,04/02/2026,cust_97qigtr,Manish Joshi,560022,51200,paid
order_m0l7qklfftn7dx,22/01/2026,cust_42s0044,Imran Joshi,400098,140900,paid
order_13gtbbk2wcmcgc,26/02/2026,cust_dj37g0z,Lakshmi Mehta,110081,61600,paid
order_hgur5b6vi0k2j9,31/01/2026,cust_06ubtt8,Ananya Mehta,302005,56700,paid
order_bp7fagzmvvfp1j,11/02/2026,cust_811y4mw,Joseph Mehta,380033,49900,paid
order_vwyxvww8q7bg7i,02/03/2026,cust_6u9ic1n,Sandeep Khan,110070,41200,paid
order_j7jtgjcbcpncwb,26/03/2026,cust_qasvp1n,Harish Menon,400035,47500,paid
order_a3a59s1muf3zkv,31/03/2026,cust_kz29sp1,Arjun Gupta,560034,134800,paid
order_77ejft2d44gnad,26/02/2026,cust_thvo8jd,Vikram Sharma,400029,42500,paid
order_o6du1irxqcy26t,20/01/2026,cust_z1j3yxn,Joseph Chatterjee,400009,85000,paid
order_r01jwmoh8gydgm,13/03/2026,cust_clr62gf,Fatima Gupta,411008,37300,paid
order_qc9zi04ufzxtn2,13/03/2026,cust_ifs47ik,Siddharth Fernandes,302014,147100,paid
order_7mirlbh3d7bfcp,08/02/2026,cust_b0i1tmf,Karthik Gupta,500032,293900,paid
order_ctc6zmv0xyfbqo,07/01/2026,cust_fl0gkb3,Manish Pillai,400098,75500,paid
order_9nq13xlujqpy75,28/02/2026,cust_ce6hwow,Anjali Chatterjee,411040,212300,paid
order_bo9kso7zh3z6zv,22/02/2026,cust_bgd9i95,Rohan Patel,411057,78100,paid
order_qtkd7m8djxbgrk,02/03/2026,cust_rtmkhys,Sneha Rao,560082,46900,paid
order_ft5x2gr835p70i,21/01/2026,cust_jv8ky9p,Aarav Nair,110025,57300,paid
order_v7jceh3kohuy65,17/03/2026,cust_8085ltb,Arjun Fernandes,110010,106300,paid
order_3krq01ixfd215o,13/02/2026,cust_wzqs3fg,Nandini Fernandes,400065,245400,paid
order_sq50e8wrtnv88z,20/01/2026,cust_xis3sqw,Nandini Gupta,560029,100100,paid
order_m2zkbmzhxnqief,28/03/2026,cust_owoxlue,Fatima Fernandes,560088,130300,paid
order_2e5cu06m03rjoy,12/02/2026,cust_luvp4hg,Joseph Joshi,110086,240700,paid
order_dyb17k4ol28swq,06/01/2026,cust_hx1qyao,Nandini Chatterjee,400035,130300,paid
order_8r5b4efzs94sra,30/01/2026,cust_vk3uwh9,Meera Khan,400076,218900,paid
order_mh91cibm9hiq86,26/02/2026,cust_w9py3vk,Harish Kulkarni,400080,61600,paid
order_7cwnf7p4udpmxr,13/02/2026,cust_ib3ce0b,Vikram Desai,560087,50000,paid
order_8h1pq014994w8t,05/03/2026,cust_xk8hlcj,Nandini Joshi,400016,46900,paid
order_0jhh9gw3mwmy2n,08/01/2026,cust_jimt277,Rohan Joshi,560096,122800,paid
order_9kqbl2sxiou5c3,14/03/2026,cust_9rauw1w,Lakshmi Khan,560079,65300,paid
order_r78p9030368hgs,22/01/2026,cust_daalkuk,Pooja Khan,110089,59900,paid
order_2fx022e3qyjwjz,16/01/2026,cust_eeuj2o5,Ritu Joshi,110001,65700,paid
order_bi0hohqakusfft,25/02/2026,cust_0memiyw,Manish Kulkarni,400030,665100,paid
order_o6fne3gtpt07ts,05/01/2026,cust_7tmhg7h,Rohan Desai,600046,142200,paid
order_t2424ep8hxwgzt,06/02/2026,cust_dsq6wo6,Karthik Patel,560012,436100,paid
order_fpuuyh25hsrpn4,30/03/2026,cust_ae6tcxe,Siddharth Desai,411028,462800,paid
order_1nmh89kykn4ue9,20/02/2026,cust_ocilk4n,Sandeep Kulkarni,380014,55400,paid
order_y6yyrjei2wgknb,07/01/2026,cust_b8sfrhk,Imran Menon,600037,55400,paid
order_woy3skurkrpu2i,09/03/2026,cust_arkkp86,Kavya Desai,600108,87300,paid
order_79z37lbnnrojc6,26/03/2026,cust_tgyqawq,Sneha Chatterjee,560077,119300,paid
order_2k2bje0i6wekpi,10/03/2026,cust_g86qbba,Meera Joshi,560033,80000,paid
order_7d9wjmi8vnpews,12/02/2026,cust_c391qv8,Rohan Gupta,110053,324300,paid
order_4hoanjd6zrtx82,20/01/2026,cust_e02hz1r,Pooja Reddy,700048,120200,paid
order_oij06oq37kptk0,19/02/2026,cust_2qqktje,Karthik Iyer,500066,182200,paid
order_jpjyprhhljwt1a,15/01/2026,cust_nqfb5zu,Rahul Nair,500009,89200,paid
order_lzfrvrzv4x2m7z,28/02/2026,cust_tgcgt8l,Siddharth Sharma,500036,59400,paid
order_rgli7kzrgbxkxa,02/03/2026,cust_ma5t8ob,Kavya Desai,400081,57900,paid
order_wnh3hu7lbo3d8d,11/02/2026,cust_yw3zeuj,Sneha Patel,411049,197100,paid
order_g51iisnelay5qd,23/02/2026,cust_6awsall,Pooja Kulkarni,560081,68600,paid
order_k1f5ssy9k08fcr,15/01/2026,cust_88d1jzx,Karthik Desai,110055,75300,paid
order_uy0f21yka6ypq9,04/03/2026,cust_mq0k7yf,Meera Khan,560064,33600,paid
order_mrgeay5jmz5t6v,22/02/2026,cust_w00qiab,Anjali Mehta,110067,308400,paid
order_f7clp5g16rks5l,24/03/2026,cust_5s8p097,Lakshmi Chatterjee,411045,107900,paid
order_2ynz68je844grr,10/03/2026,cust_vjsyqlv,Imran Menon,600043,48500,paid
order_fyofduvtt5uo57,03/03/2026,cust_d25weiy,Aarav Chatterjee,380010,55000,paid
order_qjxgl6vbahrhp4,27/01/2026,cust_s6e5sk5,Fatima Sharma,600089,86600,paid
order_yvqitdwlu0w5u6,01/02/2026,cust_nvljv7g,Vikram Patel,380039,59400,paid
order_pfpbr7hp0pzl0x,28/02/2026,cust_q5rtijy,Pooja Reddy,600066,237400,paid
order_6is3xz2ftuj6i6,16/01/2026,cust_iroli1q,Manish Sharma,110072,145900,paid
order_5mdyoxil9gvxsg,16/01/2026,cust_z5cxoog,Vikram Gupta,600107,674300,paid
order_f0twqyg5f6i7ss,14/02/2026,cust_lgpxdbu,Anjali Patel,411047,280600,paid
order_lb6yk0zuvm02vv,06/03/2026,cust_133l1y5,Fatima Fernandes,560016,128000,paid
order_e44dwuxxhlxkdu,22/01/2026,cust_251lc3h,Rohan Menon,400035,198200,paid
order_fjl6y3pmvduycw,30/01/2026,cust_zy6cdnz,Fatima Reddy,380009,136400,paid
order_jiwthd841ojr93,16/02/2026,cust_te0t46g,Fatima Khan,400038,134800,paid
order_w70bz7jeq6t751,04/01/2026,cust_0t29xh0,Ritu Kulkarni,411007,65900,paid
order_b1xba50bm7brs3,19/03/2026,cust_bwmg6ak,Pooja Menon,500080,73300,paid
order_8ujc526nei45ky,02/01/2026,cust_9a6xa1l,Arjun Bose,400092,102900,paid
order_d5ujo60fqn3egt,16/03/2026,cust_g7rjqr9,Joseph Chatterjee,560052,534900,paid
order_9yd3buucpnw1xd,01/03/2026,cust_l2ip42n,Rohan Pillai,600053,56900,paid
order_hdifu1upjnoyn8,31/01/2026,cust_jsoyksu,Joseph Sharma,600016,125200,paid
order_d7kfe8eurt204e,24/02/2026,cust_inejhd9,Kavya Menon,600095,60000,paid
order_gh326z6rspqryc,31/03/2026,cust_sjn6zdo,Siddharth Pillai,500039,56400,paid
order_md00hd3m5bo6ut,14/02/2026,cust_or9q37j,Arjun Menon,560092,64400,paid
order_vcmi58tblad7c0,06/02/2026,cust_qwrxe22,Rahul Mehta,560062,33900,paid
order_tb2q8c2d25krua,07/01/2026,cust_kqh1asp,Nandini Bose,560020,67900,paid
order_3cc7vobxxyluka,04/01/2026,cust_gml6l0o,Pooja Patel,400035,116400,paid
order_qda3pkzhnc2lev,30/01/2026,cust_rzs90g1,Meera Reddy,560046,184400,paid
order_khg6xgcxpzd686,24/02/2026,cust_g4pbtxz,Rahul Patel,400054,50300,paid
order_j7qjm09c9ebjeq,08/02/2026,cust_mkypelk,Divya Desai,400068,147600,paid
order_xar4t9j2xh5fsu,13/01/2026,cust_s3nf9v6,Arjun Rao,400064,64300,paid
order_fqw9pad5mzfa1u,01/02/2026,cust_fdr65lt,Rahul Sharma,110051,133700,paid
order_330rc083iwvt9b,25/02/2026,cust_0q5vb79,Vikram Rao,110070,99900,paid
order_h81m865c7m02zm,04/02/2026,cust_3xp581e,Ritu Pillai,560031,80500,paid
order_8xp6gv7uay8j17,23/01/2026,cust_quaqst8,Pooja Fernandes,560040,178300,paid
order_xng9ppj4o1ghza,23/03/2026,cust_gpgg01n,Rohan Bose,110050,66200,paid
order_xtc51w3hwbhlx3,29/01/2026,cust_37g0j5y,Kavya Iyer,682032,130600,paid
order_b8thwl8n2q85gh,12/01/2026,cust_la5yymq,Arjun Desai,400050,131500,paid
order_0throrzumjktfl,02/01/2026,cust_z9qj57i,Kavya Iyer,400030,140000,paid
order_hgqgzpjvhd77v3,07/03/2026,cust_y6d9dy7,Karthik Kulkarni,560055,185300,paid
order_bcy9pv0o264uv7,19/01/2026,cust_83k3sbv,Karthik Iyer,411029,205000,paid
order_zk5vxekbv6tf8s,02/03/2026,cust_clx0a7a,Joseph Reddy,400015,129600,paid
order_8qqpmyhc5ez773,10/02/2026,cust_amcdl4s,Divya Joshi,500017,34200,paid
order_st642vl6gcai7b,05/01/2026,cust_hsxxqh9,Tanvi Menon,110085,663800,paid
order_isvyhk6af8uv3h,07/01/2026,cust_4vmooic,Anjali Bose,500011,78400,paid
order_6oit62540rhwis,08/02/2026,cust_r2wba4j,Divya Rao,560007,272600,paid
order_twzhfmulxu1u47,27/02/2026,cust_modmizq,Ananya Menon,110090,336400,paid
order_itvgrf4auaxs4z,03/01/2026,cust_nfuh8dq,Karthik Kulkarni,400006,480500,paid
order_p3x1wpthj9nceg,05/01/2026,cust_vk35y3v,Harish Pillai,400066,205200,paid
order_lc33s6wvztjmks,11/01/2026,cust_oz8rzyj,Fatima Menon,400008,141200,paid
order_veb0fl0chfx6yf,21/01/2026,cust_7vrlxwz,Fatima Desai,500024,131900,paid
order_y10ckbq5xym750,01/01/2026,cust_vxtf1hw,Nandini Khan,560035,291700,paid
order_rboouy4cs7wdue,22/03/2026,cust_jcxaox7,Manish Chatterjee,400026,31200,paid
order_wdw7i5ui4cxe2a,27/02/2026,cust_1gu9ur0,Priya Nair,560021,618700,paid
order_x2zg7plj0t3c6k,02/02/2026,cust_nqwshye,Imran Patel,400070,51000,paid
order_h3hmysvopow1sn,02/01/2026,cust_j54a0lu,Tanvi Khan,110012,124300,paid
order_1vna4a9hh4aj3z,24/03/2026,cust_g8yclxr,Kavya Joshi,400037,141700,paid
order_108m8i9dc3s1cs,22/02/2026,cust_t61l1f9,Nandini Patel,560031,122500,paid
order_489nghnb42763g,23/03/2026,cust_1675c23,Siddharth Bose,560077,106900,paid
order_uxpzlmvrb49eyq,04/02/2026,cust_iotwk45,Ritu Pillai,560015,46600,paid
order_j3shnzhuzimixi,19/02/2026,cust_iz6g44t,Ananya Mehta,400053,340200,paid
order_13nlcbp1ut30zi,27/01/2026,cust_3a821a1,Imran Fernandes,500088,60300,paid
order_1hty9jvpktnpoq,10/03/2026,cust_1s5tngk,Rahul Iyer,560093,40300,paid
order_wt6qptnoki1g8b,22/01/2026,cust_3pvdvm3,Divya Rao,400100,467600,paid
order_idqmia6ju7eclc,31/03/2026,cust_yn5btri,Arjun Fernandes,600047,147900,paid
order_oxe8nmoi1cn1d2,01/03/2026,cust_wjenoat,Aarav Iyer,380031,294400,paid
order_uxig7j64qwcz8x,05/01/2026,cust_lky4hqb,Nandini Kulkarni,411054,76900,paid
order_kjioi052z3eye5,25/02/2026,cust_a8feqp3,Tanvi Menon,400097,57200,paid
order_obx82mma4w8fhe,30/01/2026,cust_cdvbebg,Harish Khan,411049,302600,paid
order_4t17eqaj60wjj0,12/02/2026,cust_la0qyyu,Sandeep Sharma,560079,326100,paid
order_84ysy4jjhqakq1,05/01/2026,cust_xas3f15,Karthik Chatterjee,400075,113400,paid
order_4gejwy2el6xn17,07/03/2026,cust_swbj100,Manish Rao,400072,76300,paid
order_nki9lp4rrnoxku,07/03/2026,cust_k7cr49j,Harish Fernandes,500073,125600,paid
order_sx99vv56lnaty8,19/01/2026,cust_xatwjt4,Anjali Bose,110013,40800,paid
order_10ge723hjzhhbb,17/03/2026,cust_0aybsj5,Rohan Desai,110052,134800,paid
order_g1bz0ogdeam9rd,23/03/2026,cust_21sga0b,Vikram Sharma,110027,147000,paid
order_jrg5t5wbv34ton,25/03/2026,cust_k72yi7d,Ananya Chatterjee,500069,172200,paid
order_rnwynpkuywb0p1,02/03/2026,cust_5inj16c,Imran Iyer,400032,82500,paid
order_ock7wnclt68y35,27/03/2026,cust_mzptl7e,Lakshmi Menon,110076,95400,paid
order_3am1mei5qqtpak,06/03/2026,cust_gcatm8s,Priya Pillai,400035,837000,paid
order_656o9fxsv59ffw,14/01/2026,cust_xvve7ki,Kavya Patel,560027,69700,paid
order_wft9jxcathispe,22/01/2026,cust_suoz0kq,Tanvi Fernandes,560015,53300,paid
order_t1qu959dex39qy,16/02/2026,cust_1qfzl7p,Aarav Fernandes,560023,68200,paid
order_a29yxfjzbg0sfj,18/03/2026,cust_y49vgan,Karthik Mehta,500017,131000,paid
order_cf1utj4i3a7y5k,26/02/2026,cust_z51m45f,Divya Gupta,500066,57800,paid
order_ihq6uyshvzuu73,07/03/2026,cust_v40m87h,Sandeep Patel,400023,47400,paid
order_t0b1k8km171zp8,16/03/2026,cust_w8t7x0z,Pooja Rao,400039,75200,paid
order_wr8y06p70j9csi,11/01/2026,cust_lnh6jek,Siddharth Sharma,380024,111600,paid
order_e90cybls8f342y,29/01/2026,cust_ayz8xjn,Divya Menon,560048,73000,paid
order_ec6bkpe64itsw2,28/02/2026,cust_6vqt0v4,Meera Bose,380060,136400,paid
order_11ghkqsm2oullr,26/02/2026,cust_moudo43,Joseph Fernandes,110081,458700,paid
order_jzza5tl7r0mdlt,31/01/2026,cust_3zre11w,Rahul Fernandes,380004,76800,paid
order_01saa790wy5b6n,15/01/2026,cust_dw25bbp,Rohan Rao,682002,43600,paid
order_roslxclnz1o2hw,06/01/2026,cust_nn8fv8e,Tanvi Patel,700068,129400,paid
order_spdot77l929zro,10/01/2026,cust_etv9lb3,Pooja Iyer,500056,110200,paid
order_ge6kcc5y97rkhm,13/01/2026,cust_ce0hfts,Ritu Pillai,110073,117300,paid
order_1nmlmrnflj5doa,27/02/2026,cust_6jz1nyh,Siddharth Fernandes,560022,139500,paid
order_j1kjmk7jkdmy6p,30/01/2026,cust_k64lnoc,Karthik Gupta,560028,452800,paid
order_zd0fnzn8urgwbi,20/01/2026,cust_27bx4yd,Priya Iyer,560022,877100,paid
order_y5rk5equcn2xt3,22/03/2026,cust_i5zh6dx,Lakshmi Bose,400082,52300,paid
order_hyw21gmhjiz5sd,22/03/2026,cust_wf3kkc1,Ritu Bose,411033,46100,paid
order_ke195zmjlr3hnl,11/01/2026,cust_xbi8zhr,Imran Fernandes,500044,275500,paid
order_1lkuq2s0jjhc0n,27/02/2026,cust_qk9yjgf,Vikram Iyer,110048,140300,paid
order_0zh31tyd2bai3a,11/03/2026,cust_f7i6qot,Meera Kulkarni,560018,74400,paid
order_obbws7ertlscvu,29/01/2026,cust_8wzmt4s,Priya Pillai,560008,186400,paid
order_slm1lpflniqz1j,13/02/2026,cust_dajo9pc,Fatima Pillai,400004,112000,paid
order_3wpevfvg14ngg1,13/02/2026,cust_i6orujg,Divya Rao,302022,67100,paid
order_w4gzh0umv8o7pj,20/03/2026,cust_j2q6tpg,Siddharth Pillai,400057,89200,paid
order_uxcs4qshnshs9m,09/03/2026,cust_ip85b9t,Sneha Menon,560010,122700,paid
order_bfu2akaidxu748,23/03/2026,cust_ta7avj3,Ritu Gupta,400026,44200,paid
order_34r8p2l1w21bn7,07/02/2026,cust_jl362b3,Priya Gupta,400085,106800,paid
order_em1yzqm0p1nzx0,04/03/2026,cust_8yuewmi,Manish Khan,560079,221600,paid
order_eobr5jg5zhok29,06/02/2026,cust_cguzef5,Vikram Gupta,110049,149100,paid
order_ae8ma8zm471n9z,17/03/2026,cust_awaa0j9,Fatima Khan,110075,743500,paid
order_g7cegmj1aqafag,15/03/2026,cust_wzgg4ol,Rohan Menon,110033,140900,paid
order_f7g2lxpbj83npx,31/03/2026,cust_915l3sc,Priya Kulkarni,400027,67200,paid
order_5g5o4dplktw39d,26/03/2026,cust_4iqgfk9,Anjali Nair,600114,72600,paid
order_jl9vjstuncjovg,11/01/2026,cust_fpu8ca7,Sneha Desai,700082,847700,paid
order_ml2mpsfidxz52b,14/01/2026,cust_xmkmcxu,Manish Bose,380056,132200,paid
order_b4qe4yutmi8su7,03/03/2026,cust_c8asahr,Sneha Gupta,110019,65000,paid
order_0sdzu2cn0e6oos,07/02/2026,cust_k9bzv6s,Lakshmi Khan,411056,289100,paid
order_e3wyh0zavlqez8,07/03/2026,cust_bbsou4e,Ritu Chatterjee,400006,132200,paid
order_r9d1iwlt8nucxy,08/01/2026,cust_ux75bhx,Anjali Chatterjee,400043,75700,paid
order_hogs3eo5zj3vxu,05/02/2026,cust_w27lmcy,Pooja Mehta,400060,129500,paid
order_6yaldld3hz0j4a,09/01/2026,cust_7465g3f,Imran Sharma,560001,34800,paid
order_y0gkt5ny5lanll,16/03/2026,cust_xmu67f1,Aarav Kulkarni,400035,100200,paid
order_hgkqsmm00dlccr,28/01/2026,cust_hcbhp0n,Tanvi Gupta,560066,278300,paid
order_f01tsub8zf8fh7,01/03/2026,cust_bau8cby,Rahul Kulkarni,560088,43300,paid
order_v5r9lm1z7ghk2k,16/03/2026,cust_0j29mq7,Ritu Kulkarni,560048,286400,paid
order_sgs8ju3cg43yp2,18/03/2026,cust_8viy34l,Nandini Reddy,411037,256700,paid
order_mzfxxwg0rdxqdw,30/01/2026,cust_a5fpmvy,Ritu Fernandes,700147,30300,paid
order_xm83196vj08nac,14/03/2026,cust_snw8bca,Anjali Patel,700131,52100,paid
order_mvn57o2bzyiux8,20/03/2026,cust_wv34z9n,Fatima Gupta,400087,32500,paid
order_pmggkkgwvdig5f,20/02/2026,cust_lauk3x0,Arjun Joshi,400060,84000,paid
order_855ezq7lnixn53,29/01/2026,cust_prh9ttr,Lakshmi Rao,400052,380500,paid
order_e0xutr4yecgjlb,19/03/2026,cust_krjjs6v,Nandini Menon,560019,108400,paid
order_u072fmr8kc62qw,25/02/2026,cust_965di32,Karthik Menon,400056,63400,paid
order_c3yp0fzda4fqw7,10/03/2026,cust_wd1z34l,Nandini Desai,400044,143800,paid
order_8rxyiusumqu6zk,01/01/2026,cust_iaz4aae,Lakshmi Desai,400037,100900,paid
order_yxm5lefayd5klk,18/02/2026,cust_8urepqy,Priya Menon,500037,35800,paid
order_z6ik2ivl7oxppq,19/03/2026,cust_yzes1eu,Anjali Sharma,110014,34500,paid
order_ahsr0592q1hrhg,09/01/2026,cust_ovv9d4c,Joseph Pillai,560053,54200,paid
order_l9va3dpvkoejrr,31/03/2026,cust_i15wk4k,Harish Chatterjee,500086,62100,paid
order_ve1rdgwr77svef,11/02/2026,cust_rnmx9p2,Sandeep Joshi,560006,61700,paid
order_xrwmkyy7z1hd5b,17/02/2026,cust_9bqzc74,Karthik Pillai,380062,76100,paid
order_hhnhgjd4urbc4t,26/03/2026,cust_nnlkyyg,Imran Joshi,400035,466900,paid
order_zgu15r26b5mfaq,09/03/2026,cust_m57u6yc,Rohan Chatterjee,560043,165800,paid
order_dy671cfzfawbjp,13/02/2026,cust_wucja1s,Fatima Khan,600078,73000,paid
order_x9hsnqii37ll0d,05/03/2026,cust_japzmpj,Vikram Rao,500046,599000,paid
order_40lm69vrkumnzm,31/01/2026,cust_ykbrzqw,Sneha Mehta,110016,54500,paid
order_6ucbmbgknm5kj3,21/02/2026,cust_q31zfo7,Divya Fernandes,600014,274700,paid
order_gpwp0wuyh757f0,07/01/2026,cust_95xvxwp,Divya Iyer,600043,689800,paid
order_p9rnq9psc6o7fg,07/03/2026,cust_n923cw9,Priya Fernandes,411010,50100,paid
order_dkkrupl0cvol3s,13/02/2026,cust_ek5ukoo,Divya Desai,400051,101800,paid
order_0t3g0y92wnw5hk,16/03/2026,cust_dtkd1u7,Imran Chatterjee,400079,757400,paid
order_tyrx4n1hg58rj5,07/02/2026,cust_walg6pk,Kavya Joshi,110006,40600,paid
order_jy0f1auk3bc1e2,31/03/2026,cust_vr7i40b,Imran Chatterjee,500047,202100,paid
order_kor62fj5vs67i6,28/01/2026,cust_qflvgfd,Meera Bose,500006,68700,paid
order_yccxnhte9f51uj,20/02/2026,cust_cf286wn,Aarav Sharma,700062,194600,paid
order_z48r8n8why3j1l,04/03/2026,cust_f826pbe,Sandeep Desai,110043,98600,paid
order_cikpgs2vjwzdqr,02/02/2026,cust_zb9aqqe,Kavya Chatterjee,110090,75600,paid
order_puuya0an3l66bb,06/01/2026,cust_fxfa67m,Tanvi Sharma,411021,39800,paid
order_wpvt59vq6z9d08,06/03/2026,cust_9etm2wk,Tanvi Pillai,110035,113500,paid
order_y0zahrdcnb2aa2,03/02/2026,cust_p0tlo9e,Tanvi Menon,110070,35100,paid
order_27d1vsio4ykw4j,26/03/2026,cust_gqgsnln,Nandini Pillai,560001,141300,paid
order_8xipdc9k8ivlp7,16/02/2026,cust_ordunto,Rohan Sharma,560009,61600,paid
order_swye6z5wfuhhwe,26/03/2026,cust_98y25ku,Sneha Nair,411057,61100,paid
order_nlaksbhcv3tyzx,07/01/2026,cust_lzg660u,Tanvi Patel,500009,42100,paid
order_js5nw0zy1u2m0w,25/02/2026,cust_tfadrik,Rohan Patel,110064,100800,paid
order_6zso6f9civ8gwi,24/02/2026,cust_gdghkj3,Divya Desai,500022,38300,paid
order_d4tzozsjm00m8m,19/02/2026,cust_bghyw5z,Kavya Bose,400034,117900,paid
order_xmszxbxiiy7h5a,02/01/2026,cust_tuqhyc2,Rohan Mehta,400063,41500,paid
order_uhg3gpjzl47kkx,16/02/2026,cust_g1ol1le,Harish Bose,560079,129200,paid
order_0z3r3nip4a0lz5,05/03/2026,cust_shkz3tp,Fatima Khan,600055,86400,paid
order_kt5vr56dou2nsy,27/01/2026,cust_bqslsqs,Rahul Reddy,400020,41500,paid
order_zy6fxdwsm4ty3l,26/02/2026,cust_a6pd95u,Sandeep Desai,380006,40200,paid
order_d9rek2afw2dy3g,06/01/2026,cust_w9fy478,Ritu Bose,560042,33900,paid
order_eim7kwrcpf0re6,04/02/2026,cust_rh5mbxd,Nandini Chatterjee,380002,141700,paid
order_6zwlrdta0i8k05,30/03/2026,cust_pn0bwkz,Meera Rao,400099,286200,paid
order_t9nqlvwm27sg6d,16/03/2026,cust_pozgird,Joseph Kulkarni,110093,189700,paid
order_fmgb2o1kiteji8,06/03/2026,cust_crc0yfo,Meera Gupta,411055,58000,paid
order_glo5ls50gh1mp6,12/01/2026,cust_zm4uqd0,Arjun Rao,302014,44600,paid
order_loncff3qof90mt,04/01/2026,cust_tc7p8hb,Meera Patel,411012,46300,paid
order_hf6drf7r1x81b7,24/02/2026,cust_bls32ev,Divya Gupta,500019,133200,paid
order_6bhkkacl9xv8fk,12/01/2026,cust_tkfuxvn,Aarav Menon,380043,38100,paid
order_b0z8d1oqxpphhs,25/01/2026,cust_vc7lgcb,Priya Bose,560080,124500,paid
order_45ur2398e9wpiz,17/03/2026,cust_ppfolf1,Meera Desai,500042,65600,paid
order_q1cx7fcsk99r8n,26/01/2026,cust_ci7py0y,Sneha Reddy,302012,96600,paid
order_hf3vrtn4pxrp24,19/01/2026,cust_3tsghd4,Siddharth Nair,560003,119000,paid
order_6ao9lhbj0b1ehm,15/01/2026,cust_8kwrf1d,Ananya Patel,400070,129100,paid
order_gepsgqlmogqz62,18/03/2026,cust_ws5nllh,Meera Joshi,400029,46700,paid
order_hy59grosyqdv3z,22/01/2026,cust_0jxjkr7,Pooja Iyer,560021,38400,paid
order_xgtjq9v49qvmvf,28/02/2026,cust_8rbiuc0,Ananya Khan,560038,35400,paid
order_m1y28a46l9t3c0,30/01/2026,cust_175eykt,Joseph Rao,110095,48400,paid
order_n9tdftcjfjvjqa,13/01/2026,cust_v4ul73i,Nandini Menon,400093,73200,paid
order_axx8mkh7f0y2y2,15/02/2026,cust_f9enevm,Lakshmi Iyer,400086,137900,paid
order_xgay7z1g4dt2eh,31/03/2026,cust_2ho1xiq,Sneha Menon,400007,287500,paid
order_1ihb457ilz0y5m,11/01/2026,cust_0sxdgxb,Nandini Joshi,380057,375800,paid
order_fw9ua13tgjng4h,03/02/2026,cust_op33uz6,Divya Chatterjee,411044,67000,paid
order_gu101i0u0zmr5x,18/02/2026,cust_t0wx1d6,Meera Rao,560023,50500,paid
order_58ys4c5pyzr5ew,26/01/2026,cust_arfsxhv,Sneha Fernandes,560070,254200,paid
order_b0e7pffdw81fe0,27/02/2026,cust_9vhnzee,Siddharth Khan,700019,75400,paid
order_7l7ni1gz556ors,31/03/2026,cust_uub5gwa,Meera Fernandes,411004,75800,paid
order_vjf3cdyre0m05g,11/03/2026,cust_08zz1n3,Anjali Menon,110048,104300,paid
order_7zewkn940hl8o5,09/02/2026,cust_6g6wf7a,Sandeep Nair,560102,53200,paid
order_a87dstq9gzui1u,29/01/2026,cust_6bz0lsc,Imran Fernandes,600117,92900,paid
order_ve46tx75e361qi,01/03/2026,cust_lkt16mv,Pooja Bose,400086,79400,paid
order_rzhmu08zcc542j,04/03/2026,cust_efx3aku,Ritu Menon,110089,120700,paid
order_3l90c8n47yj9aa,20/01/2026,cust_1kijs4n,Arjun Kulkarni,700022,63900,paid
order_spls6m15m8a96c,15/03/2026,cust_hg0aq1v,Joseph Fernandes,560020,253800,paid
order_ss4upjx4dbk4wn,08/02/2026,cust_zxnxeyu,Arjun Chatterjee,400090,53900,paid
order_pnjanmhu5frzmy,21/01/2026,cust_jpof4e5,Rahul Fernandes,400039,52100,paid
order_bzq3k1jn9jrvrf,31/03/2026,cust_cau2bdo,Vikram Kulkarni,400094,79500,paid
order_rq96s71uioax3i,31/03/2026,cust_3sdbdbu,Ananya Reddy,500091,47500,paid
order_9bgb2aox3td4wl,23/03/2026,cust_lplkjbr,Anjali Desai,302008,46300,paid
order_yeq1vk3zpctgn8,11/03/2026,cust_08jeifx,Priya Rao,110070,108200,paid
order_xb6q8cpae9uwdk,23/01/2026,cust_ac4kwip,Joseph Iyer,560026,179900,paid
order_c8k6wwk494pgsf,23/01/2026,cust_6yeo2h3,Sneha Chatterjee,560011,144000,paid
order_89hdvizrl6o9ak,15/03/2026,cust_egutdd8,Siddharth Desai,600051,120600,paid
order_rqg699929xdgh4,20/02/2026,cust_haoy4ez,Vikram Joshi,560073,127000,paid
order_9i730ep02fgsct,05/03/2026,cust_uyq4np4,Manish Rao,400063,32700,paid
order_zcdgyiqfyyicvc,30/01/2026,cust_ihxch4u,Lakshmi Joshi,110071,563200,paid
order_1n2nndr5x9h835,02/02/2026,cust_89r3fui,Rohan Iyer,700136,769600,paid
order_fhoxt74tcpuff8,21/03/2026,cust_conxe14,Arjun Sharma,110010,136800,paid
order_di15btqan8kdbm,22/01/2026,cust_qln2qto,Sandeep Kulkarni,600081,92300,paid
order_11fiq0bn9dtsu7,08/02/2026,cust_vskviz7,Arjun Gupta,500064,59400,paid
order_w9nmeo2x5as6rq,24/03/2026,cust_h2p55bv,Lakshmi Fernandes,400065,83300,paid
order_e2epelzm5nqhzd,06/02/2026,cust_unr5z0s,Fatima Fernandes,560070,47700,paid
order_p2vlwux4q5fwu5,15/01/2026,cust_desa7mx,Imran Mehta,700022,440600,paid
order_5mash9w20lyvya,12/03/2026,cust_q965jed,Divya Sharma,110077,123500,paid
order_hqlddc6l0dsuc4,28/02/2026,cust_70ntdup,Ritu Nair,560066,65200,paid
order_ajx4dhn9idvzdu,22/01/2026,cust_iylibxk,Tanvi Chatterjee,411042,36000,paid
order_gp7ztm2e8zr54h,25/03/2026,cust_k1wtij7,Divya Chatterjee,110020,93800,paid
order_cby397hv598zs7,10/03/2026,cust_y7sp1ck,Joseph Iyer,110016,55400,paid
order_r6jpa8dz4ikov4,26/02/2026,cust_krhq85w,Anjali Rao,400030,70300,paid
order_gdar7070jdj82a,31/01/2026,cust_yezdjuy,Vikram Reddy,560085,63300,paid
order_kpcrin9is7he2y,01/03/2026,cust_7x3zgru,Rohan Mehta,400025,324400,paid
order_xanup1it5x59b9,28/03/2026,cust_3zw1m5j,Nandini Patel,380023,197700,paid
order_f4c39natom4dqx,04/01/2026,cust_olxgcg0,Anjali Mehta,110069,493100,paid
order_qgo64o0ykc1inn,15/01/2026,cust_5pi4n1j,Ritu Reddy,500006,281700,paid
order_j4wcxwhihm1qvm,14/02/2026,cust_hpok12d,Pooja Patel,400067,60000,paid
order_pb1pzw9r1xglyr,22/01/2026,cust_m9z4u65,Fatima Pillai,411054,143100,paid
order_z8cvjeoi8hkikh,29/01/2026,cust_bsat4tq,Arjun Patel,682005,347900,paid
order_ghvgqi59h3b44p,21/02/2026,cust_cw189z7,Karthik Sharma,400043,67700,paid
order_3eiuu9c2dw3zjh,07/01/2026,cust_kfyfq26,Manish Bose,302016,296200,paid
order_kn0y0cz0f6i04p,13/01/2026,cust_8gj7yvz,Nandini Iyer,400090,36000,paid
order_igm7x6wh88aiuc,29/01/2026,cust_vynublu,Joseph Chatterjee,411005,52400,paid
order_4s5felx0b7ggd2,09/01/2026,cust_e4be1f0,Rohan Desai,500011,581600,paid
order_ky22lugmvsweqa,17/02/2026,cust_ctacv1r,Arjun Bose,110014,46100,paid
order_8pdyk9ruriq1gd,06/01/2026,cust_gj2xpei,Kavya Sharma,560037,70800,paid
order_mf9ds2lkwxvspw,13/01/2026,cust_5b1vt5m,Pooja Bose,110013,48100,paid
order_ozsvsiigz226mb,19/01/2026,cust_u11s7dh,Kavya Sharma,560019,140100,paid
order_norsfnqn6u3wn5,30/01/2026,cust_k92nmr9,Fatima Kulkarni,400033,129500,paid
order_8ioy5q9x820asy,28/03/2026,cust_xt3mtl1,Aarav Sharma,302028,130400,paid
order_tnt88ga31ertn4,29/03/2026,cust_ktazhs1,Karthik Iyer,400060,76600,paid
order_1470vh7aigrzmi,07/03/2026,cust_mqlmq27,Pooja Chatterjee,500006,243900,paid
order_huete5cf51mh3q,08/03/2026,cust_1rke3qh,Karthik Iyer,500043,847400,paid
order_aljoxzju9egpks,12/03/2026,cust_b25w0o7,Imran Patel,400027,209100,paid
order_kyzuyup5i2m8hw,28/02/2026,cust_u69r8rf,Harish Rao,700144,134800,paid
order_m8pzr02wdarxwi,22/03/2026,cust_bbyq6ki,Ritu Nair,600098,119000,paid
order_cot4694bfa4dk3,23/03/2026,cust_u0u0qas,Manish Kulkarni,110028,65000,paid
order_hyjjlf5fort1gf,12/03/2026,cust_83uwi72,Meera Kulkarni,110085,91100,paid
order_ut88nvltdbtlod,18/03/2026,cust_9m2ut56,Siddharth Desai,500004,212700,paid
order_3b54uoal6rn6z9,11/03/2026,cust_wulun5o,Arjun Khan,600104,578700,paid
order_stzbig18u69ihd,31/03/2026,cust_k0baqy8,Siddharth Reddy,560069,259400,paid
order_2e7u3ndphzwegg,31/01/2026,cust_e8wpsmv,Vikram Sharma,500067,121500,paid
order_jyylvwgzyge2y6,28/02/2026,cust_79srldn,Nandini Gupta,700007,351400,paid
order_htvhp2iigscl1h,19/01/2026,cust_539if8e,Sandeep Menon,560044,76100,paid
order_6utz72llkqf7jw,27/01/2026,cust_fui7rmf,Meera Chatterjee,400002,224300,paid
order_8hkg9x4zbnz01j,30/03/2026,cust_fsy76e6,Vikram Fernandes,110034,39900,paid
order_anli031jcv9o8m,06/03/2026,cust_p5to098,Rohan Sharma,110084,31500,paid
order_8zr6hu0bn3189w,21/01/2026,cust_a8vaz5e,Nandini Chatterjee,500003,479200,paid
order_q1fygyysm5o1lu,02/02/2026,cust_2e6nn6b,Divya Fernandes,110043,38300,paid
order_baozcm3nwxtpl1,24/03/2026,cust_k0cw6ha,Meera Sharma,110061,775900,paid
order_bfz2tkk05mob6n,28/02/2026,cust_ea19m76,Ritu Chatterjee,400096,102900,paid
order_1kcxh3yfkldc46,28/02/2026,cust_d6op8kp,Ritu Pillai,400007,38800,paid
order_yeivau0oy28bxx,08/01/2026,cust_zqhxpzx,Harish Menon,400067,877200,paid
order_rkvkrlszpzkhp2,17/01/2026,cust_axqyfwn,Lakshmi Reddy,400039,47400,paid
order_0byp0btp75s001,13/01/2026,cust_pr0pxkn,Karthik Pillai,600022,53100,paid
order_rs00mcf5gzpwhs,24/02/2026,cust_vbkwb37,Ritu Patel,302034,285100,paid
order_96a2qeas50r0dg,26/01/2026,cust_soqc1b3,Joseph Rao,411015,49200,paid
order_obxyog0yeol465,19/01/2026,cust_zqyo0ci,Manish Iyer,400002,50100,paid
order_11fm6732qt0n3p,30/03/2026,cust_hb632lr,Ananya Mehta,400078,112500,paid
order_3rtdcjlls50i3e,23/01/2026,cust_uujvwos,Meera Menon,411048,145700,paid
order_3nmqp82hd8o3nf,18/01/2026,cust_10sdhag,Lakshmi Kulkarni,600117,39000,paid
order_mq1fi9sfh6d40e,27/03/2026,cust_p34cn2j,Lakshmi Desai,500071,95000,paid
order_p7kyjvquvsg18n,19/01/2026,cust_cuq3abh,Manish Patel,700043,577900,paid
order_peyy6mqw85aust,03/03/2026,cust_67p2l7e,Arjun Desai,302037,89200,paid
order_qozbkib2duysdc,07/02/2026,cust_xl4jjqg,Imran Menon,400040,37800,paid
order_0yq9i097a2m3o6,22/02/2026,cust_aipzveb,Sneha Gupta,500087,76800,paid
order_hglfgybgals6e4,29/01/2026,cust_wlo3pq8,Kavya Mehta,560092,172000,paid
order_5zna9w8mbxq5uy,27/02/2026,cust_d33f1is,Rohan Joshi,411045,188700,paid
order_43x5ueu959ijyq,12/02/2026,cust_ck3rgvb,Imran Reddy,560002,276300,paid
order_z1vf77i7w6ve07,24/03/2026,cust_k3scyqv,Manish Chatterjee,560031,44000,paid
order_tszfwo71kz4pce,27/02/2026,cust_meu9dn5,Pooja Fernandes,700049,163200,paid
order_ahmyb15fayycnk,13/01/2026,cust_6qcx204,Ananya Rao,400018,128700,paid
order_g7biv8gfp07d5j,30/03/2026,cust_533lr43,Ritu Rao,400040,64400,paid
order_ewsfcxd28jq95d,11/03/2026,cust_3vzj329,Arjun Rao,560072,54500,paid
order_s2lhffesu6ug8b,01/01/2026,cust_5f1lluc,Sneha Joshi,302013,305600,paid
order_b5c2gwkjcvaz7l,16/01/2026,cust_sgos3hw,Joseph Desai,500034,162000,paid
order_zj88tg8yqviump,25/02/2026,cust_qlbg025,Arjun Iyer,411057,58700,paid
order_k887mry7auyxs0,09/03/2026,cust_1zj14qo,Nandini Sharma,560095,79500,paid
order_h2tgxx0zaohirf,15/03/2026,cust_h9piien,Nandini Reddy,400026,144100,paid
order_4pjkpwfubxzzxw,31/03/2026,cust_ev1ddz9,Sandeep Chatterjee,600043,38500,paid
order_8aqppdeve56xcq,24/03/2026,cust_9jn8p3t,Divya Kulkarni,400004,77600,paid
order_b6ztgmc4qoqbv7,16/01/2026,cust_090ndv7,Sandeep Pillai,110015,124100,paid
order_tpalr5sgs28lrc,10/01/2026,cust_2z5ciqi,Arjun Kulkarni,110031,81700,paid
order_3t7losk1qth21d,17/01/2026,cust_0zqbqwt,Lakshmi Pillai,500075,134600,paid
order_bimtv0p3p6bdna,30/01/2026,cust_dmybroq,Sandeep Kulkarni,560059,189600,paid
order_7rxv8oxlifx0xf,08/02/2026,cust_ykhcplf,Fatima Chatterjee,380022,326900,paid
order_8gxr6wnvk98w0g,12/01/2026,cust_6alhcm5,Priya Iyer,380061,45600,paid
order_2qlk4gi37m5xhv,05/01/2026,cust_25os09n,Nandini Patel,400012,105300,paid
order_3vwdud65jpdv9p,25/01/2026,cust_kvp7xj6,Meera Iyer,560100,131400,paid
order_533v26gv4x0kq5,26/02/2026,cust_p0r1i6a,Karthik Iyer,560011,101100,paid
order_l1x42jbxps7uyt,06/01/2026,cust_jx3fdrz,Sneha Desai,560098,47300,paid
order_470yi78avnh0tc,01/02/2026,cust_xkspo0r,Priya Mehta,400084,117400,paid
order_ri5r04wpu88nhw,23/02/2026,cust_uqxsjvs,Ritu Reddy,560036,111500,paid
order_x7snr3sdf4omxr,26/01/2026,cust_5hgnm8o,Sneha Gupta,600050,470300,paid
order_05tnax95p59i9u,05/03/2026,cust_antbvoh,Siddharth Iyer,110085,218900,paid
order_s1ce8vs16a9ggc,03/02/2026,cust_ln5our2,Meera Pillai,700025,131000,paid
order_tec0xz0u96l4gl,23/03/2026,cust_vym1xwg,Ritu Iyer,600119,240800,paid
order_lw61awy6nfveni,02/03/2026,cust_67tgap0,Sneha Nair,400025,133700,paid
order_6wbtzgxa9lzr97,21/01/2026,cust_61tcq9x,Nandini Menon,110029,87700,paid
order_i2njig1exfmjy8,19/01/2026,cust_9srn5i0,Divya Menon,500048,50300,paid
order_al6j0qukfuemm1,15/01/2026,cust_lj0u4he,Aarav Chatterjee,411029,199100,paid
order_84uk2b92yq1p28,25/02/2026,cust_20ju50x,Tanvi Khan,411008,96900,paid
order_5gzs2nqk9j9tgk,21/02/2026,cust_bkr2eiy,Joseph Khan,411055,99300,paid
order_vicqgzj7hd4lkg,05/02/2026,cust_cr5ep8r,Karthik Gupta,700109,110200,paid
order_fl4u0ta8ofrf5l,15/03/2026,cust_lienpjo,Sneha Rao,400055,49300,paid
order_mb0ek5b5crjozx,17/01/2026,cust_d3xuhqx,Karthik Patel,400095,269700,paid
order_zi0db9m7e84pfb,25/03/2026,cust_9znmhwr,Meera Mehta,560009,150300,paid
order_medoqcrxel9uq2,06/01/2026,cust_5enrrj9,Tanvi Mehta,700116,129600,paid
order_vetznmdyd22olj,18/03/2026,cust_sf7fmc2,Rohan Kulkarni,682035,105800,paid
order_24k3rlevyzushe,07/03/2026,cust_mfn0hkj,Meera Fernandes,110083,86100,paid
order_0d5vlp7rzsuimm,27/02/2026,cust_40gr8yz,Karthik Fernandes,682023,136000,paid
order_4qxwjdi6jwn5c3,27/02/2026,cust_15rnbp5,Rahul Reddy,110014,132000,paid
order_n4s5d8se4q4dr7,22/03/2026,cust_rj9ez7d,Arjun Reddy,400056,81700,paid
order_a7xd3djayf7k8a,31/01/2026,cust_nakpd5b,Lakshmi Chatterjee,560091,140900,paid
order_6l9quc0r94ipne,31/01/2026,cust_xdjndrx,Harish Pillai,110010,50200,paid
order_1bd9l016m0l65h,17/01/2026,cust_f9f7s8g,Joseph Menon,400090,100100,paid
order_ch4fk8howt65dd,01/01/2026,cust_xibznum,Sneha Nair,110067,174100,paid
order_uuj6zc5w73dk49,19/03/2026,cust_80uloth,Rohan Mehta,400094,646100,paid
order_5sv6y9aqmpcevv,16/01/2026,cust_j5aqxan,Aarav Rao,400067,132200,paid
order_nxz1a96ngjwase,26/01/2026,cust_hd9vbrz,Tanvi Nair,600096,277900,paid
order_b8oxje0fi89n6k,10/02/2026,cust_ft0fyn6,Tanvi Rao,560052,33000,paid
order_1dj6gd3uv03mqb,10/03/2026,cust_y7uf3o9,Aarav Joshi,110085,123100,paid
order_gt9wg2tq8htp57,27/01/2026,cust_qevxrhl,Manish Desai,110041,169000,paid
order_klyg4w62m18yn2,17/03/2026,cust_jubh96z,Kavya Patel,400095,53600,paid
order_hwl0xm3ywj4e8a,30/01/2026,cust_sy5n8wb,Arjun Nair,560074,284800,paid
order_66qt0qyh2x1b6d,12/03/2026,cust_u464bmx,Siddharth Iyer,560042,168400,paid
order_5gvqw4axj1f4km,30/01/2026,cust_4ucjwt2,Ritu Menon,600065,73500,paid
order_hpxeswx9vi9k9k,24/01/2026,cust_cgxczer,Fatima Patel,560037,231200,paid
order_raid3c1g2b301n,28/01/2026,cust_31fwbfx,Fatima Menon,380030,59100,paid
order_qd2l44donov3si,23/03/2026,cust_lc4fo3r,Siddharth Chatterjee,560046,121900,created
order_tlynnb2ij7bm9b,23/02/2026,cust_97q48tk,Fatima Desai,560099,781700,created
order_jva3qz8gxrls0c,01/01/2026,cust_v16jn6c,Priya Khan,110055,130800,created
order_dcwphob9x79pkt,24/01/2026,cust_yyaql0c,Rahul Pillai,411030,542200,created
order_d92gmlbdfd9fjq,12/02/2026,cust_znib6oc,Aarav Reddy,560075,66200,created
order_p56vwf6qupck9p,10/02/2026,cust_udvafck,Aarav Khan,110005,100400,created
order_28bojmcibnk3j3,27/01/2026,cust_lho73tl,Arjun Gupta,560026,42500,created
order_amahq23gsy7i8f,10/03/2026,cust_5vtslat,Pooja Chatterjee,600035,101400,created
order_wmcio0dx4br7ur,21/01/2026,cust_vvernmz,Sandeep Desai,600017,659000,created
order_ru7ayyt9vgjdfn,09/01/2026,cust_h22ruqn,Ananya Menon,400060,55200,created
order_dbpbk3xai4qjy9,28/01/2026,cust_y4lgm64,Divya Rao,560017,233100,created
order_e07jy8cj6a0m6i,27/02/2026,cust_2eb1n81,Sneha Khan,500055,107300,created
order_1eb5b56ipe1j63,16/03/2026,cust_l4mv5m9,Karthik Bose,110081,76500,created
order_g2uajt6uix7qy4,13/02/2026,cust_za8ymt6,Priya Iyer,110076,121700,created
order_jzs83heuxa6ndl,21/02/2026,cust_z6qjjno,Ananya Reddy,560081,53900,created
order_dh7p53iorxp9hc,18/01/2026,cust_6wx3x01,Fatima Iyer,380053,51400,created
order_nwuhqgaevojfkz,07/01/2026,cust_ibrseag,Manish Joshi,400094,124000,created
order_t2heo3ch55amf7,28/02/2026,cust_kvvlqal,Lakshmi Reddy,700115,109500,created
order_op43ljfgqrrf87,30/01/2026,cust_cxlos7p,Manish Reddy,600072,73700,created
order_vbuv2519ciosnu,21/03/2026,cust_9hkkln2,Ananya Bose,500014,508200,created
order_uj1wyl41u1v3zt,18/03/2026,cust_u61j6kk,Vikram Joshi,400071,374800,created
order_vtuutdbjbz7fkj,26/01/2026,cust_e8eajhu,Ritu Nair,560085,313400,created
order_v1imhc28sb8ylu,25/03/2026,cust_are4jn6,Rahul Fernandes,110073,154800,created
order_eycpqxiqsdeuxr,30/03/2026,cust_g7eghnu,Joseph Joshi,400104,110000,created
order_wurtisga0kmby8,15/02/2026,cust_nhcja66,Lakshmi Khan,600065,129100,created
order_hjhnhtmcyymz64,14/01/2026,cust_1auvb3q,Tanvi Gupta,700065,127100,created
order_t8zf2e2havy02c,29/03/2026,cust_s6k2uie,Pooja Joshi,110007,149100,created
order_zan3p7kxm2hf0k,25/01/2026,cust_9e1nc8r,Sandeep Khan,400039,77300,created
order_jycwfkgjmyx8f7,11/03/2026,cust_wmdj6js,Imran Sharma,380020,75000,created
order_66bwd1ahrgnun8,18/03/2026,cust_qlwmllf,Vikram Menon,411027,51600,created
order_nyd1zmjbaphydj,20/03/2026,cust_l6eohmj,Tanvi Bose,560094,76000,created
order_aj3rjbl6j9nua5,17/03/2026,cust_psrjl7r,Kavya Sharma,560087,111200,created
order_dcc6rbru5k5f90,14/02/2026,cust_ma7mx5u,Sneha Khan,400080,53300,created
order_fgg8plzqpks12e,02/01/2026,cust_1c6bz74,Karthik Kulkarni,560085,133800,created
order_0l9qqlb78r229k,24/02/2026,cust_96u2kdk,Arjun Gupta,500038,49600,created
order_8k5q48kf0pijb0,30/01/2026,cust_gwr7mmw,Rahul Rao,411054,675600,created
order_e3uacz150o2jke,20/01/2026,cust_emf6huv,Arjun Menon,600038,76100,created
order_c3bc79830wek58,13/01/2026,cust_qbsgfop,Vikram Bose,400003,326200,created
order_wd9dhal4b2vuz0,05/01/2026,cust_qa0frav,Rahul Pillai,110083,60400,created
order_1vy7ss8034evn3,28/02/2026,cust_ruarmbd,Siddharth Nair,560027,111100,created
order_bc7wkr5o59l3by,10/01/2026,cust_satm3aa,Anjali Fernandes,411026,74100,created
order_efl8ssdco8gein,29/01/2026,cust_1cs99hu,Tanvi Pillai,400092,129800,created
order_h54fjrx0ljqe4y,09/01/2026,cust_7rxoq5t,Fatima Desai,560024,50600,created
order_na1jr5cj5jitqj,30/01/2026,cust_mgywktz,Joseph Sharma,400069,316900,created
order_ir4gl9fdpdjgj9,13/01/2026,cust_elj2qtw,Nandini Bose,560076,107800,created
order_zb63o7errn1ae8,15/02/2026,cust_hdstmsn,Arjun Gupta,500063,43900,created
order_fddo3wp5dlqyv1,14/01/2026,cust_j2cs4tv,Aarav Iyer,110016,127700,created
order_njgq8rwz9cvguf,04/03/2026,cust_ixj0aiu,Aarav Iyer,600038,75100,created
order_w6kbzs85t3je9c,26/03/2026,cust_uornbmx,Siddharth Bose,700134,97700,created
order_33kbe2774qu15f,18/03/2026,cust_viday1p,Tanvi Pillai,500063,739400,created
order_xv1you88pf28m7,17/03/2026,cust_79zvmqw,Pooja Menon,600005,32600,created
order_b8gtvn5gce9pok,26/02/2026,cust_qpx418d,Fatima Rao,110009,741100,created
order_zzu7l90jzlpwsa,27/03/2026,cust_p7i87v3,Rahul Rao,400092,400400,created
order_lua28b9hj1x27c,12/01/2026,cust_tj0ph3u,Pooja Bose,600002,77700,created
order_1t98lk89k1g48i,15/01/2026,cust_3nzumss,Harish Pillai,600064,422900,created
order_638mg08xb3wi3c,19/02/2026,cust_ubmewxo,Kavya Desai,600044,74000,created
order_yj4y7881bvgvye,31/01/2026,cust_9wwylxh,Siddharth Mehta,380014,147000,created
order_43knxo0lt011os,27/02/2026,cust_uz7obk1,Lakshmi Iyer,600091,145200,created
order_zkgjj5p6oqwqi4,28/02/2026,cust_27uisw4,Aarav Patel,411054,84200,created
order_ka09ptywu4xgu5,26/02/2026,cust_4m50kgn,Vikram Mehta,700088,37800,created
order_fyvvyj9cktx5p4,26/03/2026,cust_4p70664,Meera Nair,560066,116900,created
order_btc89lxxczvdkp,28/02/2026,cust_9o809q0,Siddharth Khan,560064,211500,created
order_4nf59j6apzruox,13/03/2026,cust_eq2no97,Vikram Gupta,110065,115400,created
order_sr1cu4whs22grd,15/03/2026,cust_xkupdep,Harish Iyer,110014,51000,created
order_3cfr2ovv604kbk,24/01/2026,cust_9rt08oh,Ananya Khan,400016,56100,created
order_7dizogmg4wwoyg,25/03/2026,cust_94z96m1,Arjun Rao,411053,655700,created
order_x487goptuh5swk,04/02/2026,cust_2ds4007,Rahul Chatterjee,500036,64400,created
order_jyk2r9rq4j3ci6,25/03/2026,cust_b0dsw8v,Tanvi Desai,400039,730300,created
order_r941vdjv6elhqn,16/03/2026,cust_2vbr5ss,Manish Kulkarni,400042,58200,created
order_in6ss2rqfxgbx4,07/01/2026,cust_eb4fe88,Tanvi Kulkarni,400006,256700,created
order_37gkfnzdl2zsey,21/02/2026,cust_pa4prbz,Manish Kulkarni,400032,160900,created
order_qpvky2umwpztpo,20/03/2026,cust_redxn2d,Priya Iyer,110026,33200,created
order_12wseophr1x3s4,18/02/2026,cust_sm0fjbb,Ananya Bose,411003,32000,created
order_bwiprjv9mz38my,29/03/2026,cust_tshd74k,Harish Menon,560076,73800,created
order_jv0mpzs2vqtzp9,30/01/2026,cust_pofxvyk,Sneha Kulkarni,560046,85300,created
order_d9w8k23uz1wm9r,13/01/2026,cust_4e3d2r6,Rahul Sharma,600050,295200,created
order_mb442bnrurdn9s,07/02/2026,cust_91px2yy,Fatima Chatterjee,500014,215000,created
order_3agktiku4lyfqn,29/01/2026,cust_g8iozwo,Anjali Khan,560013,40800,created
order_ui66latikbyfni,02/02/2026,cust_lh4vy2u,Ananya Mehta,600020,136600,created
order_hi3ii6dphh9v6w,05/01/2026,cust_otb5cdu,Karthik Pillai,400007,48500,created
order_0bxyeoqs71kg9q,02/03/2026,cust_po3w65v,Meera Rao,700124,69900,created
order_e0fc6asx8w3dxh,27/02/2026,cust_qbn6u7j,Vikram Fernandes,400092,270500,created
order_td1brak55oz1yc,20/01/2026,cust_zz8a9ri,Divya Fernandes,700088,127700,created
order_t7osd5th9yimxt,25/01/2026,cust_io6nrom,Karthik Menon,400058,178400,created
order_go9rswl79ttgag,21/01/2026,cust_mw1covh,Divya Nair,110075,126100,created
order_52o42d1xp833zi,20/01/2026,cust_7js9hdx,Tanvi Reddy,400104,53500,created
order_3a9h9mp8c6ju4x,01/01/2026,cust_scfac8r,Lakshmi Sharma,400089,294700,created
order_gdoz0u8f03thb3,04/03/2026,cust_t45g25i,Harish Menon,560022,58200,created
order_r0p2rp2v494xvg,19/02/2026,cust_2ut1ewd,Anjali Desai,600085,69400,created
order_mgpg96m6sljgv2,23/03/2026,cust_x048kuz,Priya Sharma,500076,123500,created
order_z50wcr4qvcwubg,15/02/2026,cust_cv0zrpi,Sandeep Nair,400027,657300,created
order_6pd2vtu5k3w83h,14/03/2026,cust_wenkiyc,Vikram Iyer,560038,57900,created
order_pwvcphfa023n6p,19/01/2026,cust_g32093y,Priya Joshi,560071,56400,created
order_1nqbvh2lwdj1t1,11/01/2026,cust_9oxf5ms,Divya Kulkarni,560005,34100,created
order_33yha6ate15m61,23/03/2026,cust_hidhyua,Manish Bose,700099,31300,created
order_voxey4ir62j2fu,28/03/2026,cust_ppyi96g,Vikram Bose,411001,112800,created
order_s05g7gswd88s13,28/01/2026,cust_12ig1ya,Fatima Pillai,110023,267700,created
order_p6eug0r5q0ym4j,29/01/2026,cust_wy2pi0d,Ananya Nair,700026,104200,created
order_40odpsdwgyzybf,27/02/2026,cust_lpv3daw,Ritu Kulkarni,682021,136500,created
order_0kux5lj4ox95mr,01/01/2026,cust_louv0rg,Nandini Chatterjee,500021,314000,created
order_70i84md8ixemex,13/03/2026,cust_zlseirg,Lakshmi Khan,500042,112600,created
order_7lgln3ke7r069m,08/01/2026,cust_gxj0haf,Aarav Bose,500086,294000,created
order_ees4nbha135xpp,07/03/2026,cust_9cahexm,Fatima Chatterjee,560042,68500,created
order_bft3w310t9b3gx,31/01/2026,cust_r64stdx,Siddharth Kulkarni,500026,121800,created
order_eo66y43xurst0q,13/01/2026,cust_ov1x6jh,Anjali Reddy,600119,59300,created
order_4e04kts72zlegx,30/03/2026,cust_h0gktk2,Rohan Khan,560061,342900,created
order_xgjdtnwh7b9ynb,07/01/2026,cust_y67ugk9,Karthik Patel,411007,70100,created
order_gepjq19b01r8yc,14/03/2026,cust_970mhdn,Kavya Joshi,560095,30000,created
order_0sni7vhhraa20e,30/03/2026,cust_izae0ts,Siddharth Desai,400052,317900,created
order_5sl1r24t5bmet3,23/03/2026,cust_4pqylgt,Tanvi Gupta,600116,228300,created
order_d6isxveowq3xpy,28/03/2026,cust_nwzyxtq,Karthik Pillai,411027,54900,created
order_xgc5rdt6qt40wo,21/03/2026,cust_z6r2my6,Rohan Patel,110089,395100,created
order_9yifrotosxta25,26/02/2026,cust_5akyh2n,Divya Desai,110023,136700,created
order_7p1t8fwtzegbz8,24/02/2026,cust_nhtf08t,Anjali Desai,400035,55900,created
order_8kkdd7lmlqqa2i,09/03/2026,cust_ehsnb8u,Ritu Mehta,302016,39500,created
order_vvt8phwr2bxwxa,31/03/2026,cust_p9us95c,Sneha Fernandes,110053,214800,created
order_a84ey2zgw1kx7z,08/02/2026,cust_sikh6to,Lakshmi Sharma,560101,39800,created
order_wh44nakerrtm24,07/01/2026,cust_q5jh7cd,Anjali Menon,682015,333600,created
order_w5ktpi57y21zrm,15/01/2026,cust_met94gz,Harish Patel,500062,34200,created
order_r7lt9sjb6j2l0v,08/01/2026,cust_v82swhc,Siddharth Fernandes,110075,71400,created
order_cv3npm8c9vfesr,02/01/2026,cust_ga4u9e7,Aarav Menon,302024,38800,created
order_ml8y72dhfq7f3u,09/03/2026,cust_09t5090,Divya Joshi,400058,285000,created
order_98c0ofwc6cdv8a,26/03/2026,cust_588fq9u,Priya Rao,380024,122400,created
order_700gt6g01s63ab,14/03/2026,cust_4u2eq8o,Priya Chatterjee,110092,76100,created
order_a4qxup1nnpo891,20/01/2026,cust_hnkiuqp,Meera Patel,560100,74100,created
order_m325lpmsncyjwg,19/03/2026,cust_fvks8xx,Priya Mehta,500033,66400,created
order_fn9o3fzsxf1if6,27/03/2026,cust_sxbsvic,Sandeep Khan,500010,35700,created
order_3cdaocfu3fn05b,22/03/2026,cust_6wtx4ml,Pooja Mehta,560044,216600,created
order_p5173ssgyabqzn,27/03/2026,cust_bnw2x2l,Imran Sharma,400093,239100,created
order_bhthraa0uh4ypi,28/03/2026,cust_ir93m4d,Tanvi Bose,411022,44200,created
order_5k1ukkwi0ktly9,23/01/2026,cust_3ixgbca,Divya Patel,400079,702600,created
order_9e6akuwn23pql7,27/03/2026,cust_bom5ldf,Priya Sharma,560018,64900,created
order_b637ciqolbncjg,26/01/2026,cust_p6jr6z9,Sneha Kulkarni,560037,69600,created
order_7ra73hcc7imkpm,18/03/2026,cust_xkze8ul,Sandeep Gupta,560052,322900,created
order_sztcwgkldyrd9y,03/03/2026,cust_oq9e9fw,Lakshmi Desai,500019,149100,created
order_ad79rdsixzdcn6,04/03/2026,cust_kj1uxu6,Joseph Pillai,411055,149800,created
order_2hec4urgyd11dn,12/02/2026,cust_lkvlsaj,Tanvi Gupta,380046,61600,created
order_1nw7jbe5rpwqea,30/01/2026,cust_bueo7xt,Rohan Fernandes,600050,33400,created
order_b1drf4qok29quj,15/01/2026,cust_y03nf4j,Anjali Fernandes,400025,95700,created
order_fgabt7uim9szra,23/03/2026,cust_7n9p9vj,Harish Patel,500033,134300,created
order_h37eyjb89lsxf7,25/03/2026,cust_ilhzw4z,Priya Khan,400069,138000,created
order_s5w85grduqaizc,13/03/2026,cust_socjh9j,Imran Joshi,560090,242200,created
order_ure2xvrqq2cgjc,30/03/2026,cust_wonvlcb,Meera Fernandes,560094,44800,created
order_wdsi21ogwi046v,17/03/2026,cust_80fkf58,Fatima Sharma,380063,50700,created
order_8xlffkip66twpy,30/03/2026,cust_868arhz,Fatima Bose,400027,137400,created
order_3vqnxarw95t09z,01/01/2026,cust_wph80tf,Aarav Fernandes,500012,75500,created
order_jkz9v64u0lk0hd,19/03/2026,cust_exa72vm,Ritu Reddy,400075,78900,created
order_vku5vwtsfb20wk,15/02/2026,cust_p1prg1g,Tanvi Nair,560061,126000,created
order_6yej7nr9l2d7n1,27/03/2026,cust_n45rmcr,Divya Fernandes,682009,64600,created
order_qrd73p2jx2eok5,29/03/2026,cust_4hmj4ab,Priya Kulkarni,110066,285400,created
order_rsgj1jc7inrn80,27/02/2026,cust_9kmdskl,Priya Chatterjee,400019,60600,created
order_tt8opt54kb9x60,06/03/2026,cust_sc6jr30,Rohan Joshi,400099,42900,created
order_x1gpf2xj63mwnk,13/02/2026,cust_1q1uxqq,Sandeep Menon,600043,40600,created
order_lpy42zlrczl9da,27/01/2026,cust_5hpe8wi,Ananya Nair,400069,124200,created
order_r0ppsxuh9vq26i,21/03/2026,cust_p3q0b1u,Sandeep Pillai,500020,120600,created
order_5jndb3c5v6z5ym,02/03/2026,cust_ivkstcb,Manish Gupta,560082,44900,created
order_0g3pb1eg42nsel,06/01/2026,cust_nhpzdcd,Kavya Khan,400005,400600,created
order_1pgifm0yvfq6tb,02/03/2026,cust_swoten4,Arjun Khan,600088,273400,created
order_5rn5aynxoca66r,16/03/2026,cust_h27pzok,Manish Fernandes,110018,42200,created
order_xgz68qkbq4goxe,16/01/2026,cust_m647jeb,Ananya Joshi,560007,30100,created
order_mifgz2ztorlc4o,13/01/2026,cust_hotfye7,Ananya Iyer,560016,63400,created
order_xmzx8q2tfm2bdw,25/02/2026,cust_cgb6hry,Meera Gupta,600063,51800,created
order_vazdf1w1e0sepe,07/02/2026,cust_y7q7dcx,Vikram Gupta,560068,598800,created
order_9wx35v9f9cqhot,09/01/2026,cust_6ldhx5x,Aarav Desai,400028,31700,created
order_9wjlq5pl8gnb0b,27/01/2026,cust_t8ggt04,Ritu Patel,411016,43900,created
order_mkm0u185l119ts,09/01/2026,cust_d6mppq4,Nandini Joshi,500031,226900,created
order_gkaios55jkcvgq,31/01/2026,cust_adqlklz,Fatima Rao,600028,66700,created
order_pd2c75eh7tpt3m,28/02/2026,cust_erxgtcf,Harish Mehta,600005,127700,created
order_0neuexeqiqc0dl,27/01/2026,cust_w7vfi5w,Vikram Nair,700051,62300,created
order_t1rwgcknsnrssw,03/03/2026,cust_471bi5k,Nandini Rao,110027,162400,created
order_hfc6e9hsu3dfju,08/02/2026,cust_cj9pozf,Joseph Iyer,400057,32500,created
order_hvkzyh4dko1hr7,14/03/2026,cust_1gnd8au,Siddharth Gupta,400100,144900,created
order_whyr8qu8uhzpgj,05/02/2026,cust_0smd8bb,Fatima Patel,600017,148900,created
order_uhv5rrdhh90vgb,28/03/2026,cust_rwizh09,Harish Menon,110069,73900,created
order_titetyvss1bvtn,26/03/2026,cust_3bnf5tn,Ritu Khan,411041,77400,created
order_v1golw3kju8kvh,07/01/2026,cust_7xuz3hp,Lakshmi Menon,560085,40600,created
order_rmq63tkk0ofzcl,15/01/2026,cust_t8bbyt5,Lakshmi Sharma,500093,304700,created
order_jeral77y4ml5s8,09/01/2026,cust_21cdimh,Imran Fernandes,560004,111100,created
order_2u5ecyw9no7px7,24/02/2026,cust_0ei8312,Fatima Reddy,411009,792100,created
order_w9lkhapxgxn32k,30/03/2026,cust_nt8ah2y,Karthik Patel,400033,121200,created
order_96pjvr1p59xvvm,11/02/2026,cust_r66konm,Aarav Joshi,400060,104600,created
order_m9qhpyy98xynzq,10/03/2026,cust_1k8s4ow,Karthik Joshi,700100,247700,created
order_d9v1o3yjcjnqet,30/03/2026,cust_5wz8s9n,Pooja Rao,600096,249400,created
order_xct5hodiymu55x,23/01/2026,cust_3xig46e,Divya Reddy,411039,343800,created
order_pda14ec39j8kl1,22/03/2026,cust_lsonwe2,Arjun Nair,400060,146700,created
order_kia7tpotgyjv2m,26/02/2026,cust_f1oooao,Lakshmi Kulkarni,560074,209300,created
order_388dnrdrxfnfq6,05/03/2026,cust_zqoa89k,Siddharth Patel,110020,337900,created
order_n4mj41adk581m9,28/01/2026,cust_3dzlymh,Anjali Desai,500093,66000,created
order_txuvhkh5sj9vx5,06/01/2026,cust_jptoddf,Fatima Sharma,411020,138400,created
order_ftn98r4m1ebsk3,02/03/2026,cust_ezuuoy2,Divya Joshi,411010,74300,created
order_9dt2cxuc4n45nk,16/03/2026,cust_xhdgb4d,Manish Menon,560031,143400,created
order_s2y9r09ppoasdo,22/01/2026,cust_67jl83c,Rohan Khan,110096,36000,created
order_dhverdrnpgfj0e,31/01/2026,cust_zulvmcq,Priya Mehta,500056,67200,created
order_yhd09bx392kcfd,15/02/2026,cust_yxc4oy8,Sandeep Iyer,110009,289100,created
order_w9gy5ppihuf1mu,27/02/2026,cust_yleh52p,Pooja Kulkarni,400064,42500,created
order_iurn6dfza20y2r,06/02/2026,cust_s9qaixf,Arjun Nair,400039,47400,created
order_r962q2n3j1ctvr,07/02/2026,cust_s5uo0o8,Fatima Mehta,411056,77100,created
order_8it83ia9ws157u,10/01/2026,cust_nm0ao83,Ritu Khan,500055,119800,created
order_ji2hi6hde0rjg8,31/03/2026,cust_9qrbhzh,Harish Chatterjee,302023,259600,created
order_ked1ks4vv9kv7y,16/01/2026,cust_y03gzbe,Tanvi Patel,411034,77600,created
order_12pvp75aqwrqmk,09/02/2026,cust_tt24ga2,Divya Nair,500056,229900,created
order_sn4ff4efrbozd0,29/01/2026,cust_vxxelhv,Joseph Sharma,500020,265100,created
order_58wipnksocmhj5,21/03/2026,cust_yvyx7zg,Imran Khan,110043,49500,created
order_a40cc08p5o4ogi,19/03/2026,cust_6fi85wi,Imran Joshi,400056,69300,created
order_f1qihvbi45k2it,12/02/2026,cust_r4yqckb,Arjun Sharma,302038,812500,created
order_ltl2ebzckx5jaa,08/02/2026,cust_u813sij,Rahul Patel,560067,73600,created
order_gz5i85jg8c47xa,06/03/2026,cust_dlgeu3w,Anjali Reddy,110095,63300,created
order_b7e12oglnj9zh8,24/03/2026,cust_5l2c71a,Anjali Desai,411047,31900,created
order_0zi18us7gl1npb,11/01/2026,cust_bpgmy5f,Divya Iyer,600037,35700,created
order_cr60zuiyqkmnqz,24/01/2026,cust_71mepfy,Nandini Joshi,500025,105500,created
order_6vckutdps50hhs,26/02/2026,cust_wycia0r,Kavya Nair,560031,30200,created
order_i7mavsv7suol93,17/02/2026,cust_ckjckj9,Tanvi Nair,600088,61200,created
order_u6lt51nj2kpij5,24/03/2026,cust_wvpjuog,Sneha Joshi,411043,126400,created
order_874pf2w8ndmn9w,16/03/2026,cust_dfgl6sm,Arjun Patel,560056,97900,created
order_tcmb9vxiymvkyd,13/03/2026,cust_45mtl1s,Anjali Bose,380013,42400,created
order_y31et3fpwkkio6,12/02/2026,cust_wz1eqbi,Manish Desai,400094,320400,created
order_ee7zqx77g1w8fo,30/01/2026,cust_a11mle4,Imran Reddy,400058,89600,created
order_mx0a2u1w3w47vh,30/03/2026,cust_ib0qq0k,Sandeep Nair,560084,62300,created
order_14lxm1u3nuz4ff,06/03/2026,cust_wccb4jj,Ananya Iyer,600115,59000,created
order_55491bmh210m73,31/01/2026,cust_v51vlgd,Imran Khan,500069,267900,created
order_w0jxfzy0x6wcfw,22/01/2026,cust_6h4hnph,Lakshmi Sharma,400101,61700,created
order_88p1ff6qli0k2j,30/01/2026,cust_uye8vjd,Ananya Fernandes,411048,69400,created
order_26rilrlpybslvb,10/01/2026,cust_ujonxqt,Kavya Bose,411046,107200,created
order_7gi45t8hlosnfr,15/01/2026,cust_qbrnwbk,Anjali Gupta,380019,258700,created
order_1iz9teubr4omsi,05/02/2026,cust_5zrraw4,Joseph Khan,400063,276900,created
order_nb6zqohq08tr5z,12/03/2026,cust_o5j8v2m,Ritu Bose,400020,266600,created
order_nq1z3gwq1xhooq,09/01/2026,cust_j7bkoph,Anjali Bose,110021,55100,created
order_oc9i6y7h232uum,23/01/2026,cust_49my7d3,Anjali Iyer,600039,35800,created
order_52yud6vusoigay,15/01/2026,cust_um116qa,Vikram Gupta,600090,57000,created
order_wcqzifs7c3brly,24/03/2026,cust_b7xg497,Lakshmi Sharma,400017,66500,created
order_wt66cuiqnsp1h4,27/02/2026,cust_3mgcp9g,Manish Pillai,110011,73600,created
order_quxuhnsrc7vsx6,02/02/2026,cust_7m5jem4,Rahul Chatterjee,700127,54200,created
order_0rft4uth2vp11d,30/01/2026,cust_dmk7uzm,Nandini Desai,110027,99000,created
order_z0zidbzkpbbqjl,19/02/2026,cust_bm92cao,Arjun Menon,560099,39700,created
order_b8x9s1eginqhas,27/02/2026,cust_gx4vmh6,Sandeep Fernandes,560060,106400,created
order_tuhg0za9gzyple,21/02/2026,cust_q9ekti0,Divya Mehta,560043,637300,created
order_33zbvxsi6ca869,19/03/2026,cust_4ptg96w,Ananya Pillai,110042,777800,created
order_k6davjhbm8qvdh,26/03/2026,cust_c2jzry0,Tanvi Reddy,560018,70600,created
order_1gl6dtl9p7qe23,05/02/2026,cust_t5s8y59,Ananya Mehta,411012,43900,created
order_8f7f9f3feu31o9,10/01/2026,cust_r3ssep8,Karthik Iyer,110075,63200,created
order_2un1ytss5e750c,09/01/2026,cust_nu550z7,Divya Gupta,110091,55400,created
order_c55ofobylorzjn,26/01/2026,cust_0ngh4z8,Fatima Bose,700077,115400,created
order_fmmk5h8u37bwpc,06/01/2026,cust_ng0628a,Arjun Bose,560088,124600,created
order_m1cq5avdew2bze,05/03/2026,cust_ep0lpfw,Siddharth Khan,600096,115000,created
order_ukumb51cpp12sg,14/02/2026,cust_hq7lsjq,Ananya Pillai,110053,46000,created
order_g50upmfpxo50x1,19/03/2026,cust_9x4shux,Divya Rao,600102,463100,created
order_70d6kl5k64svrc,03/02/2026,cust_qtlla3o,Rahul Sharma,110091,208900,created
order_vpufnb59ixlr7f,29/03/2026,cust_dznkwn6,Tanvi Joshi,560082,31600,created
order_5fakm8f0ay4oby,11/03/2026,cust_ucwgo71,Imran Bose,560008,79400,created
order_kozrl1i2o89ebt,01/03/2026,cust_dzesndy,Anjali Rao,560047,38900,created
order_h8h9ydzkzi7z8z,18/01/2026,cust_p02tgto,Divya Sharma,380049,54500,created
order_8e3xm2gudw38rm,27/03/2026,cust_efeo079,Anjali Sharma,411017,140900,created
order_27cg8xut05kjrh,09/01/2026,cust_fnpecop,Priya Patel,110029,36100,created
order_opqr0btf0vvbxa,15/03/2026,cust_w7lsh4y,Kavya Khan,500080,754000,created
order_60ebsjpjanqphl,09/02/2026,cust_p1x17k6,Lakshmi Nair,400049,499800,created
order_pqr1exci6khy2t,16/03/2026,cust_nzfj6p4,Harish Bose,500024,135900,created
order_g3vefqb27b33a8,07/01/2026,cust_twd8h4d,Kavya Kulkarni,700064,66600,created
order_4wkaijqsj9qjfr,05/02/2026,cust_97cwr9l,Anjali Bose,700110,92100,created
order_5ehzwiv5o2jm7a,16/02/2026,cust_qb5rmpx,Pooja Gupta,682023,84000,created
order_9ey048vml8by9k,29/01/2026,cust_8p8nwvb,Harish Iyer,400071,53100,created
order_pmfsnzrd5e74w2,13/01/2026,cust_lb5kjs6,Imran Iyer,110009,227100,created
order_rdemw86t702pdr,10/03/2026,cust_b5hlbce,Priya Menon,560053,325400,created
order_jy2q1f1g3nzll7,29/01/2026,cust_b4x95ze,Fatima Khan,500091,207900,created
order_a4dqms2e0ormcd,31/03/2026,cust_rk7wikz,Manish Nair,560010,61900,created
order_8vekqory8gapa5,27/02/2026,cust_rtzejel,Nandini Bose,500052,44700,created
order_pqut9uu3as0h6b,20/01/2026,cust_nmd20zz,Tanvi Bose,110073,95900,created
order_jxwcy513azsld5,27/02/2026,cust_3x6u1wh,Harish Reddy,560102,74100,created
order_liqfy69i844ri0,31/01/2026,cust_gbi5j4c,Harish Nair,600042,308800,created
order_7tv5eq05om931r,21/01/2026,cust_52rbmo4,Tanvi Pillai,500011,126800,created
order_t5mdqwvk4qoxga,28/02/2026,cust_a70zb2a,Imran Nair,110081,84500,created
order_6figah90i5j9mu,24/03/2026,cust_bc0zqrz,Rahul Khan,560066,75300,created
order_13dd500olx4pvv,08/03/2026,cust_bbvymm5,Arjun Bose,400005,257500,created
order_3bu18djylza6mp,05/01/2026,cust_erbs02h,Kavya Khan,560011,128200,created
order_nccc4g1pbw282c,30/01/2026,cust_v28pyxd,Pooja Iyer,411050,88800,created
order_28vc3wdjtf69o8,26/02/2026,cust_8295l2b,Ananya Patel,560058,179200,created
order_enxznrhw517j6f,29/03/2026,cust_cnrq9ga,Nandini Joshi,500049,783000,created
order_af0ef3q3rsz17m,28/02/2026,cust_rsyuh3p,Harish Joshi,600041,40500,created
order_zc1ov35qdprv55,21/03/2026,cust_a48nwdf,Siddharth Gupta,110065,93600,created
order_32m5qvi0ks19gp,18/03/2026,cust_rnzu527,Priya Sharma,400023,94700,created
order_69ucbgqfr8sfgv,09/01/2026,cust_6t1gnos,Ananya Kulkarni,110024,33300,created
order_6hmv44imb633jl,31/01/2026,cust_mdcplm1,Divya Desai,560026,93100,created
order_3bf92gadwva17u,03/01/2026,cust_1bq2dgi,Harish Joshi,500002,30800,created
order_yjwckdk12fcrrf,19/02/2026,cust_pjsx1zk,Sandeep Pillai,411055,375100,created
order_0hyhlw6iuz2uz4,06/03/2026,cust_1sh5uq1,Ananya Reddy,560081,60500,created
order_87hevbe7nss6jl,16/02/2026,cust_0or65s6,Vikram Patel,302033,837100,created
order_fofnog647em9s3,03/01/2026,cust_kxiwcd4,Tanvi Patel,500078,298300,created
order_3nm1t3agztol4g,31/01/2026,cust_omr6ur8,Harish Kulkarni,380018,38100,created
order_h2ueb3h5hc183t,23/03/2026,cust_lnhq0to,Divya Khan,400073,30800,created
order_zjpxyx9pl01fz7,20/01/2026,cust_0p1knvc,Kavya Khan,560041,139700,created
order_ejyeigm4c2l0ar,17/03/2026,cust_083rx8y,Aarav Mehta,400017,345200,created
order_5icrxt31bptsbh,26/02/2026,cust_q0n2fqm,Arjun Desai,302002,418100,created
order_gwvxvjq7zodrgt,28/02/2026,cust_imy46dj,Meera Iyer,400014,85100,created
order_1wanvpvuvziafl,25/02/2026,cust_wwpy67h,Siddharth Menon,682027,215700,created
order_o5sm2qc3u6xr12,06/03/2026,cust_03wo3y5,Joseph Sharma,700010,284200,created
order_5rv22diw0raimh,19/02/2026,cust_dtq4bxc,Joseph Desai,700089,73000,created
order_xxgzanztbq2gg9,18/02/2026,cust_d9gji11,Sneha Joshi,400035,53800,created
order_tgtvp5wk5q6zta,05/03/2026,cust_poh8tqj,Fatima Kulkarni,600078,40500,created
order_7lb7ejbqfbchoz,09/01/2026,cust_a321dpe,Rahul Fernandes,700009,155600,created
order_smnf14obmkzdrs,21/01/2026,cust_q6ts7nx,Rohan Reddy,600086,111400,created
order_hfeqf8ogpgn1k9,30/03/2026,cust_7376hof,Rohan Khan,500052,106900,created
order_xvozfe0xqb8p32,15/01/2026,cust_ibv7gdl,Meera Reddy,560092,56800,created
order_1doze2n5rco14f,31/03/2026,cust_ozb4h8k,Fatima Fernandes,110023,256200,created
order_1yg2mwwq785vko,04/01/2026,cust_f54gcua,Joseph Nair,600118,51200,created
order_bv9afb4673ptai,09/03/2026,cust_5osp8e9,Karthik Chatterjee,600083,35900,created
order_7gasvxhhayo6d8,10/02/2026,cust_tivoi69,Rohan Iyer,400041,712700,created
order_ah0yb5ll5kee3b,25/02/2026,cust_paghbuk,Aarav Bose,682001,58700,created
order_efwa4090abaymc,14/02/2026,cust_h5xl8h0,Nandini Menon,411043,106700,created
order_ut7um50n8a52gc,19/01/2026,cust_8ju9swg,Rahul Khan,400043,511000,created
order_xq2xxbqcyr7avs,17/03/2026,cust_tgvzav7,Sneha Chatterjee,560030,42600,created
order_stlpy9stp1gck0,18/01/2026,cust_yc490f0,Sneha Menon,560097,122900,created
order_4fsemezpjc436i,09/02/2026,cust_xdbypjq,Meera Gupta,560004,96200,created
order_ksiqmsy2lvwwrb,28/02/2026,cust_n9ps4j1,Fatima Iyer,400018,181100,created
order_hv28i9ujkd10aa,22/03/2026,cust_13rywfg,Priya Rao,500056,93300,created
order_2425f8x45dfx7l,04/01/2026,cust_b0j0rzg,Harish Gupta,110062,67300,created
order_wxfemogci892w0,28/02/2026,cust_2lw13w5,Tanvi Bose,500078,59800,created
order_mqj1kjjjf513u5,13/02/2026,cust_n5m0mwl,Sandeep Reddy,411023,153700,created
order_3hg5fqczz7m1z8,05/01/2026,cust_kho5rwp,Divya Pillai,560094,506200,created
order_ycqzkifcqlwf3q,06/03/2026,cust_op5msf7,Nandini Joshi,600040,79600,created
order_00jixw3bgvu8w0,13/03/2026,cust_05dviox,Nandini Chatterjee,400025,43700,created
order_4vt3zsesguq7o0,16/02/2026,cust_hngwlnd,Rohan Menon,500038,71900,created
order_1ccw9ykp59pf9e,15/03/2026,cust_3two15i,Vikram Iyer,400078,72900,created
order_s2kk20a87x8ot3,12/01/2026,cust_9t4gbaf,Vikram Bose,700063,126300,created
order_mvdgmynfyd2jqg,19/03/2026,cust_pngk5oz,Sneha Joshi,110052,147600,created
order_5652vgphfbm1ml,13/02/2026,cust_mfpsbl8,Anjali Patel,560092,57200,created
order_verkqqjvgnm2et,31/03/2026,cust_6kkghm8,Priya Kulkarni,110010,116900,created
order_hl694mto1x1d6v,21/01/2026,cust_yv9vgj7,Rahul Fernandes,560085,82100,created
order_q2ipng934bgo0b,01/01/2026,cust_b32a9c3,Rahul Patel,560004,104100,created
order_ocay2h9qg1r7vf,29/01/2026,cust_lrpqhmr,Fatima Menon,600020,255800,created
order_nkx45fc8g8ms02,23/03/2026,cust_f2tic5u,Manish Reddy,500047,36600,created
order_tkux32ziiwbwry,01/01/2026,cust_gjnj0ai,Fatima Bose,600053,185800,created
order_lwe2m3fcg0mqdu,16/01/2026,cust_98jgw7t,Pooja Nair,682029,67900,created
order_vx0n5l24csxpns,06/01/2026,cust_b87yeox,Pooja Chatterjee,682007,132000,created
order_jk3pat3nv8gly2,22/01/2026,cust_jdviigk,Lakshmi Rao,400018,126200,created
order_1j77kdk50ayyny,06/03/2026,cust_di3qd9f,Pooja Pillai,400011,30600,created
order_w6iragr0evyhlc,07/01/2026,cust_d3q0gj3,Ritu Joshi,400042,49400,created
order_r6zpjp3a8uupm0,18/01/2026,cust_hgz3aan,Nandini Rao,500065,138400,created
order_le8oztyzwlgezt,20/01/2026,cust_xchafgu,Arjun Kulkarni,411015,644500,created
order_sl1tntlf9vekd9,08/03/2026,cust_117qumd,Divya Pillai,400092,77100,created
order_kipt7e7ooeerh7,18/03/2026,cust_v3aejtg,Tanvi Mehta,600022,43400,created
order_9oycsw13u3pjp1,29/03/2026,cust_tyc4i5t,Vikram Kulkarni,110024,37800,created
order_xlodh004kfgk89,05/03/2026,cust_0tzymq1,Anjali Reddy,400072,46400,created
order_a63n21dl117aij,16/03/2026,cust_47rqabt,Arjun Fernandes,110026,463300,created
order_h18k02n6a5kehd,04/03/2026,cust_fivqixk,Ananya Chatterjee,560022,586800,created
order_rwzmnq9do1vn2u,13/03/2026,cust_fx4zlfl,Imran Mehta,500038,95900,created
order_0w7i9uff4mg666,21/03/2026,cust_ws8nfry,Tanvi Gupta,400083,78100,created
order_xvqic14asiyu97,13/01/2026,cust_e7y5fzz,Imran Joshi,110026,59000,created
order_wceqsr2otlgbuu,31/03/2026,cust_nt4ek6r,Kavya Khan,560077,554000,created
order_ejn3dikyn8qfc3,22/03/2026,cust_90j8y61,Siddharth Rao,110041,63200,created
order_wjyiejlproeb7i,24/03/2026,cust_fcnrd18,Pooja Chatterjee,560036,68800,created
order_diri33gr4x1st5,18/02/2026,cust_7ugf8tf,Aarav Kulkarni,110091,124700,created
order_groodud74dmcyc,08/02/2026,cust_9cpjwc0,Divya Khan,600009,78200,created
order_winoajhs9b0lj4,28/01/2026,cust_j6t4i2h,Karthik Desai,400056,523000,created
order_s6rtlu36f8ki8m,09/01/2026,cust_anrzrgo,Karthik Menon,400066,74200,created
order_e46vvey09fp9am,26/02/2026,cust_yc68txr,Karthik Iyer,500010,100200,created
order_2pmfh0bb8hac1q,25/03/2026,cust_k5bh9wo,Meera Nair,380037,76200,created
order_ks1mrag0qytifi,10/01/2026,cust_4ileag1,Sneha Chatterjee,302004,82900,created
order_86t8ms2rm5u65c,10/01/2026,cust_03rmiq8,Ananya Mehta,400095,37100,created
order_1l9pm4e9l3lv72,06/03/2026,cust_31hdy5t,Imran Gupta,400094,38900,created
order_tpdgu5zu6rou6r,08/02/2026,cust_t19qtau,Ritu Chatterjee,110073,129100,created
order_eke7htaji5shu3,28/01/2026,cust_xncon14,Pooja Rao,500069,169600,created
order_ekf1n434zmkakk,12/02/2026,cust_3qvhvqr,Sandeep Khan,600091,33700,created
order_yy6r2rx83xgtnk,12/01/2026,cust_8qbp0wf,Anjali Khan,700050,39600,created
order_litjj27n56nmnx,16/01/2026,cust_clz8atk,Vikram Joshi,110085,193400,created
order_sia7ioo4yf0r8v,27/02/2026,cust_kw87u1u,Sneha Joshi,110057,46400,created
order_odzdd8opmoz6vc,20/01/2026,cust_dosibp9,Siddharth Reddy,600072,32200,created
order_shfgrsfva4dnma,29/03/2026,cust_lqnuql5,Pooja Rao,560001,29900,created
order_7uk23ygn4cks6l,13/03/2026,cust_5veudb8,Priya Rao,302032,58200,created
order_9cvs9dm0u7s47i,12/03/2026,cust_40tevxp,Sneha Fernandes,400062,32700,created
order_5jbe96j6nj0lwz,06/03/2026,cust_iwx3svx,Ananya Gupta,500077,115600,created
order_xwadp7tq6ilnl9,10/03/2026,cust_mqecf5r,Joseph Chatterjee,411023,122500,created
order_em7ymk2uazv0t9,02/01/2026,cust_l7dpqlr,Sneha Chatterjee,600086,31600,created
order_qqq3rlvn7h4q1e,31/03/2026,cust_e6scxbm,Rohan Kulkarni,400021,47500,created
order_wjl6ci7hllwnxs,10/01/2026,cust_24i39cg,Pooja Gupta,600068,40900,created
order_0ytlji1hmzhsof,12/01/2026,cust_336p3j4,Harish Nair,400040,115700,created
order_9lm74ygjsvlk1x,26/01/2026,cust_n2cc0k9,Ritu Mehta,400011,81200,created
order_mxuwlbli1naby1,05/03/2026,cust_8tm9cxa,Nandini Reddy,682027,36600,created
order_75nxyn71sjqx71,02/02/2026,cust_3jv5n3v,Vikram Sharma,500030,52000,created
order_ekutmsj7u9c2qa,03/03/2026,cust_n8icmf0,Karthik Nair,380019,95800,created
order_2vbcgycq66yjlf,22/03/2026,cust_jxm097y,Arjun Desai,560073,111000,created
order_iisdejdkej3sir,05/02/2026,cust_kjm1yhf,Kavya Reddy,302023,133400,created
order_vj7wxmz3sse60j,20/01/2026,cust_u7245dv,Joseph Mehta,560019,63900,created
order_v218bqz9yrxp3a,31/01/2026,cust_khixxci,Pooja Desai,380043,31600,created
order_zyw0t375teayop,24/01/2026,cust_tpuewqn,Divya Khan,600057,149300,created
order_id37hqjekcczpa,27/01/2026,cust_o0jzb20,Sneha Mehta,700063,129900,created
order_pfg2d0o6e8901e,19/02/2026,cust_w3vxvmd,Meera Kulkarni,411022,39100,created
order_7bbo2x0ek3yqt8,29/01/2026,cust_cs19zms,Anjali Reddy,600042,41800,created
order_zwc9gxf6n7scxb,09/02/2026,cust_ncit3n3,Divya Chatterjee,110035,135200,created
order_jhbcwexby0gqpp,30/03/2026,cust_djvs98r,Karthik Fernandes,400033,120500,created
order_dbrs82aehjhp59,13/03/2026,cust_l3xro9v,Ananya Khan,600062,336800,created
order_svfuqo2ccv5c50,10/01/2026,cust_lgfs2mo,Anjali Khan,560092,142700,created
order_zudo3d56tlk0bu,19/01/2026,cust_j6ndh3r,Fatima Desai,400073,70400,created
order_14jvo6lwux16gq,06/02/2026,cust_8nnnzo7,Joseph Khan,600067,45300,created
order_08xygmpb26ottj,25/03/2026,cust_xwq6mbw,Aarav Mehta,560015,143000,created
order_5v6z8tpqnjhw13,27/03/2026,cust_spkpt9h,Ananya Pillai,560056,321100,created
order_5pg8qrfo2f04m6,05/02/2026,cust_xm7wwv4,Pooja Fernandes,500092,72700,created
order_er2rap9wg0rdh0,31/03/2026,cust_ss7lmgk,Lakshmi Bose,682011,101600,created
order_3z40ijduqf5z8g,21/01/2026,cust_8enu9jm,Arjun Sharma,110004,101900,created
order_lyc37j4zt7s91g,27/03/2026,cust_mh24uww,Anjali Gupta,110021,35600,created
order_ybc9mcc4q14fdp,10/03/2026,cust_uju4naj,Arjun Khan,500051,222300,created
order_t6rh31gtp4dm8a,22/01/2026,cust_5k0ngdw,Rohan Rao,700112,195200,created
order_i5f7srg9gs9z22,15/01/2026,cust_i2hx4mk,Joseph Sharma,400028,136100,paid
order_7r3vqjzpkl552o,21/03/2026,cust_a48nwdf,Siddharth Gupta,110065,93600,paid
order_xfiea4a5mt5pos,03/01/2026,cust_m07d04z,Meera Bose,380020,83100,paid
order_g2zl1h9l59wmbr,05/02/2026,cust_qc9zs6p,Manish Bose,600105,112700,paid
order_e68298c99ck564,11/03/2026,cust_7513ikp,Harish Bose,411010,115200,paid
order_n10my0c23e369a,26/02/2026,cust_so8825x,Ritu Nair,700040,102400,paid
order_i7y4je9f9cq49d,14/01/2026,cust_hu9iffm,Joseph Mehta,560090,34700,paid
order_bjfv15ewh20nq9,15/02/2026,cust_iijbfjz,Ritu Patel,411029,58600,paid
order_tdz0vp8pza9u5f,26/02/2026,cust_z51m45f,Divya Gupta,500066,57800,paid
order_f9qqz8sg67uocp,28/01/2026,cust_qflvgfd,Meera Bose,500006,68700,paid
order_zh4tueestcbcp8,03/03/2026,cust_o7nduqj,Sandeep Menon,411024,71400,paid
order_frgj3zni6lcahc,10/02/2026,cust_1yl4qzz,Siddharth Rao,600036,66900,paid
order_v7nvj2f2d6rfyi,02/01/2026,cust_br8rq06,Priya Mehta,500052,43500,paid
order_wd3rpu5glj2ci8,09/01/2026,cust_iws23wl,Fatima Mehta,500083,38000,paid
order_l3qdfrhe6o28hy,05/01/2026,cust_usfrbaj,Ananya Reddy,411039,69300,paid
order_w3r65h965wc4p6,15/03/2026,cust_3h2qg1a,Tanvi Menon,500053,44500,paid
