payment_id,order_id,captured_at,amount_paise,method,fee_paise,gst_paise,settlement_id,status
pay_994bzf3wbjrb5v,order_2idqyk9jt5zej9,2026-01-05 20:50:34,88800,upi,0,0,setl_jb4iycka7ebxm4,captured
pay_kr59z2l40dz3k3,order_410j4uzq42bpc5,2026-01-29 11:51:03,143100,upi,0,0,setl_j502p555prthl8,captured
pay_iunjcu4k4mw6kd,order_cw0wmj15y1pix6,2026-01-01 20:14:33,85900,card,1718,309,setl_2lzlm5imf0kd5q,captured
pay_jjdeud1ejkbjo2,order_vgfuesxcv2aifo,2026-03-23 09:45:05,90100,upi,0,0,setl_ihlz60xnvw9v27,captured
pay_z7gnkzv0f5m2cv,order_t97h0pcwrbf1jq,2026-03-29 08:22:19,58500,upi,0,0,setl_wqkvxto3gxvlu7,captured
pay_h4fh4ut1qlck49,order_2yp13wswjk3hj8,2026-02-04 21:56:03,90700,upi,0,0,setl_loeej8p0363err,captured
pay_0l1rlcy2uvfejo,order_nicsn25vwy3mem,2026-03-24 16:45:01,57400,card,1148,207,setl_bjuqk7c3un19bl,captured
pay_mdii62z0py7mdn,order_5l7tsr84gffzvc,2026-01-18 10:27:50,45100,upi,0,0,setl_jrm8iuv8pwnbst,captured
pay_sa86sq349x79nm,order_maqbpn2l3llij9,2026-02-17 22:37:56,106800,wallet,2350,423,setl_9994rz2os2zywh,captured
pay_lfi8rb75sr6pfm,order_lw6sosnzikrz1t,2026-01-04 16:06:48,90600,upi,0,0,setl_wepzs7szuqc9f6,captured
pay_xj61govlkkehnp,order_lafhyhvc57hl8z,2026-01-28 13:59:23,65000,upi,0,0,setl_nxu2v0awbwkxj5,captured
pay_8n1oxrq3epfkrf,order_fmixl52owmaeg4,2026-01-14 21:27:08,73600,netbanking,1398,252,setl_opdcf6j5wixc2v,captured
pay_as98szpjg9eyg6,order_brz310q12tj52s,2026-01-27 17:30:10,120500,card,2410,434,setl_lmc6qbtpgvhqfs,captured
pay_wp88av5r4lpyqe,order_334yxqy6r15zu8,2026-03-17 14:24:51,124200,card,2484,447,setl_nf76s64rcbd6hk,captured
pay_xbtwze6cnfw098,order_n6y6jop0c0ixqz,2026-03-17 12:00:15,44900,upi,0,0,setl_nf76s64rcbd6hk,captured
pay_6aus33u6wbpxy5,order_qkt4kcp3qs1du7,2026-01-22 13:34:11,251100,upi,0,0,setl_olhoefx33wper0,captured
pay_ukcx4g21g7qx3v,order_lif1k56rgxrnkf,2026-02-02 22:41:18,542600,card,10852,1953,setl_l3k3kfcno0zwp9,captured
pay_2iszqgsruhiadp,order_cg72bpou340nel,2026-02-20 07:29:24,72000,upi,0,0,setl_qal9h36vfum300,captured
pay_kevg1smpvyg7wu,order_7x3lk0nm2kep9n,2026-03-09 06:38:38,230900,upi,0,0,setl_6qsiife23ixpuu,captured
pay_3kwx9mozv36x6q,order_2aa03dkv85oweg,2026-02-28 18:48:34,38100,wallet,838,151,setl_wg96a9tv3603ep,captured
pay_ckp53k2dy8xtma,order_box7t3vxjy91ze,2026-03-02 09:40:30,240500,upi,0,0,setl_gxt8aimmy71t26,captured
pay_2bpc2x226n1xwy,order_i71e4jgol0ok51,2026-01-07 19:37:04,91600,card,1832,330,setl_jde75ge9flap8q,captured
pay_acefp96ohi85da,order_a324oso70bmel1,2026-03-04 14:09:34,324000,upi,0,0,setl_id6lid416qfq61,captured
pay_hovj0i33tis92x,order_raibl4j10y7ok1,2026-02-28 22:05:27,76100,card,1522,274,setl_wg96a9tv3603ep,captured
pay_je4kr3xyumqkru,order_f2esqwk13a2gp5,2026-02-04 08:59:35,78400,card,1568,282,setl_loeej8p0363err,captured
pay_cxchjofhwjbtbf,order_4ma7x2xt1yayws,2026-03-30 16:03:50,76500,upi,0,0,setl_j85ptu7k9no41z,captured
pay_2wcx9fm59aa3xe,order_66u53bsn9hjbbw,2026-03-20 09:26:10,69500,upi,0,0,setl_lkgzbjhy4tfgax,captured
pay_2w42elouv979rj,order_gvrr0ibrrj0tyq,2026-01-31 12:29:28,33400,upi,0,0,setl_4sse8tbudyqcih,captured
pay_wat0jnhxk41vu6,order_iq95aaaskikdf1,2026-01-31 19:47:37,136400,card,2728,491,setl_4sse8tbudyqcih,captured
pay_8wjz9qkjxvsaiy,order_c8l559z9ulw6e2,2026-03-28 17:50:33,77100,upi,0,0,setl_wqkvxto3gxvlu7,captured
pay_fe8oxxpzfsy5y9,order_0s8piivvjb22nf,2026-03-07 14:21:34,55100,upi,0,0,setl_8rcowtf1l5jtt6,captured
pay_0klensgh4cfqh7,order_11dzx88c0udo2p,2026-02-12 10:39:07,340700,netbanking,6473,1165,setl_blfhrgh8cu53a4,captured
pay_c9cwjd7jwdvtg3,order_glb9l66muvkymf,2026-01-06 07:01:45,195600,netbanking,3716,669,setl_8zu1ktsnub3qzg,captured
pay_trfr8sud38vu6j,order_dwwy8zouddlpbh,2026-03-29 17:43:48,290300,upi,0,0,setl_wqkvxto3gxvlu7,captured
pay_swc91aokq1esbj,order_8x8in5i3hxr1g1,2026-03-06 09:44:59,241000,upi,0,0,setl_8rcowtf1l5jtt6,captured
pay_qd7dw4oasv0lbr,order_4euv5ner2gm449,2026-03-11 16:15:08,43800,wallet,964,174,setl_mi7tt2ol7lcfi6,captured
pay_dvtniwvf7gik3c,order_vtfoslid3292gm,2026-03-16 11:51:29,63300,card,1266,228,setl_9ziplehvmcpcg3,captured
pay_e3ld0iia4xdmr0,order_9n7wkwuty0bc44,2026-02-09 17:14:41,64500,upi,0,0,setl_s4l1ku1vti53ru,captured
pay_o8ve1o1699r9g6,order_k85eq42qbgl5x7,2026-03-17 06:29:42,98100,upi,0,0,setl_nf76s64rcbd6hk,captured
pay_nzi3qhizjl3myi,order_j7flng56xz1n3k,2026-02-24 18:51:16,50100,upi,0,0,setl_dlrkavuq1t51a1,captured
pay_77uy4ispetmiql,order_3mlamkw0965ayc,2026-03-31 09:53:32,82000,card,1640,295,setl_63hjwsjao5sf4p,captured
pay_k90rdkougbp6if,order_m5epx1vob2a8da,2026-03-07 22:40:09,43300,netbanking,823,148,setl_8rcowtf1l5jtt6,refunded
pay_35mmjp1al0mzed,order_zq4uqimdzvkmkd,2026-02-16 20:54:46,115200,upi,0,0,setl_hyo0coscm1600j,captured
pay_h60r2xxkrsyxej,order_8c90p3dnlfwh9h,2026-03-15 14:03:15,64900,upi,0,0,setl_ob1zbkbpqox76q,captured
pay_hft382gothdftb,order_qk73b8mjbp939i,2026-03-23 15:36:06,69600,netbanking,1322,238,setl_ihlz60xnvw9v27,captured
pay_r8lx750ds5h5ig,order_zq1bn51ki0n64u,2026-03-29 12:04:42,39800,card,796,143,setl_wqkvxto3gxvlu7,captured
pay_46rk5h54c76m9u,order_iir79p0nfkweac,2026-03-04 20:59:16,40500,upi,0,0,setl_id6lid416qfq61,captured
pay_wl56e76h9q79px,order_0nqpck68n301aa,2026-01-13 09:11:00,135200,card,2704,487,setl_svzb0gabvczqv4,captured
pay_sstk4rfpagp1j8,order_8donhyk772vpzm,2026-01-20 11:40:12,130800,upi,0,0,setl_i1ppblfh8tj5m7,refunded
pay_o0vzilqclbs11f,order_oth3rbj7kdlh32,2026-01-14 17:20:14,46600,wallet,1025,185,setl_opdcf6j5wixc2v,captured
pay_11vrq2mc1nas6m,order_dailgqebhgts70,2026-01-09 06:57:32,200600,upi,0,0,setl_h9o3muublta3bw,captured
pay_1y6gnqnla7pywb,order_01ffa4n36yxnum,2026-03-05 09:06:08,92600,upi,0,0,setl_1pprr34her4zyz,captured
pay_pu6p9xaqm1ts4z,order_gw1bgmbc4o1op8,2026-02-05 06:33:35,98400,upi,0,0,setl_9redif5czb1c2o,captured
pay_vjmmurqcgb2ulm,order_g7c9al6cz077x4,2026-03-09 06:50:17,45900,card,918,165,setl_6qsiife23ixpuu,captured
pay_mlgg4q4h9ncskf,order_0kbfjrj1l0i1jy,2026-03-25 17:27:37,81700,card,1634,294,setl_d932kldoq526i0,captured
pay_e0xjhylv0o8qqf,order_m0p6iymbsnjhqi,2026-02-17 18:42:56,42200,upi,0,0,setl_9994rz2os2zywh,captured
pay_s90q6uocxqbfox,order_ys7ec4m8ur58ya,2026-01-09 12:34:11,48900,upi,0,0,setl_h9o3muublta3bw,refunded
pay_zhmuwl0f5ru925,order_p37r2whymzytue,2026-02-06 19:09:01,54200,upi,0,0,setl_x9629fsv80nszb,captured
pay_sckywlze8te57z,order_cmat20h9fs3v1f,2026-01-08 17:30:22,81700,card,1634,294,setl_xx3zh6x38f6k9i,captured
pay_xtbq9ynk6rucpm,order_6odj78jjp0079l,2026-03-21 14:38:36,69200,wallet,1522,274,setl_lkgzbjhy4tfgax,captured
pay_ucxyphyt4yivkx,order_pvq0k50wff6o6g,2026-02-05 12:10:28,193800,upi,0,0,setl_9redif5czb1c2o,captured
pay_f2yapucb8cbi7v,order_5qs8gdbiovwff5,2026-01-31 19:52:19,164600,upi,0,0,setl_4sse8tbudyqcih,captured
pay_mzpnkz0uxpsang,order_1sx2dyl2gy4kkv,2026-02-17 16:15:34,136800,upi,0,0,setl_9994rz2os2zywh,captured
pay_syc9ubty1zg13m,order_2qawsy8f232lsz,2026-01-11 10:49:59,684300,netbanking,13002,2340,setl_h9o3muublta3bw,captured
pay_0vq5fpt0r63059,order_yvbyt49w6prs1f,2026-02-13 13:55:35,759700,upi,0,0,setl_9hpnkvdkx29mhx,captured
pay_atds4fbz9x6e6o,order_5ewjjzwdepvsfy,2026-01-16 07:52:01,334500,upi,0,0,setl_jrm8iuv8pwnbst,captured
pay_4ttk0h2cg2yv40,order_b1ntlylb6h86y4,2026-02-17 10:50:27,83700,upi,0,0,setl_9994rz2os2zywh,captured
pay_cg0pbhgjdcaanj,order_pvv541eaapk6ll,2026-03-19 12:06:31,46100,upi,0,0,setl_hjydfszyf4rzmu,captured
pay_orcr7bqtua4d7a,order_9iw12jsfmejiiv,2026-03-08 14:02:12,83100,upi,0,0,setl_8rcowtf1l5jtt6,captured
pay_etml4oxh5voeki,order_ohjg8037goga6x,2026-02-14 22:39:26,177400,upi,0,0,setl_9hpnkvdkx29mhx,refunded
pay_mczlo6atwu14yb,order_klcy8zugxoj1mn,2026-03-08 17:08:42,175200,netbanking,3329,599,setl_8rcowtf1l5jtt6,captured
pay_w4r7yo9fvagg18,order_io25f4bq3al4fd,2026-01-20 13:32:59,81400,upi,0,0,setl_i1ppblfh8tj5m7,captured
pay_7n186qzheaqwiq,order_5fk2o3hw7s814q,2026-01-11 21:17:14,645400,upi,0,0,setl_h9o3muublta3bw,captured
pay_6asb5ctbskw19e,order_tsmyuvx17e0zbr,2026-02-15 20:14:38,45900,upi,0,0,setl_9hpnkvdkx29mhx,captured
pay_1bhsbb1j6upv3v,order_9vsx39vjke4691,2026-01-30 14:47:48,49100,upi,0,0,setl_4sse8tbudyqcih,captured
pay_w8ay84qt28c4k9,order_366otdndfe3urw,2026-01-11 10:35:42,767000,upi,0,0,setl_h9o3muublta3bw,captured
pay_ne1skp3ejr6t4x,order_pb2ghs1lysia5x,2026-01-30 07:56:01,38400,upi,0,0,setl_4sse8tbudyqcih,captured
pay_5y2hsil2avb0ql,order_ic6lil75sk61rb,2026-01-06 16:10:51,41700,upi,0,0,setl_8zu1ktsnub3qzg,captured
pay_fsfh9zzoyosbmo,order_dr5qduuuuotzdd,2026-03-10 18:59:48,169900,card,3398,612,setl_cy02355rxf3dgx,captured
pay_l7bknxqjle3y4w,order_2hpp8l3th1zi1l,2026-02-23 21:46:46,472500,upi,0,0,setl_2ejmt21xr8n21l,captured
pay_xla7hx14lvy8eg,order_mlti23o19cfxwx,2026-03-20 09:47:59,114000,card,2280,410,setl_lkgzbjhy4tfgax,captured
pay_b23c6nh5ha6oi9,order_77gd0g3lrqzcno,2026-03-20 17:41:38,84500,card,1690,304,setl_lkgzbjhy4tfgax,captured
pay_2c99bt1ojyv6kh,order_vt40p7bicm9l8o,2026-03-04 16:02:39,136600,upi,0,0,setl_id6lid416qfq61,captured
pay_3ummdrbv7s67vd,order_jhd4pvtv8mxmnc,2026-01-22 08:35:34,114700,upi,0,0,setl_olhoefx33wper0,captured
pay_5ihivckyahouwb,order_zzpcr0xgh864im,2026-02-28 08:11:44,45500,upi,0,0,setl_wg96a9tv3603ep,captured
pay_7s6pla51r1buvs,order_wu3gg2vyyrpy23,2026-02-04 15:20:46,586700,upi,0,0,setl_loeej8p0363err,captured
pay_opluchp098lhws,order_cf7om4fnjac6gu,2026-01-09 18:47:10,40000,card,800,144,setl_h9o3muublta3bw,captured
pay_r7c5mtevww9mkm,order_esmpsq4a1m0ngh,2026-02-23 17:44:18,288800,upi,0,0,setl_2ejmt21xr8n21l,captured
pay_8cfnljh5xiikqp,order_82jz1qvd6zdfl3,2026-03-06 10:32:50,49300,upi,0,0,setl_8rcowtf1l5jtt6,captured
pay_fzu9e6pw4gp0ex,order_nc706abosg0kg0,2026-03-17 06:31:59,167900,upi,0,0,setl_nf76s64rcbd6hk,captured
pay_zyn7fp0tyz75jx,order_cdeqwse2is4i80,2026-03-11 12:39:27,54300,upi,0,0,setl_mi7tt2ol7lcfi6,captured
pay_xf8wdmg872hdg7,order_xl2lqk97y05fgf,2026-01-29 16:59:40,51900,upi,0,0,setl_j502p555prthl8,captured
pay_d39z2m7mqaanv9,order_auy2qqwrjr48a8,2026-02-17 19:20:28,288900,upi,0,0,setl_9994rz2os2zywh,captured
pay_lmdpta7h739dx1,order_ase57xpkfkboow,2026-03-15 20:52:33,96300,upi,0,0,setl_ob1zbkbpqox76q,captured
pay_uyyqg336igpusw,order_457a0rsla1a9lt,2026-03-09 18:18:07,145700,upi,0,0,setl_6qsiife23ixpuu,captured
pay_jtaa9woycwipw7,order_00cy6ex7ehrblr,2026-01-03 08:57:49,134600,card,2692,485,setl_wepzs7szuqc9f6,captured
pay_jw09m4gqr8jilh,order_1njkkax34d5lka,2026-03-15 14:21:59,283200,card,5664,1020,setl_ob1zbkbpqox76q,captured
pay_akv86yv1eqszof,order_86s6yfybpaklzl,2026-01-31 07:03:16,71600,upi,0,0,setl_4sse8tbudyqcih,captured
pay_szgovtzj6kxas7,order_see0zju1ww5y4j,2026-02-07 21:32:44,304200,card,6084,1095,setl_x9629fsv80nszb,captured
pay_qhvas5n159bvbm,order_r75m8izkr9k4lq,2026-02-05 09:55:02,639800,upi,0,0,setl_9redif5czb1c2o,refunded
pay_fvoi4w1qxsahjf,order_syr9uajgexg05v,2026-03-30 07:24:30,47000,upi,0,0,setl_j85ptu7k9no41z,captured
pay_inb0ctikp6kvc7,order_t8yfl7ezwt92rq,2026-03-11 12:19:58,78200,netbanking,1486,267,setl_mi7tt2ol7lcfi6,captured
pay_wze0896rdc79tn,order_eifaevabkn0p7j,2026-01-04 14:48:46,73200,card,1464,264,setl_wepzs7szuqc9f6,captured
pay_e3r0qmuph6qn2n,order_8783k461c5wahu,2026-02-07 15:54:26,35000,wallet,770,139,setl_x9629fsv80nszb,captured
pay_zjwnntyqt0t6ci,order_6o8ltsr3efw5q3,2026-02-04 16:16:04,205700,card,4114,741,setl_loeej8p0363err,captured
pay_yjgzcfjajay3xu,order_axhqqv5aqkdkn4,2026-03-18 09:43:42,152600,upi,0,0,setl_i779xkgycurgiw,captured
pay_f6nojfskf0w3pc,order_u7tv85uxxpylwn,2026-03-22 18:16:32,129600,wallet,2851,513,setl_lkgzbjhy4tfgax,captured
pay_actbn5zjfibleu,order_38gvkix46wv123,2026-01-02 13:06:12,172400,card,3448,621,setl_wepzs7szuqc9f6,captured
pay_f0lnn56sl0rsik,order_dgcek6p6b8h90d,2026-01-29 16:23:53,40700,wallet,895,161,setl_j502p555prthl8,captured
pay_t17xmpqtfj5pqc,order_8y0cc85x2jvclt,2026-01-05 20:25:01,30000,upi,0,0,setl_jb4iycka7ebxm4,captured
pay_grvk6edu9na9a8,order_ydssekni58e4o0,2026-03-23 21:49:42,69800,card,1396,251,setl_ihlz60xnvw9v27,captured
pay_qcmvuszk6o9jcp,order_5xbe5msrg6djfp,2026-03-31 16:32:29,54400,netbanking,1034,186,setl_63hjwsjao5sf4p,captured
pay_ny9ya59t64khwe,order_9mrm4140upb747,2026-01-30 16:46:39,162100,netbanking,3080,554,setl_4sse8tbudyqcih,captured
pay_yrjvjkcz0ejfcj,order_gy6t90qf22mnir,2026-02-23 10:47:11,108800,wallet,2394,431,setl_2ejmt21xr8n21l,captured
pay_umbgdlckp2cgsl,order_gaak7o7fmchiar,2026-02-04 10:52:51,314700,upi,0,0,setl_loeej8p0363err,captured
pay_ub9x31hm3cfkv2,order_yt9kse6gv4mily,2026-03-08 17:12:35,52000,upi,0,0,setl_8rcowtf1l5jtt6,captured
pay_nnz519i81k319c,order_fhg9mlv6tayfis,2026-01-13 22:12:44,329600,wallet,7251,1305,setl_svzb0gabvczqv4,captured
pay_o8omb1x9438zsz,order_sd9xx3rhb1qx0m,2026-01-06 14:04:05,363400,card,7268,1308,setl_8zu1ktsnub3qzg,captured
pay_bnoq66xrxoxkav,order_tngozhjrkxr5e3,2026-01-27 12:36:33,420900,upi,0,0,setl_lmc6qbtpgvhqfs,captured
pay_9piw8omzgn9zcc,order_9vbrwxduit9fxf,2026-03-16 09:38:08,52900,upi,0,0,setl_9ziplehvmcpcg3,captured
pay_wynwws08shwulk,order_6f570mwags42y3,2026-01-03 22:49:10,57400,upi,0,0,setl_wepzs7szuqc9f6,captured
pay_iz3sgmstg2uiba,order_1d4657lz83nk0o,2026-01-07 08:58:09,78300,upi,0,0,setl_jde75ge9flap8q,captured
pay_27z338utcpn3r1,order_kjhxeoah7ye2zo,2026-02-19 18:42:20,77000,upi,0,0,setl_57dkr8we1ld4hf,captured
pay_o4ey28ptzb43jp,order_5yhwxd18lqkzao,2026-02-02 06:23:59,91200,upi,0,0,setl_l3k3kfcno0zwp9,captured
pay_2ziun2f8asqmu7,order_xo67kxcde72wxg,2026-01-30 17:59:59,56500,upi,0,0,setl_4sse8tbudyqcih,captured
pay_jpd2zrtylt2xjt,order_rs50m8blk1py2k,2026-03-09 21:47:57,69100,card,1382,249,setl_6qsiife23ixpuu,refunded
pay_oyzbgurztvhwpk,order_kwmj7yxyltucl6,2026-01-01 21:38:15,30900,netbanking,587,106,setl_2lzlm5imf0kd5q,captured
pay_iswmttee9x60qp,order_jpqlsn9mpcmvkf,2026-03-29 20:27:16,66600,card,1332,240,setl_wqkvxto3gxvlu7,captured
pay_4kdav6tl3krwsx,order_g8l8tgel2k8e6p,2026-01-20 10:43:04,103400,netbanking,1965,354,setl_i1ppblfh8tj5m7,captured
pay_9z11s3b2j4e5bj,order_yyf9th40gubxsu,2026-03-28 19:20:46,83100,upi,0,0,setl_wqkvxto3gxvlu7,captured
pay_3cr0f5qk0qmrxs,order_i9ad7ey1g83x80,2026-03-08 11:14:54,266400,upi,0,0,setl_8rcowtf1l5jtt6,captured
pay_i1iktg3qmm4p9r,order_v178c3wdj8et84,2026-03-02 09:54:08,113100,upi,0,0,setl_gxt8aimmy71t26,captured
pay_r314s4rp4v689c,order_cz57xlbqnlgxoa,2026-03-15 14:59:15,84900,upi,0,0,setl_ob1zbkbpqox76q,captured
pay_cbdhuawzfwfb6g,order_0bowsrzb5qu1nj,2026-01-05 22:41:37,132500,netbanking,2518,453,setl_jb4iycka7ebxm4,captured
pay_p8kbiacqaibkf2,order_w2rel4hqw09oji,2026-02-28 13:28:48,210300,upi,0,0,setl_wg96a9tv3603ep,captured
pay_x3wxdsd6rj1wqb,order_zl6rfvcioaf4xb,2026-02-05 21:08:41,779400,card,15588,2806,setl_9redif5czb1c2o,captured
pay_2m71u31ulmksze,order_uxsyzvd4bnfajz,2026-01-18 19:13:43,106700,wallet,2347,422,setl_jrm8iuv8pwnbst,captured
pay_ods42jj7772do2,order_p8rwh2dcg8uonf,2026-01-24 13:05:50,110300,upi,0,0,setl_pe6faz7kvftyvi,captured
pay_gh10t1cm7c9ub8,order_so9snpa76mv61s,2026-01-31 06:35:27,236500,card,4730,851,setl_4sse8tbudyqcih,captured
pay_g9vch9lvm4vjfs,order_37i0zn64wsmqfi,2026-03-14 17:32:38,183300,upi,0,0,setl_ob1zbkbpqox76q,captured
pay_bpub3dqi2gma6k,order_fsxq6q5t7v02pi,2026-03-16 12:01:23,77800,upi,0,0,setl_9ziplehvmcpcg3,captured
pay_j8631i6n5hs2jj,order_tw7c1k7pufc2oy,2026-03-20 14:43:30,442900,upi,0,0,setl_lkgzbjhy4tfgax,captured
pay_p7mmc4usvrb36k,order_sedah94m3nkxu4,2026-01-10 18:11:51,44200,upi,0,0,setl_h9o3muublta3bw,captured
pay_fy8v671iolh7ai,order_gk40u8g0xpikyg,2026-01-29 22:56:00,116100,wallet,2554,460,setl_j502p555prthl8,captured
pay_065clojdnfdq3a,order_mhuk8eekfhnavj,2026-02-22 18:07:51,42500,upi,0,0,setl_qal9h36vfum300,captured
pay_y5qudy3mgkooh5,order_252k61kyz5agmx,2026-02-15 20:03:15,129100,netbanking,2453,442,setl_9hpnkvdkx29mhx,captured
pay_3pzd2pov6cskpz,order_zn0dbj74itfiln,2026-01-13 07:33:52,118800,upi,0,0,setl_svzb0gabvczqv4,captured
pay_5jhbn2gvm5ugbi,order_s4bofe12n9digb,2026-03-03 20:44:21,291400,card,5828,1049,setl_s36ohm15574nxh,captured
pay_doy8asnmfjvc5p,order_ypvqqiipkil5ag,2026-03-12 11:30:23,61200,netbanking,1163,209,setl_pjr716gfgceh8w,captured
pay_00qd2tjzathhcb,order_yqebapt5sue9b4,2026-02-20 11:05:26,53500,upi,0,0,setl_qal9h36vfum300,captured
pay_5rizho95vc235n,order_3wadnq288islnp,2026-02-01 12:49:29,54500,upi,0,0,setl_4sse8tbudyqcih,captured
pay_r9mcrm2p1bxq85,order_omv88ganrjoezy,2026-03-31 09:14:42,108800,upi,0,0,setl_63hjwsjao5sf4p,captured
pay_52ozwskl5rzda8,order_t86ejetx2smq4s,2026-02-25 18:36:47,41300,upi,0,0,setl_fjubwhj4nuw113,captured
pay_24f0qk4pdabsgc,order_3qpp0fluym4xnc,2026-01-21 06:59:41,252600,upi,0,0,setl_7u76rb7en0399o,captured
pay_l2dkkydkg0n9ot,order_9xbshdbrjx651y,2026-01-11 17:42:16,72300,card,1446,260,setl_h9o3muublta3bw,captured
pay_r1tfq6unx3m5a2,order_okk415in1zi8ry,2026-02-25 06:22:00,63500,card,1270,229,setl_fjubwhj4nuw113,captured
pay_3oaj09knehuam6,order_9wnp5kv2l4sfdh,2026-03-11 12:24:52,77900,upi,0,0,setl_mi7tt2ol7lcfi6,captured
pay_7kbmc8384l3mar,order_vxijkwrxbf5ybh,2026-01-11 20:46:18,97500,netbanking,1853,334,setl_h9o3muublta3bw,captured
pay_r2b352xwo6tdk5,order_4s8w6b8ppduwsj,2026-03-03 12:49:23,150700,upi,0,0,setl_s36ohm15574nxh,captured
pay_a2v8ozem8r1y3o,order_4m2ddjpxz0xavn,2026-02-11 18:21:10,58200,upi,0,0,setl_owvw9a3grfow7z,captured
pay_wyg9dy1at4q205,order_sm8pbhvc16c1v0,2026-03-22 17:17:39,146300,upi,0,0,setl_lkgzbjhy4tfgax,captured
pay_vok4b3rjq8hl59,order_8wn0m8mx1wymom,2026-03-22 11:34:11,114400,upi,0,0,setl_lkgzbjhy4tfgax,captured
pay_ipj51npjmhb46u,order_mp8xmuni55vkff,2026-01-02 21:12:49,74900,upi,0,0,setl_wepzs7szuqc9f6,captured
pay_8x8q30b3nl0bw2,order_2tyhw647jy0sx1,2026-03-18 13:55:44,88200,upi,0,0,setl_i779xkgycurgiw,captured
pay_psc0g8099w5t46,order_u26mds0zugkc5j,2026-02-08 15:07:57,289700,netbanking,5504,991,setl_x9629fsv80nszb,refunded
pay_01b4v6qw7ke25m,order_etxg3w0qizyjdp,2026-03-21 16:02:10,68000,upi,0,0,setl_lkgzbjhy4tfgax,captured
pay_r3vfeqbv6a0rlh,order_qskpyd4m2r9can,2026-03-17 18:51:48,180800,card,3616,651,setl_nf76s64rcbd6hk,captured
pay_ndfj25pcv8nfkt,order_uhhahri6mmyd99,2026-03-20 15:56:02,111000,upi,0,0,setl_lkgzbjhy4tfgax,captured
pay_v1oqxwqb6e88ns,order_iz2g87suhadmu0,2026-01-09 15:16:46,105200,upi,0,0,setl_h9o3muublta3bw,captured
pay_gjknebooxue8k6,order_pnf5ui8d8nazpq,2026-03-22 14:17:29,75000,card,1500,270,setl_lkgzbjhy4tfgax,captured
pay_orggqocq46wes8,order_y1dttttuax2r02,2026-02-15 18:36:44,182000,card,3640,655,setl_9hpnkvdkx29mhx,captured
pay_ii5r8mfvvl2dfy,order_ohl7tvedyx07m0,2026-03-31 14:25:50,367900,card,7358,1324,setl_63hjwsjao5sf4p,captured
pay_9sertdfsnv73yi,order_80ry5xkljn1nro,2026-03-24 12:27:27,106000,upi,0,0,setl_bjuqk7c3un19bl,captured
pay_nfouhwxesgp5d8,order_2ql17pyy9fdq7u,2026-02-02 14:04:32,134300,upi,0,0,setl_l3k3kfcno0zwp9,captured
pay_n492y6idxyxdi5,order_gj7vpau6jhbgzq,2026-02-27 10:50:03,65800,upi,0,0,setl_wg96a9tv3603ep,captured
pay_fqdu37e7zz2exz,order_vcx2xcag3qikmr,2026-03-28 13:03:43,301600,netbanking,5730,1031,setl_wqkvxto3gxvlu7,captured
pay_omqgauf6ujjwu0,order_fvmrjt5ba7e0q3,2026-01-15 22:49:16,49800,card,996,179,setl_grv7k1qff39825,captured
pay_6ltw8a80ludg9c,order_1cx9qbr65js132,2026-01-10 18:07:49,499900,upi,0,0,setl_h9o3muublta3bw,captured
pay_dw5twkmn1oplmh,order_830pkagk1qc9n5,2026-03-08 17:16:06,229800,wallet,5056,910,setl_8rcowtf1l5jtt6,captured
pay_2s8r7a28akjmbe,order_w5o3mrtft5c1j6,2026-02-10 19:07:48,72800,upi,0,0,setl_ex4ek002gc2r1u,captured
pay_yn6vtmnq0fad5o,order_p5m1udkcqnugev,2026-01-21 14:15:42,131700,upi,0,0,setl_7u76rb7en0399o,captured
pay_bjsj7se04tm9b3,order_kbd9l79tip5aui,2026-01-31 18:43:19,138800,upi,0,0,setl_4sse8tbudyqcih,captured
pay_e5uvyavflq3ubm,order_4n59s23ejqfpac,2026-02-20 16:26:29,141700,upi,0,0,setl_qal9h36vfum300,captured
pay_5vcc3ms1pcaxc0,order_zptsy1hx9rvpia,2026-02-27 15:28:05,335100,card,6702,1206,setl_wg96a9tv3603ep,captured
pay_zu29ha4qc9nlmw,order_z4u7g8rgibnnwh,2026-03-28 19:53:32,66300,upi,0,0,setl_wqkvxto3gxvlu7,captured
pay_mnpb2w7nhrmp6n,order_y4py5bwmex92ps,2026-02-03 21:18:55,250900,upi,0,0,setl_cb3atkunlhj9mi,captured
pay_dzsqviqwlzsy7b,order_j9jc0i3bhigbr1,2026-02-28 15:59:08,67900,card,1358,244,setl_wg96a9tv3603ep,captured
pay_u3c6ie9vfxvvcy,order_xi9asrcrt2kiqe,2026-02-26 11:36:36,122400,upi,0,0,setl_t8widn28c970o0,captured
pay_9ko9vk34thv1y7,order_bga1wpogpd03vv,2026-01-26 19:42:21,42000,upi,0,0,setl_r7od0iq6cc73mp,captured
pay_kb6yfgamtfdqt1,order_xlcqo6opmkszor,2026-02-03 13:05:55,115100,upi,0,0,setl_cb3atkunlhj9mi,captured
pay_o06va828twlb5n,order_z1r0uv5ukflvhe,2026-03-16 15:06:33,215400,upi,0,0,setl_9ziplehvmcpcg3,captured
pay_grdteca5rjq93a,order_sbsq4x5hdcbvyx,2026-01-27 20:44:27,63900,wallet,1406,253,setl_lmc6qbtpgvhqfs,captured
pay_dijh8m76aapgzl,order_kdeyemc4hk1aqj,2026-03-09 09:04:26,57900,upi,0,0,setl_6qsiife23ixpuu,captured
pay_3x3h6ygichrka3,order_ve85k17m3teiu4,2026-01-03 20:24:54,305700,upi,0,0,setl_wepzs7szuqc9f6,captured
pay_x9i7fbpsj2h4os,order_9lz4sxrke3duyq,2026-02-05 09:19:05,211300,upi,0,0,setl_9redif5czb1c2o,captured
pay_319as3wz0e8lxz,order_2bvwfktc72vy58,2026-02-27 07:28:20,78200,upi,0,0,setl_wg96a9tv3603ep,captured
pay_p57h6jwfdz1bhx,order_nst0wsvx0xg6s0,2026-01-21 21:50:04,36400,card,728,131,setl_7u76rb7en0399o,captured
pay_9otemmwcsdu72m,order_mtvamciy4lc4m3,2026-03-26 13:55:30,247300,card,4946,890,setl_86tilepkwugepq,captured
pay_ihb3w8lljgtrtc,order_iqb32skxt8j8oy,2026-03-31 11:24:49,121600,upi,0,0,setl_63hjwsjao5sf4p,captured
pay_i95r3c93o8i0uv,order_br0qg79w2n4n1g,2026-02-02 15:53:18,105700,upi,0,0,setl_l3k3kfcno0zwp9,captured
pay_5ra1olsfrsjxvf,order_aiq90yv1axphtw,2026-02-16 09:25:20,842200,card,16844,3032,setl_hyo0coscm1600j,captured
pay_sbomqkourhjrk9,order_08nbjp5qg9usif,2026-03-29 15:12:05,76200,card,1524,274,setl_wqkvxto3gxvlu7,captured
pay_3rp9srgmejnu1o,order_pc78041xibd78h,2026-02-05 16:48:33,306300,upi,0,0,setl_9redif5czb1c2o,captured
pay_x3j2thrd2xq0bt,order_1klm2iyb9bbgxt,2026-02-24 16:00:08,503200,upi,0,0,setl_dlrkavuq1t51a1,captured
pay_b42o4anwdssrof,order_ok67n18rmfvfqx,2026-02-23 16:29:37,60500,netbanking,1150,207,setl_2ejmt21xr8n21l,captured
pay_v3ba6sqkfxm9zu,order_bdzgdosjm3ucxf,2026-02-15 17:01:18,88500,netbanking,1682,303,setl_9hpnkvdkx29mhx,captured
pay_a7dnpfkiun4idl,order_yr1ukogph536fu,2026-01-25 10:42:24,70200,upi,0,0,setl_pe6faz7kvftyvi,captured
pay_jpp15oy5kc1eh4,order_00mfbjncqyhptk,2026-01-04 17:43:12,45200,wallet,994,179,setl_wepzs7szuqc9f6,captured
pay_5a0a599zalxm5v,order_5jzvu0t9k6tpay,2026-03-09 09:56:53,160300,upi,0,0,setl_6qsiife23ixpuu,captured
pay_fk1z5hemqt3zme,order_lcy8523kfwzop1,2026-02-03 08:57:10,145400,netbanking,2763,497,setl_cb3atkunlhj9mi,captured
pay_godd48ct4sw9ci,order_gt5wmn3xp80wk4,2026-01-16 13:26:39,134900,upi,0,0,setl_jrm8iuv8pwnbst,captured
pay_67ghyom1wggrh0,order_uw89xgr4ezsrvd,2026-01-29 21:39:51,33300,card,666,120,setl_j502p555prthl8,captured
pay_xezntn0rne041d,order_4fmb19qm6isl0p,2026-02-04 18:41:04,37100,upi,0,0,setl_loeej8p0363err,captured
pay_3trsg97f3mekzo,order_2rorp5i8pkdjeo,2026-03-17 17:18:59,131900,netbanking,2506,451,setl_nf76s64rcbd6hk,captured
pay_evi4fral5jtp5j,order_hu3r76p8cto8rw,2026-02-06 11:53:23,37200,upi,0,0,setl_x9629fsv80nszb,captured
pay_jsvz7kdkwr1syn,order_uvvpigaf2y0q4w,2026-02-21 09:16:57,501200,card,10024,1804,setl_qal9h36vfum300,refunded
pay_tb7bi2fz9pwjry,order_b6k8dhf3x949ul,2026-01-29 17:08:29,53100,upi,0,0,setl_j502p555prthl8,captured
pay_l0845r8v8yni6m,order_bpihus5fqldgye,2026-03-16 18:34:43,160000,upi,0,0,setl_9ziplehvmcpcg3,captured
pay_pv5obnf2niwz67,order_hpjjajfa9gwc99,2026-03-12 09:45:15,36400,upi,0,0,setl_pjr716gfgceh8w,captured
pay_gz4edc91osas4g,order_now8632qb5rym3,2026-01-19 16:09:40,265200,upi,0,0,setl_ckovgkmddyvf20,captured
pay_c9bmqyn63fdgic,order_hni3varkasfwwn,2026-01-27 08:37:29,332400,netbanking,6316,1137,setl_lmc6qbtpgvhqfs,captured
pay_6als7l9madm7ye,order_yobwar14hs3dl6,2026-01-21 09:19:04,131400,netbanking,2497,449,setl_7u76rb7en0399o,captured
pay_cw13ks1tzh0dtg,order_dj8v8u9ddonily,2026-03-02 09:20:26,116300,upi,0,0,setl_gxt8aimmy71t26,captured
pay_p9bk7em711mant,order_oac7nvq2mj5ofw,2026-01-06 21:50:23,281700,card,5634,1014,setl_8zu1ktsnub3qzg,captured
pay_v8aua5xck1mwj4,order_63z5h51ew3zoth,2026-03-25 14:02:25,123700,netbanking,2350,423,setl_d932kldoq526i0,captured
pay_2v5co8uawmkon5,order_5p5khha0lkgzd2,2026-01-18 22:23:51,40100,card,802,144,setl_jrm8iuv8pwnbst,captured
pay_1bloc34psmnslk,order_1h41p31efdmv98,2026-01-10 21:02:32,145800,netbanking,2770,499,setl_h9o3muublta3bw,captured
pay_ezvdjni2g32mnc,order_jessry0b5l3zw3,2026-02-07 09:45:54,55400,upi,0,0,setl_x9629fsv80nszb,captured
pay_a7xknw0vw6poye,order_1ub4xvjmhl08xc,2026-03-10 19:19:47,74300,upi,0,0,setl_cy02355rxf3dgx,captured
pay_asdra0y98sstsv,order_3zglj8xmkjq776,2026-02-26 09:33:45,117300,upi,0,0,setl_t8widn28c970o0,captured
pay_mtfu107x0tgq4n,order_bs0kjsjv8owxw8,2026-01-31 11:32:42,143100,upi,0,0,setl_4sse8tbudyqcih,captured
pay_u8ifcqybgtabtx,order_cbmxhdzdhjv2m6,2026-03-04 12:54:48,57300,upi,0,0,setl_id6lid416qfq61,captured
pay_fzvbeaqsxpdd8m,order_2tq3fflgtd5wet,2026-03-28 14:55:06,117800,upi,0,0,setl_wqkvxto3gxvlu7,captured
pay_ufy9slqjabjmwq,order_iicjixh4mpsj6t,2026-03-12 08:26:56,333600,card,6672,1201,setl_pjr716gfgceh8w,captured
pay_zw5j959ffj1g1t,order_fle38p7wyqk6xx,2026-03-30 11:29:39,772200,upi,0,0,setl_j85ptu7k9no41z,captured
pay_f2259evub3gos8,order_3s2ove971c60ib,2026-02-28 21:32:22,76600,upi,0,0,setl_wg96a9tv3603ep,captured
pay_6b2ryei1cfji1k,order_7shozmlev85nis,2026-02-04 20:07:55,142100,upi,0,0,setl_loeej8p0363err,captured
pay_ys7rmtakggzph4,order_tv51xyc50kbnpf,2026-02-16 09:54:22,319900,upi,0,0,setl_hyo0coscm1600j,captured
pay_pb7pobeww3lss7,order_kvphpm5zx4318n,2026-01-05 15:01:35,32200,card,644,116,setl_jb4iycka7ebxm4,captured
pay_il159iiy5jly09,order_fcw0hngz0hdtt9,2026-03-23 12:56:26,39600,upi,0,0,setl_ihlz60xnvw9v27,captured
pay_tk1gqrhnv2evv4,order_3mhw9eumq8o5aj,2026-03-31 21:24:30,36400,upi,0,0,setl_63hjwsjao5sf4p,captured
pay_5xkf0b3xvnbd3j,order_fksb3gn4gddcdq,2026-03-30 19:02:37,98100,upi,0,0,setl_j85ptu7k9no41z,captured
pay_s364ejacqlyhv7,order_obct4v4cbwxtf1,2026-01-19 11:17:51,150200,upi,0,0,setl_ckovgkmddyvf20,captured
pay_zq1szelvandu6s,order_e109mfqfediuse,2026-03-06 22:09:49,43400,upi,0,0,setl_8rcowtf1l5jtt6,captured
pay_o88etehhxkb7ml,order_kfz5xj7lo74pj7,2026-03-20 11:42:15,92200,wallet,2028,365,setl_lkgzbjhy4tfgax,captured
pay_7cs9y1nzss8nwn,order_g24tbx8i4x1pig,2026-03-02 15:24:08,50500,card,1010,182,setl_gxt8aimmy71t26,captured
pay_zvjveun8omxfny,order_kdmil8z5uqxjnk,2026-02-18 22:54:34,84200,upi,0,0,setl_marwnoou4khb0k,captured
pay_6ufvludhn2sw8n,order_586ovxes7a6aj6,2026-01-04 12:55:36,135900,card,2718,489,setl_wepzs7szuqc9f6,captured
pay_rcp0evii5w5zxy,order_qvbhfnx6jq4hza,2026-01-30 08:34:35,59800,wallet,1316,237,setl_4sse8tbudyqcih,captured
pay_5fkseba3rq615f,order_0i8sdoryj6d49d,2026-01-30 07:18:04,146100,upi,0,0,setl_4sse8tbudyqcih,captured
pay_yvfciwkdu840a7,order_qux57i3buv15pc,2026-02-20 13:02:08,70100,netbanking,1332,240,setl_qal9h36vfum300,captured
pay_nk7deli798rins,order_baui46ln3gb6t6,2026-02-07 15:42:36,58000,upi,0,0,setl_x9629fsv80nszb,captured
pay_lg84toivdkrlmc,order_bklq7yg0fcqiwu,2026-01-25 20:26:09,53400,upi,0,0,setl_pe6faz7kvftyvi,captured
pay_nfe3o0n1cmaaqo,order_noodsz8d7jh8a3,2026-02-21 08:31:14,554500,upi,0,0,setl_qal9h36vfum300,captured
pay_a1wy7sd9rhw3vw,order_ts2ie895ufnuqu,2026-03-18 17:17:17,107000,upi,0,0,setl_i779xkgycurgiw,captured
pay_iq45erolvkciuo,order_vjpia6cta0bfmj,2026-01-18 18:53:20,94700,upi,0,0,setl_jrm8iuv8pwnbst,captured
pay_kec5010dhz1jid,order_pdznfwx7e5pjgg,2026-01-18 17:28:31,33300,wallet,733,132,setl_jrm8iuv8pwnbst,captured
pay_w04jfqi6zp4yzy,order_b522foyqer6veo,2026-01-12 18:39:30,57000,netbanking,1083,195,setl_9ein7jcd4rdl3a,captured
pay_bogxqttfenb8nr,order_xmq809m70n2q3g,2026-03-06 09:32:49,114500,upi,0,0,setl_8rcowtf1l5jtt6,refunded
pay_b3qaxl935jxgjn,order_v5siuoks73vhh0,2026-01-30 17:15:55,58900,upi,0,0,setl_4sse8tbudyqcih,captured
pay_rizxaiab4j5eq9,order_9qvf4yadc3s7ih,2026-02-02 06:01:55,65600,upi,0,0,setl_l3k3kfcno0zwp9,refunded
pay_yhxz0uvx1ln8yt,order_gfiizhouz24kd0,2026-01-30 20:43:50,70400,card,1408,253,setl_4sse8tbudyqcih,captured
pay_r1who5fpz5chhm,order_t4m477ltuyzxem,2026-02-20 08:03:21,69500,upi,0,0,setl_qal9h36vfum300,captured
pay_yym5fqp0cvai4z,order_5p4olmzmvxs92p,2026-03-30 19:49:42,140700,upi,0,0,setl_j85ptu7k9no41z,captured
pay_rk76qwqikta9km,order_0xrhjy7wzfte9l,2026-03-05 08:13:21,48000,upi,0,0,setl_1pprr34her4zyz,refunded
pay_cjmonesgj9ifg0,order_og7eqz382tok1c,2026-02-13 09:46:02,77000,card,1540,277,setl_9hpnkvdkx29mhx,captured
pay_ms8neq1lvzgm5m,order_hm0i0rf1w9ne5g,2026-03-04 18:40:09,267200,netbanking,5077,914,setl_id6lid416qfq61,captured
pay_vzopr47m73v2wr,order_bwn553ho99zvpa,2026-02-08 18:08:10,46900,card,938,169,setl_x9629fsv80nszb,captured
pay_81gdejuwlxc6g8,order_nc3rigl4ajkv0u,2026-01-13 10:28:07,37600,netbanking,714,129,setl_svzb0gabvczqv4,captured
pay_mjq2nsmou9mje2,order_tjqdmols90dhd0,2026-03-18 15:47:38,252300,upi,0,0,setl_i779xkgycurgiw,captured
pay_kl8gncrukc5tmz,order_yj83elw0k3bc8u,2026-03-26 13:13:54,51000,upi,0,0,setl_86tilepkwugepq,captured
pay_r9g594xux18io3,order_1edfa9zch09pys,2026-01-30 15:48:31,290100,upi,0,0,setl_4sse8tbudyqcih,captured
pay_wec37bl7w3mibi,order_xcfohcss5405jx,2026-02-06 11:46:17,59800,card,1196,215,setl_x9629fsv80nszb,refunded
pay_er7ghdlt19jjg8,order_kwbm0uhvast6vw,2026-02-26 19:45:59,98300,netbanking,1868,336,setl_t8widn28c970o0,captured
pay_4247ka7xdczjk7,order_mpzra6mvh7f2l1,2026-02-28 20:44:41,132100,card,2642,476,setl_wg96a9tv3603ep,captured
pay_6l4yja1xzlaiqv,order_l1flwz8odf5bd6,2026-01-01 21:28:24,147000,upi,0,0,setl_2lzlm5imf0kd5q,captured
pay_cjof0waj3qnlqo,order_l72i4wn8is9e4s,2026-03-03 06:04:58,148700,upi,0,0,setl_s36ohm15574nxh,captured
pay_okboemqaxrvi7j,order_ivry1ulnsz825n,2026-03-25 06:47:04,143200,upi,0,0,setl_d932kldoq526i0,captured
pay_aas4usvae8mugm,order_8kqbxpvzdly2ux,2026-01-13 11:04:07,53900,upi,0,0,setl_svzb0gabvczqv4,captured
pay_4q6g2s0hfpc56d,order_aj3ja47whey31d,2026-01-15 15:26:25,112900,upi,0,0,setl_grv7k1qff39825,captured
pay_4o3yjfnnhfzmw5,order_otwbcq4xxq6lsh,2026-01-15 18:04:46,120500,upi,0,0,setl_grv7k1qff39825,captured
pay_jsmoap0r3doku7,order_wm2yicanjaoic0,2026-03-30 21:26:36,32400,upi,0,0,setl_j85ptu7k9no41z,captured
pay_2afzbc70aj6rcp,order_bnkr0t1lnui3v6,2026-01-07 20:38:40,85700,netbanking,1628,293,setl_jde75ge9flap8q,captured
pay_1brwyyeerhv5i6,order_at9mme5cgy02q0,2026-03-18 10:15:09,253400,netbanking,4815,867,setl_i779xkgycurgiw,captured
pay_wxi3j1ja8pz08a,order_696zp17i7u240f,2026-03-17 15:30:14,349000,upi,0,0,setl_nf76s64rcbd6hk,refunded
pay_jj7arln6dv9sc4,order_ndc9p28znkt2w4,2026-03-03 13:02:13,101100,card,2022,364,setl_s36ohm15574nxh,captured
pay_ns7fmlydqa1be9,order_566rfjma3jc0n1,2026-03-05 06:17:50,102500,upi,0,0,setl_1pprr34her4zyz,captured
pay_qr3t9a6f93bst5,order_fz8c6iql9vn7mk,2026-01-31 17:47:20,313700,netbanking,5960,1073,setl_4sse8tbudyqcih,captured
pay_60rqcrf5jmrwwd,order_24ugno0refra79,2026-02-27 08:35:22,334100,upi,0,0,setl_wg96a9tv3603ep,captured
pay_3l59pbaumlzdyu,order_zhpin0ss6p1vwo,2026-01-12 06:01:10,94800,netbanking,1801,324,setl_9ein7jcd4rdl3a,captured
pay_mpxq3da6kkzkd7,order_fe96fwz0e88otv,2026-01-02 06:30:07,37100,upi,0,0,setl_wepzs7szuqc9f6,captured
pay_ct0n6oeh5r6tg0,order_xxzscorlrzf67v,2026-03-07 19:10:32,65700,upi,0,0,setl_8rcowtf1l5jtt6,captured
pay_gpcme23x08prbh,order_jsxotakkuy9npj,2026-02-07 19:04:02,640700,upi,0,0,setl_x9629fsv80nszb,captured
pay_659jpqyzvad1fr,order_je3djer1i8khry,2026-02-12 12:26:06,61900,upi,0,0,setl_blfhrgh8cu53a4,captured
pay_cc9h5jzb98fytb,order_8cdyunul0bj2gx,2026-02-26 12:58:22,65200,upi,0,0,setl_t8widn28c970o0,captured
pay_mjmudnpwpztfdb,order_cfuqy43lshgi6v,2026-03-06 21:32:27,77800,upi,0,0,setl_8rcowtf1l5jtt6,captured
pay_g8685bgn62y75x,order_r3edmdxth83om9,2026-03-01 06:40:10,36700,upi,0,0,setl_wg96a9tv3603ep,captured
pay_2632xmunc7ycrq,order_sadpdbls6cccuf,2026-02-28 21:39:50,62400,card,1248,225,setl_wg96a9tv3603ep,captured
pay_oezpwnrobrn59o,order_8kz10i9xkb0erd,2026-01-21 06:52:34,78400,card,1568,282,setl_7u76rb7en0399o,captured
pay_9oz89c411mg3iz,order_ua4d9ht7gyg50t,2026-02-08 10:05:44,133000,upi,0,0,setl_x9629fsv80nszb,captured
pay_rb3ge2qpbm1b8b,order_slktono0clh6js,2026-02-24 11:45:37,47500,upi,0,0,setl_dlrkavuq1t51a1,captured
pay_29l2jlwyst407n,order_fnt7qo8559s6g9,2026-01-12 08:28:49,44100,upi,0,0,setl_9ein7jcd4rdl3a,captured
pay_2x7qfi7grup7q8,order_c4btmj0zqa0an4,2026-01-01 10:57:40,35200,card,704,127,setl_2lzlm5imf0kd5q,captured
pay_9e3ebmj49395d3,order_nxpeiu5vufl0r9,2026-02-08 07:49:11,60300,upi,0,0,setl_x9629fsv80nszb,captured
pay_64zmwxo8cx9p7g,order_4nvdqzs3l66cxi,2026-03-17 10:51:19,516800,upi,0,0,setl_nf76s64rcbd6hk,captured
pay_ksz9gy019s2i2y,order_ym42mu89srctd6,2026-01-04 06:45:24,257100,card,5142,926,setl_wepzs7szuqc9f6,captured
pay_10or8e8eho23rm,order_q2fqqs037wrrz0,2026-02-26 21:10:06,131800,upi,0,0,setl_t8widn28c970o0,captured
pay_lozl76cgljn59l,order_29kn91o9bwho4l,2026-03-21 08:07:52,444300,upi,0,0,setl_lkgzbjhy4tfgax,captured
pay_5m15zrqq2bit0d,order_3t0wac57dtrlb3,2026-01-06 09:31:33,43100,upi,0,0,setl_8zu1ktsnub3qzg,captured
pay_nt8aurl8qykisv,order_b7h91raxqocbkn,2026-02-18 21:17:19,132100,upi,0,0,setl_marwnoou4khb0k,captured
pay_kvkbr7j1ma1fbx,order_mb29qaoxbm8m00,2026-02-10 13:23:13,101800,upi,0,0,setl_ex4ek002gc2r1u,captured
pay_rco1nnj7qrd0ju,order_cnoowmjhh2avry,2026-02-02 15:14:30,33800,upi,0,0,setl_l3k3kfcno0zwp9,captured
pay_puspfpihe2x2nz,order_k1b9zbuf73hdxp,2026-02-14 10:22:06,58700,upi,0,0,setl_9hpnkvdkx29mhx,captured
pay_os4n8htk08hmxp,order_g1eqh2uknlzjos,2026-03-04 11:26:03,72400,upi,0,0,setl_id6lid416qfq61,captured
pay_5rqrsmfsiepyij,order_jrhdbgjjgg3ayw,2026-02-08 20:39:44,68700,upi,0,0,setl_x9629fsv80nszb,captured
pay_8msei6k3y2790g,order_op6is185wijben,2026-02-08 08:20:56,48400,upi,0,0,setl_x9629fsv80nszb,captured
pay_v0t1bt3dcyfjxp,order_4rjdlim8mtx1tq,2026-01-08 21:11:44,44100,upi,0,0,setl_xx3zh6x38f6k9i,captured
pay_nkss7pqlibgwtf,order_ji7cnz7349fh00,2026-01-02 07:12:50,132400,card,2648,477,setl_wepzs7szuqc9f6,refunded
pay_vbs2wb4tbzkuqx,order_i4xt57rr412pon,2026-03-31 18:34:20,66700,netbanking,1267,228,setl_63hjwsjao5sf4p,captured
pay_9y5g76vjk4kc1w,order_ztkdzcn80htcyx,2026-03-29 20:56:37,48400,card,968,174,setl_wqkvxto3gxvlu7,captured
pay_o2s786v1gx9k9g,order_l8lfmjo20dx5hv,2026-03-31 18:40:41,210600,upi,0,0,setl_63hjwsjao5sf4p,captured
pay_efz9f088fuu27u,order_xfl8ecxqqn0sew,2026-01-23 22:51:31,107600,upi,0,0,setl_pe6faz7kvftyvi,refunded
pay_czi0lpnqihfh8h,order_lcy0ufl31vnq25,2026-01-24 14:11:00,50900,upi,0,0,setl_pe6faz7kvftyvi,captured
pay_8mg73fv79vvudf,order_bfaib0568ogmg4,2026-01-22 08:02:48,145600,upi,0,0,setl_olhoefx33wper0,captured
pay_h9iaw9uabegdo5,order_16o7corgwjxt6q,2026-02-12 10:23:52,132900,upi,0,0,setl_blfhrgh8cu53a4,captured
pay_hgq9jrr0oapvwi,order_fs3qqieo6b6fje,2026-03-15 21:45:51,88000,card,1760,317,setl_ob1zbkbpqox76q,captured
pay_was2l5fswdtrj3,order_jic7uec8k5ox02,2026-03-27 17:37:18,41700,netbanking,792,143,setl_wqkvxto3gxvlu7,captured
pay_nptgjjzzrg68yd,order_dtmwyqyodbuq1a,2026-03-07 19:16:01,37700,card,754,136,setl_8rcowtf1l5jtt6,captured
pay_knf6kd22o2thd3,order_dop1soonwegre3,2026-01-17 21:30:15,134800,upi,0,0,setl_jrm8iuv8pwnbst,captured
pay_xv4pcb37igxq11,order_212ephsiuuqo8b,2026-02-03 09:07:09,77600,upi,0,0,setl_cb3atkunlhj9mi,captured
pay_l2905iinydszd6,order_sjy7jcfog7r0wg,2026-03-15 09:54:32,215500,card,4310,776,setl_ob1zbkbpqox76q,captured
pay_xhbuq2nis8m8fa,order_njimvitf9n89v5,2026-03-22 06:26:33,39800,card,796,143,setl_lkgzbjhy4tfgax,captured
pay_c3hchcn9ntaorn,order_qj6qbohq9bvsww,2026-01-20 18:33:33,147600,wallet,3247,584,setl_i1ppblfh8tj5m7,captured
pay_m51xuj8b2tfl0a,order_w8x8fkw8ndss4s,2026-01-12 06:16:47,53300,card,1066,192,setl_9ein7jcd4rdl3a,captured
pay_36oof4lj4bzz61,order_bkdmv7ak9dtz27,2026-02-03 10:48:45,34400,card,688,124,setl_cb3atkunlhj9mi,captured
pay_eeahh0vt0v9spx,order_kxulj6t63iwran,2026-02-27 20:11:03,345200,upi,0,0,setl_wg96a9tv3603ep,captured
pay_1w99g6sxl6ae64,order_zltmzo1ndojqv1,2026-03-29 20:27:29,115300,upi,0,0,setl_wqkvxto3gxvlu7,captured
pay_54pw157vnrq3sx,order_9fplshb3zbsrpz,2026-03-30 15:21:12,107500,netbanking,2043,368,setl_j85ptu7k9no41z,captured
pay_27pldqbymvwr58,order_5cpx07dovn2hig,2026-01-26 18:52:52,40900,card,818,147,setl_r7od0iq6cc73mp,captured
pay_bzjgid8pxiob34,order_ws6dg2rgw63xtl,2026-02-22 06:44:08,433100,upi,0,0,setl_qal9h36vfum300,captured
pay_wqjldejm29tqln,order_j41f37wov9vadr,2026-02-12 09:55:13,335000,upi,0,0,setl_blfhrgh8cu53a4,captured
pay_iknwxldjhy9njy,order_mwoo8cf8aim3x2,2026-03-20 10:42:02,91300,upi,0,0,setl_lkgzbjhy4tfgax,captured
pay_mbj3plu2fmpteg,order_mpj9izhxkgcdde,2026-01-07 14:02:43,144700,card,2894,521,setl_jde75ge9flap8q,captured
pay_yipjoalhgjs0jx,order_dgxvj4h0uxapdr,2026-01-17 17:06:04,48700,netbanking,925,167,setl_jrm8iuv8pwnbst,captured
pay_cxrwt1ztabhg7q,order_m68q0y9jf5w36m,2026-03-04 13:07:36,76900,upi,0,0,setl_id6lid416qfq61,captured
pay_90lj26ypbz84qf,order_18rm7z02xvtk47,2026-02-19 08:56:31,864500,card,17290,3112,setl_57dkr8we1ld4hf,captured
pay_1gztortfn7d6ea,order_mvewjh0o9vue6g,2026-02-26 09:35:57,63800,upi,0,0,setl_t8widn28c970o0,captured
pay_k7fmkileiyz2d0,order_19baajtajj6u10,2026-01-14 09:34:57,124300,card,2486,447,setl_opdcf6j5wixc2v,captured
pay_crjmtxdihyqk8g,order_wi9y9vsvasxxjt,2026-03-18 15:31:43,79200,upi,0,0,setl_i779xkgycurgiw,captured
pay_m0uu4wvy325hwg,order_ja8ordsnio7myi,2026-03-04 11:04:03,327900,netbanking,6230,1121,setl_id6lid416qfq61,captured
pay_430olwrsbyagl1,order_ktl8s4jylmrdn3,2026-01-19 21:46:57,66500,upi,0,0,setl_ckovgkmddyvf20,captured
pay_9lh1o1kgvdztsf,order_a5q07k34hjmk2q,2026-03-18 16:46:11,57800,upi,0,0,setl_i779xkgycurgiw,captured
pay_dorwn98u9twbkq,order_xpobi6gacv969w,2026-01-16 13:38:26,144600,upi,0,0,setl_jrm8iuv8pwnbst,captured
pay_tdmsdbb46g2lu7,order_m5z5ja7hmk1e2o,2026-02-01 13:59:22,266500,upi,0,0,setl_4sse8tbudyqcih,captured
pay_2j79eqedwy0pes,order_5vcjrvjoy21zeg,2026-01-12 10:55:33,133300,netbanking,2533,456,setl_9ein7jcd4rdl3a,captured
pay_oje91npor45wti,order_3zq2k4y7gx1obu,2026-03-31 20:18:01,107900,upi,0,0,setl_63hjwsjao5sf4p,captured
pay_eq2c8s5qzyedwd,order_vzskqkkab2tff6,2026-01-31 10:36:04,35600,card,712,128,setl_4sse8tbudyqcih,captured
pay_9v17tzge0ad02u,order_f9of70udnek9je,2026-02-27 21:58:52,141300,upi,0,0,setl_wg96a9tv3603ep,captured
pay_ni57a8zfx326p1,order_i2n7ggezk3hkv6,2026-01-21 13:28:23,129000,upi,610,110,setl_7u76rb7en0399o,captured
pay_qfegi5npbnf55q,order_vb8nlk04u9qagj,2026-02-18 09:06:38,71600,upi,0,0,setl_marwnoou4khb0k,captured
pay_aneyt7l1jch72g,order_xbdg725t56ek7g,2026-01-25 06:01:28,31100,upi,0,0,setl_pe6faz7kvftyvi,captured
pay_t12b7yk2zpf8gf,order_hxecvya9qk1bj1,2026-03-17 09:02:26,50500,upi,0,0,setl_nf76s64rcbd6hk,captured
pay_10heynw6zy1dgr,order_1zhmt6x5j9o1fq,2026-03-24 17:32:32,93000,upi,0,0,setl_bjuqk7c3un19bl,captured
pay_obvn70l4p3mqnw,order_6qg70jdctfv3gl,2026-03-05 21:22:53,58000,wallet,1276,230,setl_1pprr34her4zyz,captured
pay_45o68uaz0flocw,order_8dd96bzw5to7gk,2026-02-27 17:22:51,33100,netbanking,629,113,setl_wg96a9tv3603ep,captured
pay_prpnw9izffnijs,order_gx8vk6rakbbunc,2026-02-27 17:37:14,319300,netbanking,6067,1092,setl_wg96a9tv3603ep,captured
pay_g62wdc9amj6t5n,order_lpw11l38ji6q75,2026-01-24 08:34:07,76500,card,1530,275,setl_pe6faz7kvftyvi,captured
pay_qa9pfr9zd8mxbb,order_8u15l48a6lla6c,2026-01-14 14:31:03,56900,card,1138,205,setl_opdcf6j5wixc2v,captured
pay_wimkb3h00e8p72,order_43l7lv6p0a8ahv,2026-02-04 20:34:42,119300,upi,0,0,setl_loeej8p0363err,captured
pay_j6e2auh2ahpsy3,order_q7iez1mg06ixpp,2026-01-16 22:33:06,30700,upi,0,0,setl_jrm8iuv8pwnbst,captured
pay_536of3pux38fta,order_4atujz40wgk153,2026-02-27 17:07:08,125300,upi,0,0,setl_wg96a9tv3603ep,captured
pay_f3yh8kcgvef3pe,order_0xdnvynh1l37ur,2026-02-05 10:45:00,48100,card,962,173,setl_9redif5czb1c2o,captured
pay_k54tmk0x73akuq,order_do87v8ley6zasn,2026-02-18 14:28:05,289600,card,5792,1043,setl_marwnoou4khb0k,captured
pay_noaejlt02oie0k,order_3zjhn9p2ghxlyl,2026-02-22 17:54:58,95900,upi,0,0,setl_qal9h36vfum300,captured
pay_76293bfx8v1nw4,order_l9gwqymrvmj2jr,2026-03-31 17:10:41,52100,netbanking,990,178,setl_63hjwsjao5sf4p,captured
pay_hzijogvxe35rej,order_8kezb0efr64d1c,2026-01-06 11:14:18,38200,card,764,138,setl_8zu1ktsnub3qzg,captured
pay_roahxumuam35o5,order_vgxz29w064z71x,2026-01-11 06:16:18,306800,card,6136,1104,setl_h9o3muublta3bw,captured
pay_gpwfq3n1jk9xc5,order_6j9hvo2kmnfy8s,2026-02-19 17:19:54,301500,upi,0,0,setl_57dkr8we1ld4hf,captured
pay_8g7hhmyyhzizg7,order_dn7e84e8e5a8b5,2026-02-14 08:40:36,480700,card,9614,1731,setl_9hpnkvdkx29mhx,refunded
pay_uhcg7nzzj3w2d7,order_4qr48pfpt7ooht,2026-02-20 18:38:56,71000,upi,0,0,setl_qal9h36vfum300,captured
pay_3z2jsxf9aekn7m,order_iycmuk09w0kfuh,2026-01-27 13:13:01,134000,upi,0,0,setl_lmc6qbtpgvhqfs,captured
pay_yv9jboj67umhsj,order_ejniodye449ld1,2026-01-14 13:13:06,129000,card,2580,464,setl_opdcf6j5wixc2v,captured
pay_g4nkozkuai9j70,order_jcz6tko3dh3dye,2026-02-22 12:19:24,76700,netbanking,1457,262,setl_qal9h36vfum300,captured
pay_t1ghewy5xj7ywv,order_bayoigqxdlvl0g,2026-02-17 07:30:28,57500,upi,0,0,setl_9994rz2os2zywh,captured
pay_dwgkvn0u5vx8ev,order_ov1futtjrj8ld3,2026-02-26 14:45:24,317300,upi,0,0,setl_t8widn28c970o0,captured
pay_zo3twg7j0nofui,order_jdkee3zrxa6n4u,2026-03-26 22:43:30,60600,card,1212,218,setl_86tilepkwugepq,captured
pay_f9uudcrkhvk5zk,order_9r79cjrz1iqec0,2026-03-23 19:39:41,139400,card,2788,502,setl_ihlz60xnvw9v27,captured
pay_ckrxprgfcm5oju,order_4utkg24429es75,2026-01-04 07:21:22,74000,netbanking,1406,253,setl_wepzs7szuqc9f6,captured
pay_b3hmqeo7tb6sdr,order_rkxb24v049z0m2,2026-02-03 10:31:20,77200,upi,0,0,setl_cb3atkunlhj9mi,captured
pay_wj8g5lzyj17ctn,order_sbwd2cj9l4wbyv,2026-02-21 08:46:34,61300,card,1226,221,setl_qal9h36vfum300,captured
pay_gioyi54fx2hf4q,order_rup7hsdgm5x783,2026-01-24 17:52:41,128800,netbanking,2447,440,setl_pe6faz7kvftyvi,captured
pay_rcbjr65v40pa16,order_1js8jvyu9ugc48,2026-02-13 17:09:13,263700,upi,0,0,setl_9hpnkvdkx29mhx,captured
pay_kpk3a0rtc375pq,order_ha8kk3xt22pdyt,2026-03-22 11:18:12,247900,upi,0,0,setl_lkgzbjhy4tfgax,captured
pay_9ajdj981wu43rv,order_69h79m10qafmhw,2026-03-02 18:36:51,75900,upi,0,0,setl_gxt8aimmy71t26,captured
pay_0i2w9dvwqp5cpb,order_ui3xemok7v42ki,2026-02-23 12:10:42,309500,upi,0,0,setl_2ejmt21xr8n21l,captured
pay_c7b02b279nvabp,order_374ne4dnwrijam,2026-02-15 15:18:52,282600,netbanking,5369,966,setl_9hpnkvdkx29mhx,captured
pay_5vdtmmvek5giqw,order_kebramdzym570g,2026-02-12 06:12:38,304400,upi,0,0,setl_blfhrgh8cu53a4,refunded
pay_i3vs4v316sydps,order_nv6bqvi9r9te19,2026-01-23 11:49:36,114900,upi,0,0,setl_pe6faz7kvftyvi,captured
pay_uelgr93ogzjdxd,order_0vur6o9a4gpqn2,2026-01-21 16:44:23,77300,upi,0,0,setl_7u76rb7en0399o,captured
pay_s7r1ram9prnk7a,order_17vm5dofibhwjo,2026-03-19 16:14:13,173100,wallet,3808,685,setl_hjydfszyf4rzmu,captured
pay_tha1a5wba15bbx,order_ckrjm3bh9972dd,2026-02-12 16:52:36,63800,card,1276,230,setl_blfhrgh8cu53a4,captured
pay_6kkw2z3plmt0ur,order_gvrawdrocv1llk,2026-03-29 17:57:00,146700,upi,0,0,setl_wqkvxto3gxvlu7,captured
pay_jilj24lzurm8v2,order_vk03dt8eygxcqg,2026-01-22 08:36:03,43900,upi,0,0,setl_olhoefx33wper0,captured
pay_zoz62hxm2bjjju,order_b9csssvcg7njx9,2026-03-28 06:26:23,38700,upi,0,0,setl_wqkvxto3gxvlu7,captured
pay_fk2qd8gzflgs2t,order_popn5mgejlo4tz,2026-03-03 10:14:59,79800,upi,0,0,setl_s36ohm15574nxh,captured
pay_wqpj96h203lv2o,order_q0bnjrbhpslmns,2026-02-27 19:31:22,93400,upi,0,0,setl_wg96a9tv3603ep,captured
pay_4hnjyzcvy7bewt,order_h76i7nqp2vlnph,2026-01-06 08:11:36,77000,upi,0,0,setl_8zu1ktsnub3qzg,captured
pay_h1fk375kafeyt2,order_pefo0rp2g5wf7d,2026-03-17 18:54:58,66200,upi,0,0,setl_nf76s64rcbd6hk,captured
pay_ogcmhmz8jur0i2,order_7kfahw1my5ayfx,2026-03-04 07:45:02,86200,upi,0,0,setl_id6lid416qfq61,captured
pay_mar5qlp7d4uz8o,order_ipu82h63vuroup,2026-01-30 07:24:06,41800,card,836,150,setl_4sse8tbudyqcih,captured
pay_2jbkfk2mayc5th,order_m4kp4vze8l9gx5,2026-02-02 17:54:12,47700,netbanking,906,163,setl_l3k3kfcno0zwp9,captured
pay_6b0d9ugfuviscx,order_6t40vbky9xozb4,2026-02-12 17:29:42,132900,upi,0,0,setl_blfhrgh8cu53a4,captured
pay_04nq6h3zbkt6dq,order_f28ybj7ttumcpa,2026-01-22 19:04:12,261500,wallet,5753,1036,setl_olhoefx33wper0,captured
pay_qypkblnily75pl,order_0qwme8qgka9one,2026-03-11 22:12:03,817400,wallet,17983,3237,setl_mi7tt2ol7lcfi6,captured
pay_bbqoxo6eb59p87,order_xw1mbjd9zz8hfh,2026-03-23 21:21:09,41300,card,826,149,setl_ihlz60xnvw9v27,captured
pay_dy46om3ducxydg,order_lhp5a8mjkkxa6k,2026-02-23 16:01:24,78500,upi,0,0,setl_2ejmt21xr8n21l,captured
pay_lkd1m12f5l1ilj,order_apdrtop6x23z6b,2026-03-30 10:29:38,59300,upi,0,0,setl_j85ptu7k9no41z,captured
pay_3n1p3b1eul3a61,order_zwix47785i15ch,2026-01-25 10:34:10,310200,card,6204,1117,setl_pe6faz7kvftyvi,captured
pay_i4at8saoy2i5hm,order_idqtumpf5q1qgk,2026-02-07 14:55:49,160000,upi,0,0,setl_x9629fsv80nszb,captured
pay_ucha9kj2m4lwkm,order_b9rlnqpsvg9u4r,2026-02-14 17:21:03,40200,netbanking,764,138,setl_9hpnkvdkx29mhx,captured
pay_ich7j2byjj9z3l,order_r60w8hy5alo3rb,2026-03-30 06:01:10,48600,upi,0,0,setl_j85ptu7k9no41z,captured
pay_q7ttyoagamqwdf,order_vnmh0td2hbbsfg,2026-02-06 07:17:13,55600,card,1112,200,setl_x9629fsv80nszb,captured
pay_lxz3aq99eez6nb,order_51ufennmcunpsh,2026-02-11 17:26:21,59300,upi,0,0,setl_owvw9a3grfow7z,captured
pay_dca8t01d1ttfyk,order_ifomlofdu4ukz7,2026-02-15 17:32:05,819700,upi,0,0,setl_9hpnkvdkx29mhx,captured
pay_y7xj9ou9hstrcr,order_wudn65j57641pg,2026-03-23 18:27:10,129100,upi,0,0,setl_ihlz60xnvw9v27,captured
pay_z6cya34p6exeof,order_7oftqvlb7kfrjk,2026-03-24 20:38:48,55900,card,1118,201,setl_bjuqk7c3un19bl,captured
pay_w7nq2hgzc8w1bx,order_1sgk461y1mm32r,2026-03-15 07:59:02,63700,card,1274,229,setl_ob1zbkbpqox76q,captured
pay_9160joxpmd2ipj,order_n1u3yzuii4bngi,2026-01-22 14:01:09,77300,upi,0,0,setl_olhoefx33wper0,captured
pay_biu89h8j5bnh2d,order_d93bpwur724ri5,2026-03-15 15:25:35,55000,upi,0,0,setl_ob1zbkbpqox76q,captured
pay_24f1fght41rvoh,order_jt32s8p1oxobxj,2026-02-19 22:56:16,145200,upi,0,0,setl_57dkr8we1ld4hf,refunded
pay_ew3p2z8wwiyzj9,order_gwp95rcpo4msua,2026-02-23 20:26:22,31700,upi,0,0,setl_2ejmt21xr8n21l,captured
pay_wr2g36hq3ayk8k,order_t6por9oe8bx3fi,2026-03-18 08:42:12,127300,upi,0,0,setl_i779xkgycurgiw,captured
pay_pqqd3mbd7omxb6,order_8b1xfzpwjen7kv,2026-01-11 06:43:36,38400,upi,0,0,setl_h9o3muublta3bw,captured
pay_1jj44okiwfssea,order_sgk02qkq5wxdls,2026-02-17 17:39:53,36500,upi,0,0,setl_9994rz2os2zywh,captured
pay_5iv8lkttnopgkg,order_t3fi4084x7vkkn,2026-03-27 11:31:24,59900,upi,0,0,setl_wqkvxto3gxvlu7,captured
pay_lvvfujaepag3g0,order_hp6o7w2aevl0ss,2026-01-27 08:57:52,124300,netbanking,2362,425,setl_lmc6qbtpgvhqfs,captured
pay_gca5vdortpvsrv,order_0jsa6zut26n8aj,2026-01-31 16:36:37,70400,card,1408,253,setl_4sse8tbudyqcih,captured
pay_6t46bff6rj5ns9,order_2k3ldeinrnnq58,2026-02-20 22:57:32,32600,upi,0,0,setl_qal9h36vfum300,captured
pay_7lf5n3vnhrih5n,order_btkvrkledsno9x,2026-02-19 08:21:04,39700,netbanking,754,136,setl_57dkr8we1ld4hf,captured
pay_5dnfvmfpqmt7m4,order_stfd8jyo1al29z,2026-02-07 17:42:23,74400,upi,0,0,setl_x9629fsv80nszb,captured
pay_yjqujlhklsreko,order_h6vcwco4oartn7,2026-02-03 06:21:02,76600,card,1532,276,setl_cb3atkunlhj9mi,captured
pay_rjgov69x39daut,order_d0rh8v0tf7wl9m,2026-02-19 12:35:25,69700,upi,0,0,setl_57dkr8we1ld4hf,refunded
pay_e9g4xtfmnpkits,order_3y2ssd2425g3j5,2026-01-14 15:54:43,107700,upi,0,0,setl_opdcf6j5wixc2v,captured
pay_j5lbanyu2j67gh,order_h86ps1dce3dvsl,2026-02-23 06:51:11,111800,upi,0,0,setl_2ejmt21xr8n21l,captured
pay_y1cezdfanmum4c,order_xmgutyccr3fllc,2026-03-21 10:24:31,38300,upi,0,0,setl_lkgzbjhy4tfgax,captured
pay_fxzwceumypva4x,order_qurjdo51n11gp6,2026-02-19 22:29:15,142400,upi,0,0,setl_57dkr8we1ld4hf,captured
pay_c92j7xf4eh3aur,order_fpabjz4jt2ui12,2026-01-03 20:18:14,347400,netbanking,6853,1234,setl_wepzs7szuqc9f6,captured
pay_qaz3fyms3ex1ah,order_7zuqyizu9f6292,2026-03-30 09:52:30,47900,upi,0,0,setl_j85ptu7k9no41z,captured
pay_xcjbbtyu9fm7z4,order_xfz62q10d0pj3w,2026-02-24 16:35:40,53500,upi,0,0,setl_dlrkavuq1t51a1,captured
pay_opj2c5lcy59vgx,order_4nefij4obfrjvq,2026-02-05 17:32:46,64500,card,1290,232,setl_9redif5czb1c2o,captured
pay_v8yc1kpddpy65c,order_tvehrc6pdeqrek,2026-01-12 10:33:27,67000,upi,0,0,setl_9ein7jcd4rdl3a,captured
pay_h0dqkhwj25edaf,order_w595sihtacsnvi,2026-03-07 18:32:59,72200,upi,0,0,setl_8rcowtf1l5jtt6,captured
pay_pyxqzarfcm0h2c,order_3lo4ikeyqu0bir,2026-03-11 22:52:38,69800,upi,0,0,setl_mi7tt2ol7lcfi6,refunded
pay_xzv39qdywgq7xl,order_idftzybp73rdtg,2026-02-25 09:08:53,106500,upi,0,0,setl_fjubwhj4nuw113,captured
pay_pfrfr6c1yyow0j,order_t6t62ucnz8oyw2,2026-01-05 06:59:53,116800,card,2336,420,setl_jb4iycka7ebxm4,captured
pay_qe9eyarnq3icig,order_7m96jhyk30hj9x,2026-02-24 15:43:44,104600,upi,0,0,setl_dlrkavuq1t51a1,captured
pay_cmgb1685unhblx,order_zmezj8by19hump,2026-01-20 12:18:58,44200,card,884,159,setl_i1ppblfh8tj5m7,captured
pay_v4883e54uqyno3,order_wtcl2108nuocp4,2026-03-31 20:42:51,52300,upi,0,0,setl_63hjwsjao5sf4p,captured
pay_0d17yp36m24zux,order_549f5xp82xv7vp,2026-02-11 13:31:08,145500,card,2910,524,setl_owvw9a3grfow7z,captured
pay_vtw1wxh2i9ehnt,order_yf99kydcxj69bw,2026-03-29 22:30:30,219200,upi,0,0,setl_wqkvxto3gxvlu7,captured
pay_66ts7szj3yq1nx,order_q67xpquiekn9g4,2026-01-03 19:29:56,829700,card,16594,2987,setl_wepzs7szuqc9f6,captured
pay_pnqnwawpyfxrf8,order_cvv46gn2r9mozu,2026-03-20 18:43:52,77500,upi,0,0,setl_lkgzbjhy4tfgax,captured
pay_344a6r389r2774,order_r70uta493vd7w8,2026-03-31 15:19:10,61100,upi,0,0,setl_63hjwsjao5sf4p,captured
pay_r8y8ybu6r0s7sf,order_2lfvq5gn8bx560,2026-01-12 13:05:59,140700,card,2814,507,setl_9ein7jcd4rdl3a,captured
pay_r33mn1d8bg0kgu,order_jfl2yfv225yg0v,2026-02-24 21:33:15,54000,card,1080,194,setl_dlrkavuq1t51a1,captured
pay_j3psb35h5vy2er,order_99whh6e7ghq79c,2026-03-20 09:11:25,198500,upi,0,0,setl_lkgzbjhy4tfgax,captured
pay_ck0kh7hotac2ro,order_n47k4bwft2j1kz,2026-02-27 11:59:54,294500,netbanking,5596,1007,setl_wg96a9tv3603ep,captured
pay_4m0jmaj23qmloe,order_9be96geldynqye,2026-01-31 16:31:56,50400,upi,0,0,setl_4sse8tbudyqcih,captured
pay_1p8jwlzyki31m0,order_s1fbpvqvo3zivz,2026-01-09 14:14:48,34000,netbanking,646,116,setl_h9o3muublta3bw,captured
pay_hzurr172a0x6ae,order_3ogpyy6689clst,2026-01-08 07:46:46,49100,card,982,177,setl_xx3zh6x38f6k9i,captured
pay_yzswqlv5rq08tg,order_94xcj9rhfzss8i,2026-03-18 18:05:46,609600,upi,0,0,setl_i779xkgycurgiw,captured
pay_9e5z9syhqqb6hp,order_97g403m2zlgt63,2026-02-14 09:22:04,48600,upi,0,0,setl_9hpnkvdkx29mhx,captured
pay_hmjsbzjgb80k2f,order_0mbwmjlw735jol,2026-01-26 19:50:49,222500,upi,0,0,setl_r7od0iq6cc73mp,captured
pay_05jywk2eizq89m,order_boy7bkkr9e509f,2026-01-04 22:31:30,91500,upi,0,0,setl_wepzs7szuqc9f6,captured
pay_buwmp2md873q7e,order_waxtball1gbqox,2026-01-24 06:15:20,97500,upi,0,0,setl_pe6faz7kvftyvi,captured
pay_48904193v3k9jo,order_yrw99qaogc8p9y,2026-01-23 18:36:00,112000,netbanking,2128,383,setl_pe6faz7kvftyvi,captured
pay_vvjadyzhre9z7o,order_68uayty928bqrd,2026-03-15 21:52:13,160600,upi,0,0,setl_ob1zbkbpqox76q,captured
pay_40l6rf17jxxwgu,order_3q5n5gh9nt6axy,2026-02-26 09:51:25,159700,upi,0,0,setl_t8widn28c970o0,captured
pay_sf8us35hyb0dzj,order_ygjx8wjhn78aby,2026-03-21 15:05:31,32700,upi,0,0,setl_lkgzbjhy4tfgax,captured
pay_5hkcy0s2138ek1,order_jj47akrwsn3s3i,2026-01-02 14:58:49,119700,upi,0,0,setl_wepzs7szuqc9f6,captured
pay_2h6xu7x0bikij1,order_qyrqsax9fnwrol,2026-01-29 10:28:03,48000,upi,0,0,setl_j502p555prthl8,captured
pay_v42qmznc7vpwob,order_i02bagyv7xff99,2026-01-04 06:34:18,124000,upi,0,0,setl_wepzs7szuqc9f6,captured
pay_wmwce4fffca6yl,order_ruh9ulkw7q3v3g,2026-03-15 08:12:59,36200,upi,0,0,setl_ob1zbkbpqox76q,captured
pay_coe33w934kh79x,order_w4ll6vt9ojoafd,2026-02-04 07:59:26,63000,upi,0,0,setl_loeej8p0363err,captured
pay_l4g73wqxfhmep7,order_23g2iwpy215f6q,2026-01-26 19:23:29,78800,upi,0,0,setl_r7od0iq6cc73mp,captured
pay_h5pt5z7k3oo0y3,order_9t1oddsl5zbnwk,2026-02-24 09:40:12,128300,netbanking,2438,439,setl_dlrkavuq1t51a1,captured
pay_gi8sbk2dvi72t7,order_pnazy1amcxw1rq,2026-02-17 09:39:35,239000,upi,0,0,setl_9994rz2os2zywh,captured
pay_e6e8u1ju85dova,order_syk0h7hmqcfldc,2026-03-07 20:33:26,90700,upi,0,0,setl_8rcowtf1l5jtt6,captured
pay_oxya9k3nxfwka7,order_4z71l1i25tu3o9,2026-03-15 17:45:01,145400,upi,0,0,setl_ob1zbkbpqox76q,captured
pay_kf8z359aotben9,order_1oxqdz334muqay,2026-01-23 11:03:20,647200,card,12944,2330,setl_pe6faz7kvftyvi,captured
pay_8qjb6klbvdpwyt,order_3oiwyygiqk45qx,2026-02-28 09:30:35,246700,wallet,5427,977,setl_wg96a9tv3603ep,captured
pay_45ozx5zrlmjuwd,,2026-03-16 09:22:44,72900,upi,0,0,setl_9ziplehvmcpcg3,captured
pay_lwcccq1whgueyr,order_szk5atoa85qi4z,2026-01-20 16:59:05,140700,card,2814,507,setl_i1ppblfh8tj5m7,captured
pay_gx67aihzzk565c,order_3dbrjjj8xfhb5r,2026-01-20 10:24:42,404600,upi,0,0,setl_i1ppblfh8tj5m7,captured
pay_d32bompwsqlqx2,order_sfvk3u2mz7yydl,2026-01-31 16:33:07,172100,upi,0,0,setl_4sse8tbudyqcih,captured
pay_wha561s99aqke4,order_7ga98j7amdtnii,2026-01-30 20:23:30,51000,upi,0,0,setl_4sse8tbudyqcih,captured
pay_gtmuqf3exgbdvk,order_m6jafmcurgcawo,2026-03-31 07:13:47,36000,upi,0,0,setl_63hjwsjao5sf4p,captured
pay_swybxabucsb9n6,order_i3b0anxuri4yi4,2026-03-12 07:47:45,51200,upi,0,0,setl_pjr716gfgceh8w,captured
pay_59guqinalaibhx,order_naz54h854hyl33,2026-01-31 08:57:47,95600,upi,0,0,setl_4sse8tbudyqcih,captured
pay_xeytwpfdyogy14,order_s7bsl7x2h5rkai,2026-03-20 07:16:47,95500,netbanking,1157,208,setl_lkgzbjhy4tfgax,captured
pay_nyossl8in5v9hf,order_rz0bgvq24fpdel,2026-03-03 21:13:15,251200,upi,0,0,setl_s36ohm15574nxh,captured
pay_y8cz2xjeqbp1tf,order_ktwxt83u5ho7lh,2026-02-21 21:39:07,59400,upi,0,0,setl_qal9h36vfum300,captured
pay_ejonocf3cs02s1,order_p2ob480hk2xcpt,2026-03-31 14:09:19,117700,upi,0,0,setl_63hjwsjao5sf4p,captured
pay_8cln3x84w5h5vk,order_71nd2br8lq0jlh,2026-01-17 06:27:28,78100,upi,0,0,setl_jrm8iuv8pwnbst,captured
pay_4vy4h9wy7zvpdx,order_lyrqmdi785s0jb,2026-02-20 06:31:03,32500,card,650,117,setl_qal9h36vfum300,captured
pay_flj8n7qlkmdbu4,order_q64kydobhsa9qh,2026-02-11 14:11:02,254600,upi,0,0,setl_owvw9a3grfow7z,captured
pay_qgdshm136u0ae9,order_bog2oquoizsjam,2026-02-13 16:19:20,65700,upi,0,0,setl_9hpnkvdkx29mhx,captured
pay_35mi087wo64tfz,order_2210ipgzngmfow,2026-03-16 06:55:21,130900,upi,0,0,setl_9ziplehvmcpcg3,captured
pay_4dnw5xvz9own4d,order_y8g1zln8fjuycr,2026-03-17 13:58:13,163300,upi,0,0,setl_nf76s64rcbd6hk,captured
pay_ohsr7jc2cu4ss2,order_kl071nr99fwb0e,2026-02-13 15:33:42,71800,upi,0,0,setl_9hpnkvdkx29mhx,captured
pay_igw1rj956aigk5,order_1e7k8v4sw6mchc,2026-03-23 13:23:33,148100,upi,0,0,setl_ihlz60xnvw9v27,captured
pay_qcrhqsvb2wq9lm,order_t87a00r8xgp2x8,2026-01-24 16:54:45,111100,card,2222,400,setl_pe6faz7kvftyvi,captured
pay_dvzk0r1zi8qsch,order_ml7onztavfcmfw,2026-03-23 13:10:02,70400,upi,0,0,setl_ihlz60xnvw9v27,captured
pay_eqj03raqsp890a,order_vur7ouk4dosvn2,2026-01-02 20:45:14,170700,upi,0,0,setl_wepzs7szuqc9f6,captured
pay_6ix8nkfe6fyz5u,order_92nvtcxu5kdzvw,2026-03-06 13:03:57,66200,netbanking,1258,226,setl_8rcowtf1l5jtt6,captured
pay_kf0bj0230vjlmc,order_lr0jdovt3a1dcr,2026-03-20 21:29:38,443200,upi,0,0,setl_lkgzbjhy4tfgax,captured
pay_qoxqbaiuz99w7p,order_ji9k09rtep0xga,2026-02-20 19:35:20,72800,wallet,1602,288,setl_qal9h36vfum300,captured
pay_pqlc0xifppquag,order_g635k1nr111v2n,2026-01-07 06:27:23,32300,upi,0,0,setl_jde75ge9flap8q,captured
pay_8x1hnmru9ax059,order_w8od06zp9rceto,2026-03-20 11:11:22,35700,card,714,129,setl_lkgzbjhy4tfgax,captured
pay_rfmb9v2fbcct8i,order_8vnwziemc677on,2026-01-12 12:27:49,67200,upi,0,0,setl_9ein7jcd4rdl3a,captured
pay_2uh4z63i5a2x2h,order_l9xc2sbjqajj13,2026-01-15 06:35:21,59100,card,1182,213,setl_grv7k1qff39825,captured
pay_3t8l5zx2zov0gx,order_t8zio7h8i6cmly,2026-03-02 11:37:32,84000,netbanking,1596,287,setl_gxt8aimmy71t26,captured
pay_1g9d7fmuo6x4uk,order_izzjowshlzicga,2026-03-03 07:34:15,135200,upi,0,0,setl_s36ohm15574nxh,captured
pay_4yg9tg6jhopifa,order_2cta22v7ofkpmn,2026-02-14 11:21:04,64900,upi,0,0,setl_9hpnkvdkx29mhx,captured
pay_6504a9qxhwea3a,order_aa9d5omj10owgt,2026-01-05 11:41:02,111500,upi,0,0,setl_jb4iycka7ebxm4,captured
pay_lbgidglp5vfxvr,order_ac09b695o5cgp4,2026-02-05 10:47:37,631900,upi,0,0,setl_9redif5czb1c2o,captured
pay_dj90wmjfbytz96,order_i98b1lh8jyqw49,2026-02-17 18:09:36,294600,upi,0,0,setl_9994rz2os2zywh,captured
pay_hiz0jc9p2q55l2,order_5hitxamczswmz5,2026-01-31 08:38:11,851500,upi,0,0,setl_4sse8tbudyqcih,refunded
pay_i450z6tg9cgwpo,order_6c8faf9wzcf2mz,2026-02-26 14:25:05,30600,card,612,110,setl_t8widn28c970o0,captured
pay_6g1tre06hr1gqr,order_xq6hs7o4lcd5x5,2026-03-10 10:42:42,60900,upi,0,0,setl_cy02355rxf3dgx,captured
pay_gjtlkxhq52u0hz,order_kjiiib7x2f6jfi,2026-03-16 17:26:01,70000,upi,0,0,setl_9ziplehvmcpcg3,captured
pay_9ydha1fpx3lb8r,order_09x76oem14ngag,2026-03-13 07:26:54,81600,upi,0,0,setl_ob1zbkbpqox76q,captured
pay_chw5q5ni1th7sq,order_kzvi9z51tjmtaa,2026-03-06 20:38:13,35500,upi,0,0,setl_8rcowtf1l5jtt6,captured
pay_ef2k3lyq6h5esg,order_04z0f2rzs7fnk9,2026-03-30 12:28:28,40900,upi,0,0,setl_j85ptu7k9no41z,captured
pay_xwn0co0spmgf6b,order_wdb7tx66ob6oog,2026-01-28 16:15:37,97400,upi,0,0,setl_nxu2v0awbwkxj5,captured
pay_xc2t8c9srkxzdz,order_yavdkym9zqnhh5,2026-02-06 17:14:41,157600,upi,0,0,setl_x9629fsv80nszb,refunded
pay_gvnsq58m4310pk,order_dkrszeffawrkrv,2026-02-18 12:53:30,258800,card,5176,932,setl_marwnoou4khb0k,captured
pay_7gob939iqcyj7v,order_fwl0ztpstuumj8,2026-03-29 11:00:03,107900,upi,0,0,setl_wqkvxto3gxvlu7,captured
pay_nc5bawjbk2w2qv,order_ow2tavqxqxxh8n,2026-02-13 11:56:21,82600,upi,0,0,setl_9hpnkvdkx29mhx,captured
pay_pf265ls7zk24aa,order_nfzj9gizellzah,2026-01-01 08:09:38,461600,upi,0,0,setl_2lzlm5imf0kd5q,captured
pay_hkf5qisi23dbta,order_nkwiyxjrvol87h,2026-03-26 11:18:53,234000,upi,0,0,setl_86tilepkwugepq,captured
pay_7xou1v2z6ma65s,order_aop36g01gffz1g,2026-03-02 06:31:36,229200,upi,0,0,setl_gxt8aimmy71t26,captured
pay_c488u86twdn8ex,order_95qj49fsqez98u,2026-01-31 11:29:56,125600,upi,0,0,setl_4sse8tbudyqcih,captured
pay_e9bnuqznlumjos,order_rcr2npg699ru1r,2026-01-30 13:33:11,300200,card,6004,1081,setl_4sse8tbudyqcih,captured
pay_yarq5cpe8oqsaw,order_8w2gi8ujhzumee,2026-02-12 22:45:55,130800,upi,0,0,setl_blfhrgh8cu53a4,captured
pay_rr61ksvunlbt4e,order_koeb1jaux4v7v4,2026-01-08 19:42:28,246700,upi,0,0,setl_xx3zh6x38f6k9i,captured
pay_xoosctdfzmmsrx,order_6194co11q81ihe,2026-02-24 07:35:07,71300,card,1426,257,setl_dlrkavuq1t51a1,captured
pay_3kfzo8ys8bs7mw,order_0ysea9tp1dmz3j,2026-03-27 07:59:48,213000,netbanking,4047,728,setl_wqkvxto3gxvlu7,captured
pay_f069vcn2hpz3zm,order_4p6gvsi1b1yvsc,2026-03-12 13:28:26,55200,card,1104,199,setl_pjr716gfgceh8w,captured
pay_1r5anc7bc4pjha,order_n09q57mx0ey5xi,2026-03-29 16:37:03,75800,card,1516,273,setl_wqkvxto3gxvlu7,captured
pay_0gq6oqbjmvb0z8,order_m8awlszp05qsos,2026-01-05 06:51:56,39100,upi,0,0,setl_jb4iycka7ebxm4,captured
pay_d7i0h2lfpllegp,order_h08edvf8xk4cgf,2026-03-13 19:38:47,85800,upi,0,0,setl_ob1zbkbpqox76q,captured
pay_jmor1r0jr54kq8,order_ee2qbs4bjk3p7k,2026-03-20 19:45:23,78900,upi,0,0,setl_lkgzbjhy4tfgax,captured
pay_7ube8lehlyuaio,order_n72qjq0ist8lg2,2026-02-26 11:44:25,221500,upi,0,0,setl_t8widn28c970o0,captured
pay_q8p3ueijo02i8x,order_vp9dzx46j731rj,2026-01-31 11:22:33,67900,card,1358,244,setl_4sse8tbudyqcih,captured
pay_0y1rljd8ia6utd,order_8mgb0gc7k5h31f,2026-02-13 10:50:08,686200,upi,0,0,setl_9hpnkvdkx29mhx,captured
pay_7jlduhdm0r58p2,order_uq45klxg9hdtxe,2026-03-24 22:33:30,269000,netbanking,5111,920,setl_bjuqk7c3un19bl,captured
pay_skjrhbd08re6mg,order_vl2u4n2cvvrq53,2026-03-25 14:13:09,90600,netbanking,1721,310,setl_d932kldoq526i0,captured
pay_h0woq7zb9spqvk,order_vpwe9x2si7hzcs,2026-02-06 13:03:31,477900,upi,0,0,setl_x9629fsv80nszb,captured
pay_rqkd9a7cag9jzx,order_beotqvnbexgtda,2026-02-06 21:12:54,98600,upi,0,0,setl_x9629fsv80nszb,captured
pay_9rjeovhe5i9wmt,order_lczmmrm1ih6hyf,2026-01-11 09:14:38,339400,upi,0,0,setl_h9o3muublta3bw,captured
pay_y4rfoq12uy0v8w,order_94mrp2x1ssx8if,2026-01-16 11:39:21,72700,upi,0,0,setl_jrm8iuv8pwnbst,captured
pay_thoh3w3uyp9lkw,order_ggz9nytspf1a4b,2026-01-08 06:14:24,216400,upi,0,0,setl_xx3zh6x38f6k9i,captured
pay_udwciwp8zrb77k,order_gvzj72ftxskx3h,2026-02-14 10:29:17,142600,upi,0,0,setl_9hpnkvdkx29mhx,captured
pay_31fg4a60r9pfte,order_fa6brygzszzlek,2026-03-22 11:42:41,74300,upi,0,0,setl_lkgzbjhy4tfgax,captured
pay_x59il7fyzr6kjk,order_ue523pbxkm39ja,2026-03-16 18:37:09,60800,wallet,1338,241,setl_9ziplehvmcpcg3,captured
pay_hwgrfh7t9zppl7,order_g1way9w84xwto5,2026-01-06 07:01:45,309000,upi,0,0,setl_8zu1ktsnub3qzg,captured
pay_1o1an5h7xlt0gh,order_33zmc9c17av37a,2026-02-15 22:44:53,61900,netbanking,1176,212,setl_9hpnkvdkx29mhx,refunded
pay_u5vl2dsk7njyg6,order_e3jcqp4ihg66nf,2026-03-24 15:47:35,91600,wallet,2015,363,setl_bjuqk7c3un19bl,captured
pay_63q6of4b52bdf8,order_1hpcymmifxvga5,2026-03-23 09:10:45,327600,card,6552,1179,setl_ihlz60xnvw9v27,captured
pay_b117aundaj35tb,order_xinvf3q8i7l8yj,2026-02-25 10:39:59,51100,upi,0,0,setl_fjubwhj4nuw113,captured
pay_2ikfz944i82dus,order_hlqu695w6sy6mb,2026-03-13 11:52:40,832800,upi,0,0,setl_ob1zbkbpqox76q,captured
pay_cuvbozpn03eo9g,order_yr7jognhn87604,2026-01-15 19:45:46,217900,upi,0,0,setl_grv7k1qff39825,captured
pay_5jo9atjghj462d,order_puzec7cajqhyyl,2026-02-03 09:36:05,131700,upi,0,0,setl_cb3atkunlhj9mi,captured
pay_cnmksqpecqmvjy,order_w43lajeykvnyw8,2026-03-25 07:45:34,89000,upi,0,0,setl_d932kldoq526i0,captured
pay_rq1k9wtbrdvwvt,order_6ereh6kdskh2v8,2026-03-27 10:00:47,52100,netbanking,990,178,setl_wqkvxto3gxvlu7,captured
pay_5l1154eqvyrdue,order_gob45ominx50ei,2026-01-31 17:41:55,61500,upi,0,0,setl_4sse8tbudyqcih,captured
pay_ghbmhlincmyj5y,order_m5qu9prsr8026b,2026-03-27 10:06:22,79400,upi,0,0,setl_wqkvxto3gxvlu7,captured
pay_zeaezp4eqd0mx4,order_04xlcv1ws3sfxc,2026-01-20 15:38:40,121500,upi,0,0,setl_i1ppblfh8tj5m7,captured
pay_1obnribwlytrvi,order_kwh8pjbk2r71kj,2026-02-05 22:11:34,94800,wallet,2086,375,setl_9redif5czb1c2o,captured
pay_ojpr35y77zb5zs,order_ennn21679lhzh4,2026-02-09 22:43:39,518700,upi,0,0,setl_s4l1ku1vti53ru,captured
pay_7kxe3q2q6a3t3k,order_p360byf918lfb8,2026-01-10 11:18:01,816000,upi,0,0,setl_h9o3muublta3bw,captured
pay_p1gnyjbr60mq4j,order_rk82h5r1azb2xr,2026-01-20 17:56:09,412100,upi,0,0,setl_i1ppblfh8tj5m7,captured
pay_ue5w4kg8mdo0t8,order_cbe8wv3norx4c6,2026-02-18 08:42:50,103700,netbanking,1970,355,setl_marwnoou4khb0k,captured
pay_9vdnbpa52krom4,order_b9ftsu6zfev37l,2026-01-29 15:52:04,139400,upi,0,0,setl_j502p555prthl8,captured
pay_rpq5h2p40xn14o,order_6hx9e8av5hox5l,2026-01-18 18:00:49,34400,upi,0,0,setl_jrm8iuv8pwnbst,captured
pay_l8ybd95v4ir0o3,order_m4pyvdohypyg0d,2026-01-09 11:28:59,53300,netbanking,1013,182,setl_h9o3muublta3bw,captured
pay_9xmpq54zyvwmn2,order_rzssqdf9n1r9wi,2026-03-29 19:46:56,60100,upi,0,0,setl_wqkvxto3gxvlu7,captured
pay_v337thfn8bnab8,order_ibecq8paok0pq4,2026-03-01 20:23:09,133800,upi,0,0,setl_wg96a9tv3603ep,captured
pay_4cov4e5kthjb4x,order_glmuveozribrxg,2026-01-21 06:17:11,663300,upi,0,0,setl_7u76rb7en0399o,refunded
pay_xp4hgz3dybaj29,order_jh7dqa8c678ui2,2026-03-07 07:44:02,160500,card,3210,578,setl_8rcowtf1l5jtt6,captured
pay_gifxwhhsq70myo,order_yzamawagdaz9bd,2026-01-20 08:18:19,31800,card,636,114,setl_i1ppblfh8tj5m7,captured
pay_4milfuontpqif6,order_vmxlvs062o2fec,2026-01-04 15:38:14,198000,upi,0,0,setl_wepzs7szuqc9f6,captured
pay_4bsa66kfab7wol,order_37cj66rjgc680l,2026-01-21 12:42:15,54600,upi,0,0,setl_7u76rb7en0399o,captured
pay_pc65hrcmf9g7ok,order_94jsc8m0g8za9w,2026-02-12 16:37:54,74100,upi,0,0,setl_blfhrgh8cu53a4,captured
pay_qnxojnqzn9qqls,order_upikielr2yaccs,2026-01-23 14:19:41,71800,upi,0,0,setl_pe6faz7kvftyvi,captured
pay_8omqmvbo6ktcz6,order_x57d2mqd4e3is4,2026-02-09 14:26:09,32600,card,652,117,setl_s4l1ku1vti53ru,captured
pay_xzopv9gp4mamqj,order_te7s0ksoi2z6rn,2026-03-07 20:52:26,314300,upi,0,0,setl_8rcowtf1l5jtt6,captured
pay_11n27b0a5r8c61,order_110wrrxv1t698a,2026-03-30 18:17:28,35500,upi,0,0,setl_j85ptu7k9no41z,captured
pay_w63r9mgx2ychu7,order_265tshqz8rabiv,2026-01-30 10:59:25,60800,upi,0,0,setl_4sse8tbudyqcih,captured
pay_9df8j12d2xxk82,order_m6bp5ewut7wp31,2026-01-28 17:44:40,70300,upi,0,0,setl_nxu2v0awbwkxj5,captured
pay_k0is5cad16rzcd,order_fr36agijzyxyie,2026-01-02 20:38:49,42400,upi,0,0,setl_wepzs7szuqc9f6,captured
pay_51ktwz0pydj8s5,order_utigzv4aie8b3j,2026-03-20 22:34:00,139800,upi,0,0,setl_lkgzbjhy4tfgax,captured
pay_h3xjh9kh569nna,order_33m3kf9698cp08,2026-02-11 22:21:48,48300,upi,0,0,setl_owvw9a3grfow7z,captured
pay_txvutf7wqa5g1z,order_pgawuf2apmqrme,2026-03-19 22:07:31,127700,upi,0,0,setl_hjydfszyf4rzmu,captured
pay_wl2gxi3peffyow,order_qzmphd2f0ttpn4,2026-01-12 09:20:32,134500,netbanking,2556,460,setl_9ein7jcd4rdl3a,captured
pay_eeshl6c0hbra7e,order_82bzu9zex2hyga,2026-01-05 21:21:25,311200,upi,0,0,setl_jb4iycka7ebxm4,captured
pay_l82gkeysg214pm,order_ccns8s8p83tnqi,2026-03-15 07:34:40,143800,upi,0,0,setl_ob1zbkbpqox76q,captured
pay_wje38sezzdzy92,order_dk7qpldg71rxlf,2026-03-18 07:24:24,217700,upi,0,0,setl_i779xkgycurgiw,captured
pay_r77tdp4t75zxtg,order_dryq6sfhozs6av,2026-03-12 07:28:08,89900,upi,0,0,setl_pjr716gfgceh8w,captured
pay_mvemongx6tac62,order_mlr1gokgdkje0n,2026-02-01 16:30:15,126800,upi,0,0,setl_4sse8tbudyqcih,captured
pay_i9mvvcglwpyyim,order_zl1k70ekwhe7lj,2026-02-11 11:02:22,67400,card,1572,283,setl_owvw9a3grfow7z,captured
pay_5jwufynpdrikmd,order_zcmrbe98vtofji,2026-02-05 12:06:48,141000,upi,0,0,setl_9redif5czb1c2o,captured
pay_ujmn4ijaecrdpj,order_5xekrf1b8ev8q2,2026-03-12 11:45:03,110300,upi,0,0,setl_pjr716gfgceh8w,captured
pay_bw7u81yxsk5k0z,order_73r9b8bddqfq8b,2026-03-06 17:30:23,58500,card,1170,211,setl_8rcowtf1l5jtt6,captured
pay_nr3xnd8ndh2e1s,order_pc22wh7ncw3f37,2026-03-19 18:06:18,139200,wallet,3062,551,setl_hjydfszyf4rzmu,captured
pay_nphgn9qz9pw24b,order_lqzf3wxddw705f,2026-01-30 16:41:11,58100,upi,0,0,setl_4sse8tbudyqcih,captured
pay_is8epqpxm9epul,order_m72v46j96nqkhw,2026-03-11 10:55:58,77500,wallet,1705,307,setl_mi7tt2ol7lcfi6,captured
pay_k7dpm2lvka39mj,order_egzn5r99i564f6,2026-03-21 06:18:00,144700,card,2894,521,setl_lkgzbjhy4tfgax,refunded
pay_x079ku31ixqfnh,order_8jqki7vfxynt6s,2026-03-17 19:38:10,96400,upi,0,0,setl_nf76s64rcbd6hk,captured
pay_kcnr3wm8h61668,order_1lbg5pjgsg21tl,2026-02-13 12:42:50,57200,upi,0,0,setl_9hpnkvdkx29mhx,captured
pay_phjsr3ugza29i3,order_zcgzdi601xkew5,2026-02-05 10:11:52,129500,upi,0,0,setl_9redif5czb1c2o,captured
pay_ou9etjhopxr6ib,order_l3097ib5ht6pdj,2026-01-16 07:08:16,620000,upi,0,0,setl_jrm8iuv8pwnbst,captured
pay_759fqxr1zd2q2e,order_fwc62340iwgmwv,2026-02-28 10:07:49,82100,card,1642,296,setl_wg96a9tv3603ep,captured
pay_ordzl2tc0dqf6u,order_3sakk507xqbvmk,2026-02-21 09:41:03,294600,card,5892,1061,setl_qal9h36vfum300,captured
pay_10eeqtic3ib5b6,order_n4jpnqaiuf17ub,2026-03-05 12:52:49,122200,wallet,2688,484,setl_1pprr34her4zyz,captured
pay_nttjjpg00y5flx,order_t0hbt72mkxyb6s,2026-03-31 21:07:08,59300,card,1186,213,setl_63hjwsjao5sf4p,captured
pay_hd26xmqb40jiqy,order_onehj8itfvcjze,2026-02-28 06:45:58,675700,netbanking,12838,2311,setl_wg96a9tv3603ep,captured
pay_nczl27ti5tdjxk,order_0plikw98sg40up,2026-03-22 16:20:31,58100,upi,0,0,setl_lkgzbjhy4tfgax,captured
pay_qroltb1alot96t,order_eym8sxhx7db9w3,2026-02-22 19:34:31,131300,netbanking,2495,449,setl_qal9h36vfum300,refunded
pay_tkgxep1b5j3c44,order_nojsrpdzsqs3ca,2026-03-30 13:16:02,62800,upi,0,0,setl_j85ptu7k9no41z,captured
pay_ibaiv2x2c4mixx,order_pau3kvf0fr52ag,2026-02-14 21:41:35,58600,netbanking,1113,200,setl_9hpnkvdkx29mhx,captured
pay_rgck2i3vr8436c,order_crn4fohrw2vb4m,2026-01-13 08:14:49,92600,wallet,2037,367,setl_svzb0gabvczqv4,captured
pay_bberkzowgkc585,order_tjm1m0ebaqfrzp,2026-01-11 07:31:58,146100,card,2922,526,setl_h9o3muublta3bw,captured
pay_1qm7faii7mkqfv,order_2p0blw88pi5du0,2026-01-16 12:33:26,124900,card,2498,450,setl_jrm8iuv8pwnbst,captured
pay_8d94irzdkunap7,order_v2qcu2q68m4843,2026-02-20 18:13:37,203000,upi,0,0,setl_qal9h36vfum300,captured
pay_wqctmr30e5x9g9,order_2t7b4qylbpgtmn,2026-01-09 12:47:24,40600,wallet,893,161,setl_h9o3muublta3bw,captured
pay_wsiiu5dbt2r86b,order_0c0y8owkwva25d,2026-01-10 14:16:42,136200,card,2724,490,setl_h9o3muublta3bw,captured
pay_wyfl6t4g2km7dp,order_ffsmpyodqbh8i1,2026-03-17 21:20:15,94700,card,1731,312,setl_nf76s64rcbd6hk,captured
pay_5ko7uzk058r39a,order_3kq0zlspnt2zi5,2026-01-24 17:07:55,53400,upi,0,0,setl_pe6faz7kvftyvi,captured
pay_qsu9iercsjkqpt,order_k36qq3zpc6l7ys,2026-01-26 06:49:51,125900,upi,0,0,setl_r7od0iq6cc73mp,captured
pay_m1x2cseek3pwji,order_ogxby0dmeqpmyw,2026-02-19 20:02:10,79500,card,1590,286,setl_57dkr8we1ld4hf,captured
pay_yrcfotiz00wbni,order_m91jv1q7aljb58,2026-01-18 09:10:42,132500,netbanking,2039,367,setl_jrm8iuv8pwnbst,captured
pay_2ubmv9b1hyrbyf,order_fhzdkyxgazf77p,2026-01-08 08:21:23,59500,netbanking,1131,204,setl_xx3zh6x38f6k9i,captured
pay_dt2o6xy4qq7bf1,order_2rfqljtfe8ezbp,2026-02-22 13:47:17,79100,card,1582,285,setl_qal9h36vfum300,captured
pay_1quf7betdx2xvz,order_naawcp8wb0x8mc,2026-02-10 10:46:39,111400,upi,0,0,setl_ex4ek002gc2r1u,captured
pay_3z6fd6edhc8hnx,order_nyew370ii9w0pn,2026-02-16 13:43:47,67700,upi,577,104,setl_hyo0coscm1600j,captured
pay_rh1mra6avpmh9j,order_klqlpz1uy0hh5n,2026-03-06 11:54:39,897700,upi,0,0,setl_8rcowtf1l5jtt6,captured
pay_zfu39rzilglm5t,order_4h9nh0vqj5q3tq,2026-03-18 19:10:27,142600,upi,0,0,setl_i779xkgycurgiw,captured
pay_uuleaoqpd4ioul,order_yjs30tdwa76lb7,2026-01-19 11:48:37,877500,upi,0,0,setl_ckovgkmddyvf20,captured
pay_n78ar4xdvhb8e8,order_wub895py5uj5h6,2026-01-31 20:58:45,580300,netbanking,11026,1985,setl_4sse8tbudyqcih,captured
pay_q0ekaoni8bt2wg,order_ye2ileapxyc54q,2026-02-21 18:06:22,885700,upi,0,0,setl_qal9h36vfum300,captured
pay_osqf3u27uki5cx,order_balubi2xsakykm,2026-03-03 07:01:04,51000,upi,0,0,setl_s36ohm15574nxh,captured
pay_xy5vc9vshm4zr5,order_r206flhyjeffp6,2026-02-01 13:50:21,67300,upi,0,0,setl_4sse8tbudyqcih,captured
pay_kcl8i7aol7avai,order_yva5avu04pxzzu,2026-03-18 11:10:07,39600,wallet,871,157,setl_i779xkgycurgiw,captured
pay_g0ovlzeywtaoj4,order_649qne01qsrzu0,2026-03-14 17:33:47,34000,upi,0,0,setl_ob1zbkbpqox76q,captured
pay_egt5mfm515ew8o,order_4x8yj96t0renpa,2026-03-05 14:48:33,190100,upi,0,0,setl_1pprr34her4zyz,captured
pay_3birgt0f8fqvl3,order_i3wiaadg2lxs2c,2026-02-15 10:05:28,174800,card,3496,629,setl_9hpnkvdkx29mhx,captured
pay_c8bio6kmgqdnbk,order_i34hhcqysue43k,2026-02-13 22:50:00,114900,netbanking,2183,393,setl_9hpnkvdkx29mhx,captured
pay_4s43ljtwmjol4s,order_qdniw40rav62pi,2026-01-15 14:47:23,73600,upi,0,0,setl_grv7k1qff39825,captured
pay_fl7rp24kwz1qm1,order_fjxnlsosw19exf,2026-03-31 20:19:04,66400,card,1328,239,setl_63hjwsjao5sf4p,captured
pay_fz273pzo892p59,order_em0ooruutwam16,2026-01-01 09:03:53,187600,upi,0,0,setl_2lzlm5imf0kd5q,captured
pay_8js9idhfdaldc5,order_j7m0vsffowcy88,2026-03-02 11:29:44,111300,upi,0,0,setl_gxt8aimmy71t26,captured
pay_kbdv06v1z9zoqk,order_sx8tqw8mmm2hwt,2026-01-02 21:04:12,30400,upi,0,0,setl_wepzs7szuqc9f6,captured
pay_1fi78pnaie9od7,order_5m8vsgqp7pnfgo,2026-03-29 08:17:58,312700,upi,0,0,setl_wqkvxto3gxvlu7,captured
pay_9n0off6p42prk8,order_n1w5piwe8x2p3e,2026-02-14 17:44:48,30700,upi,0,0,setl_9hpnkvdkx29mhx,captured
pay_nenuqfs5c6hc93,order_159u5zy22i714t,2026-02-19 21:50:46,173000,upi,0,0,setl_57dkr8we1ld4hf,captured
pay_rdbpson0kixbql,order_2h3xids57oda02,2026-03-05 08:58:00,128600,upi,0,0,setl_1pprr34her4zyz,captured
pay_qgjo00be1kn2gy,order_u82f51lgrjusuf,2026-01-31 20:47:15,85200,upi,0,0,setl_4sse8tbudyqcih,captured
pay_u2lxel7fl86u58,order_jicr0c7vl466qt,2026-02-04 08:22:21,86800,card,1736,312,setl_loeej8p0363err,captured
pay_vambv8bndb5gf9,order_2sja6chti8xc24,2026-01-29 11:52:33,118200,upi,0,0,setl_j502p555prthl8,captured
pay_7i85am6etnr4hw,order_nk03llynxpx60w,2026-02-28 15:06:36,108100,card,2162,389,setl_wg96a9tv3603ep,captured
pay_nbiy7q5k1xa1n4,order_vw5lmq3rpwev8z,2026-01-28 18:39:44,126100,upi,0,0,setl_nxu2v0awbwkxj5,captured
pay_tojtqvsrpyp1nq,order_a5c0ieco2uo559,2026-01-30 18:29:39,222100,upi,0,0,setl_4sse8tbudyqcih,captured
pay_wbjtg0fmp8yrs4,order_4fp0axj5q6fruk,2026-03-05 06:59:41,346300,upi,0,0,setl_1pprr34her4zyz,captured
pay_bfwahsf3ip4j39,order_georllcys0tva1,2026-01-28 07:06:57,59300,upi,0,0,setl_nxu2v0awbwkxj5,captured
pay_6om86es76d12zy,order_mrf5069cuunwv5,2026-01-02 22:29:15,111000,wallet,2442,440,setl_wepzs7szuqc9f6,captured
pay_pbc118nustfpv7,order_pgp2yolc0u7z77,2026-02-22 16:18:57,222700,netbanking,4231,762,setl_qal9h36vfum300,captured
pay_qz6pdxej2lhslu,order_7a752n3rwu6m91,2026-03-04 07:19:09,50200,upi,0,0,setl_id6lid416qfq61,captured
pay_d3x7ydechpy9v7,order_ucgfaee4ng90ez,2026-01-13 19:20:22,82700,card,1654,298,setl_svzb0gabvczqv4,captured
pay_8vlv0pmrkypc98,order_c91n39lovdzey5,2026-01-16 20:59:46,139800,upi,0,0,setl_jrm8iuv8pwnbst,captured
pay_pua04dnx1ya3ok,order_z4k3h7oq1niky0,2026-02-18 15:50:23,293700,upi,0,0,setl_marwnoou4khb0k,captured
pay_wqek0i05wtyh14,order_xplglq4l46qtfn,2026-03-28 21:19:58,77400,card,1548,279,setl_wqkvxto3gxvlu7,captured
pay_ebh1jzze8110me,order_ctremnx5pai0w7,2026-03-22 07:14:59,31300,card,626,113,setl_lkgzbjhy4tfgax,captured
pay_ns5aibeegk1df8,order_1dag8eo98li11n,2026-01-31 18:14:20,59800,card,1196,215,setl_4sse8tbudyqcih,captured
pay_vsp7kk7g1n5wwo,order_ck5w08tp9qe217,2026-03-03 11:22:17,157900,upi,0,0,setl_s36ohm15574nxh,captured
pay_c7evkmk0h2stx2,order_cj6fp7jd74ob32,2026-03-12 08:19:09,49800,upi,0,0,setl_pjr716gfgceh8w,captured
pay_tirfep2uzwkn60,order_8km01jw7vwyh1r,2026-02-25 10:19:41,224400,upi,0,0,setl_fjubwhj4nuw113,captured
pay_9x2vj8j7c7jvdi,order_k91d9p2yo3epug,2026-01-12 20:36:19,59300,upi,0,0,setl_9ein7jcd4rdl3a,captured
pay_zdnszjrxoc97bi,order_fcak5w7z6b7vwi,2026-01-16 12:45:15,88000,card,1760,317,setl_jrm8iuv8pwnbst,captured
pay_f78m2ar5grmmxb,order_jh1wh742crtw40,2026-03-22 20:26:01,276600,card,5532,996,setl_lkgzbjhy4tfgax,captured
pay_wgib7y4prdakjo,order_dlaudiurdd2qs8,2026-02-13 22:43:46,118900,upi,0,0,setl_9hpnkvdkx29mhx,captured
pay_i72hfmedh8wmdn,order_b0bslbdpww9kf9,2026-01-20 11:13:39,78700,card,1574,283,setl_i1ppblfh8tj5m7,captured
pay_upi93qoivjln29,order_6n6jsbxnawg1lq,2026-01-21 18:38:33,125400,card,2508,451,setl_7u76rb7en0399o,captured
pay_zbth6z6quboeac,order_8qu2ubj4a1q161,2026-01-26 15:02:02,51300,upi,0,0,setl_r7od0iq6cc73mp,captured
pay_qqi4jhofadhhma,order_fml3efswsha8i9,2026-01-20 20:04:48,74000,upi,0,0,setl_i1ppblfh8tj5m7,captured
pay_d6bckpvwltwswy,order_0wmfauug5nebua,2026-02-26 12:52:08,65200,upi,0,0,setl_t8widn28c970o0,captured
pay_er8wikygqx6y6p,order_s23r1sijbseswu,2026-02-27 08:01:10,71500,netbanking,1359,245,setl_wg96a9tv3603ep,captured
pay_okjcr9i03e4ntx,order_aqofyk2wevbsi9,2026-03-06 17:51:57,39900,netbanking,758,136,setl_8rcowtf1l5jtt6,captured
pay_wh9z542ncef8wi,order_djhrxhp7y2k5sb,2026-03-23 16:24:35,103800,upi,0,0,setl_ihlz60xnvw9v27,captured
pay_m67169nddr7iqb,order_qulsciblgtivje,2026-02-26 11:07:40,31400,upi,0,0,setl_t8widn28c970o0,captured
pay_z2ymonn059tx52,order_2q0vyxiukx2du7,2026-03-20 11:31:55,46100,upi,0,0,setl_lkgzbjhy4tfgax,captured
pay_2azkzt06ubk6wo,order_j6c0xfbfm0noj3,2026-03-07 07:57:28,41700,upi,0,0,setl_8rcowtf1l5jtt6,captured
pay_ebzcfw0h65b4pk,order_iicqxyk67dic6f,2026-01-10 13:41:42,99100,netbanking,1883,339,setl_h9o3muublta3bw,captured
pay_369zdd4xfesyrm,order_cawb5wtghyun24,2026-01-14 11:40:50,666100,card,13322,2398,setl_opdcf6j5wixc2v,refunded
pay_z57dzvuxlhl6jv,order_12yst8a61je92o,2026-03-06 21:54:16,199000,card,3980,716,setl_8rcowtf1l5jtt6,captured
pay_56io6lbe54hxlt,order_wm8hrctq0v96dm,2026-02-27 18:30:43,149100,card,2982,537,setl_wg96a9tv3603ep,captured
pay_6x4a9tsgmr3fz5,order_6amx05q44fv0r0,2026-03-10 06:49:00,45600,upi,0,0,setl_cy02355rxf3dgx,captured
pay_l1zxayihwjgled,order_ycpzkgzvazpq4n,2026-02-27 14:45:01,124300,upi,0,0,setl_wg96a9tv3603ep,captured
pay_raww5qy4kvx9e5,order_c1kkta0rd4gsjt,2026-03-16 18:05:56,572700,upi,0,0,setl_9ziplehvmcpcg3,captured
pay_yv1msr64tcfiwa,order_8en7o6wqyh4anr,2026-01-14 12:54:57,53100,upi,0,0,setl_opdcf6j5wixc2v,captured
pay_be4gpnq6bsnjce,order_z4z5azm60hse3w,2026-03-13 14:58:06,67700,upi,0,0,setl_ob1zbkbpqox76q,captured
pay_uj8gxgnei97htt,order_xjj99uwgbrbcmb,2026-02-24 12:58:34,65200,upi,0,0,setl_dlrkavuq1t51a1,captured
pay_2sip5ijtmegpbk,order_64y6gy7m2fjejv,2026-02-28 15:48:09,107100,card,2142,386,setl_wg96a9tv3603ep,refunded
pay_4rd8uw19i72x4r,order_zw1fo5w8pkuc3r,2026-02-26 16:26:47,76300,upi,0,0,setl_t8widn28c970o0,captured
pay_lewkirtt2im0aq,order_1lo6ecmw0s8x4g,2026-02-08 19:56:20,159200,upi,0,0,setl_x9629fsv80nszb,captured
pay_k0kmuu1xj2zuvx,order_ak6wey4sbx7ibg,2026-03-06 07:24:28,102700,upi,0,0,setl_8rcowtf1l5jtt6,captured
pay_nz1ttraif55n1y,order_n7io8a0d6xw7jt,2026-03-30 13:25:19,186900,card,3738,673,setl_j85ptu7k9no41z,captured
pay_1x11lyyi9qugy9,order_jvi8v2wowy0twf,2026-01-30 16:21:45,70000,netbanking,1330,239,setl_4sse8tbudyqcih,captured
pay_6bt2l4mr6blwql,order_0v2kzv6qbxifx1,2026-03-22 12:24:59,45500,upi,0,0,setl_lkgzbjhy4tfgax,captured
pay_6j6jf8qc23uikn,order_by4l10s5a1vn0h,2026-02-03 13:23:57,81500,upi,0,0,setl_cb3atkunlhj9mi,captured
pay_ntmktvadwmvzfm,order_3d896qpxopjpnd,2026-02-05 10:48:01,102500,card,2050,369,setl_9redif5czb1c2o,captured
pay_1qbnkqzskr0ozr,order_d113j0ox2dtm4v,2026-03-07 20:28:00,224100,wallet,4930,887,setl_8rcowtf1l5jtt6,captured
pay_1rkh1jl1d28265,order_ga67w4bk641jdl,2026-03-08 06:01:54,43600,upi,0,0,setl_8rcowtf1l5jtt6,captured
pay_vln1cqh3vpi8v3,order_4m6d44wqo1bppq,2026-03-01 06:20:11,111900,upi,0,0,setl_wg96a9tv3603ep,captured
pay_rpqtcr2q5qqw6r,order_f928urdsit8389,2026-01-09 09:37:16,45000,upi,0,0,setl_h9o3muublta3bw,captured
pay_2otuiefydboj3o,order_fpgrsroevud1fo,2026-01-30 14:47:09,50000,upi,238,43,setl_4sse8tbudyqcih,captured
pay_nt9r3iiyipqkb8,order_fvqbwc5ejzwhrb,2026-01-27 18:00:24,35500,upi,0,0,setl_lmc6qbtpgvhqfs,captured
pay_pzpdw2pdk72fxh,order_kzr32z2roosqos,2026-03-26 08:48:17,71100,upi,0,0,setl_86tilepkwugepq,captured
pay_ov62zbzrf176n6,order_oqsnts0xcj2y0c,2026-01-30 11:04:41,34100,upi,0,0,setl_4sse8tbudyqcih,captured
pay_nef89ym54wd45g,order_8j68vbuwxly03r,2026-03-14 18:12:20,36300,wallet,799,144,setl_ob1zbkbpqox76q,captured
pay_9nx8slo24gyi57,order_yva7ssxphgknb4,2026-03-18 06:36:36,276700,netbanking,5257,946,setl_i779xkgycurgiw,captured
pay_0q1qloyyvfrgch,order_p8rte21pk8wjef,2026-03-30 21:44:43,35900,card,718,129,setl_j85ptu7k9no41z,captured
pay_qb6t6ljyrv9iin,order_nkom29bbv84bta,2026-03-29 09:39:13,757900,card,15158,2728,setl_wqkvxto3gxvlu7,captured
pay_nnhikv762t22iw,order_sz8voa3o8ryqfx,2026-03-18 12:51:06,39300,upi,0,0,setl_i779xkgycurgiw,captured
pay_moa745bp0w1phf,order_9szxeni7qmw0fu,2026-03-28 21:51:40,88100,upi,0,0,setl_wqkvxto3gxvlu7,captured
pay_sa2i3bj8cg218v,order_80998pd98t69or,2026-01-23 15:48:10,711600,upi,0,0,setl_pe6faz7kvftyvi,captured
pay_2qrew6uza227bx,order_8qx0ywrkvr3709,2026-01-27 15:50:02,49000,upi,0,0,setl_lmc6qbtpgvhqfs,captured
pay_n8h0c24qs6e7no,order_qjlnzq2qlhv4qi,2026-01-27 06:45:39,245300,upi,0,0,setl_lmc6qbtpgvhqfs,captured
pay_x0tm7mslzgc8k0,order_6vnb3acrtgiavq,2026-01-04 19:27:23,72400,upi,0,0,setl_wepzs7szuqc9f6,captured
pay_o2p6exiqlgju0b,order_zzkaew9j3zyz69,2026-01-27 15:06:10,258800,upi,0,0,setl_lmc6qbtpgvhqfs,captured
pay_5iybzv2l1xxhhd,order_n25br4ociwup1y,2026-03-05 16:47:56,88200,upi,0,0,setl_1pprr34her4zyz,captured
pay_4l6jwzaz74u7g8,order_1nid09u25n33xk,2026-02-23 08:29:56,127800,upi,0,0,setl_2ejmt21xr8n21l,captured
pay_gjnog6i7a7b2fj,order_vk1y6cecf2clfj,2026-01-29 09:37:46,32400,upi,0,0,setl_j502p555prthl8,captured
pay_5x9l50u0rm3k6y,order_c69son9kbbbj5w,2026-02-28 09:23:07,117200,wallet,2578,464,setl_wg96a9tv3603ep,captured
pay_s6ytd7kk5w7g9a,order_ce211fyrn7qm79,2026-03-24 19:59:14,141200,upi,0,0,setl_bjuqk7c3un19bl,captured
pay_nff2in2wltquoh,order_fxmqhhv61mju4y,2026-01-15 19:02:08,556300,card,11126,2003,setl_grv7k1qff39825,captured
pay_4hhesuo16n5dnw,order_3oi8zprd79pozx,2026-03-02 15:28:44,62800,wallet,1382,249,setl_gxt8aimmy71t26,captured
pay_mjmpnpye1honow,order_7j20gu7wz6aw7x,2026-02-24 22:30:28,83100,card,1662,299,setl_dlrkavuq1t51a1,captured
pay_bmbzpk3exbyg4j,order_1wpfo8dvyptsiu,2026-03-02 11:05:38,220000,card,4400,792,setl_gxt8aimmy71t26,refunded
pay_yrkzlt0fawlfz6,order_qiavcy7f8o1298,2026-03-04 22:00:14,105300,upi,0,0,setl_id6lid416qfq61,captured
pay_qr4jqdkxb2supy,order_4375nkayhrlsgg,2026-01-02 13:03:42,889000,card,17780,3200,setl_wepzs7szuqc9f6,captured
pay_df8nd2klw0fv8n,order_bfciaf1xokenw9,2026-01-26 08:32:44,326300,upi,0,0,setl_r7od0iq6cc73mp,refunded
pay_xe62irczawvd8s,order_5off0dhurxgqqx,2026-01-04 17:05:48,55800,upi,0,0,setl_wepzs7szuqc9f6,captured
pay_zrng0nslgpu99q,order_0n7jxnalli4vpg,2026-03-15 14:43:00,134700,upi,0,0,setl_ob1zbkbpqox76q,captured
pay_9xk78qqs3jhgfz,order_bi07ydn5h6jsaa,2026-01-30 16:08:52,766400,card,15328,2759,setl_4sse8tbudyqcih,captured
pay_tvh52sgwhmh1nv,order_sy9zox3161c4gf,2026-03-23 07:40:58,192900,card,3858,694,setl_ihlz60xnvw9v27,captured
pay_x8pzsqt1i69wa0,order_226l1e9d8h3lvb,2026-03-23 07:20:12,111200,upi,0,0,setl_ihlz60xnvw9v27,captured
pay_tulmzbzwdtqlgh,order_qpqrpotuhbzih4,2026-03-25 13:50:09,771700,upi,0,0,setl_d932kldoq526i0,captured
pay_z9cbwjpxg9lwjp,order_gzfur9akf4kif9,2026-02-15 14:57:33,81800,upi,0,0,setl_9hpnkvdkx29mhx,captured
pay_bpnkrbfnb22ar4,order_puq2udvbz55yjy,2026-02-17 06:29:06,79300,upi,0,0,setl_9994rz2os2zywh,captured
pay_9hgn9kvjonlsgx,order_icaqojcumtigqn,2026-03-06 18:51:47,74900,upi,0,0,setl_8rcowtf1l5jtt6,captured
pay_3hbxl2e1hciqbf,order_jf2zrdkg2opb71,2026-03-06 16:07:38,71700,upi,0,0,setl_8rcowtf1l5jtt6,captured
pay_1cf5dqvha5g6hl,order_2luxa1iqkr1oa9,2026-03-05 15:38:41,131100,upi,0,0,setl_1pprr34her4zyz,captured
pay_055n9v421xc7lw,order_hzcwb3mwadfgz9,2026-02-11 19:28:06,36500,netbanking,694,125,setl_owvw9a3grfow7z,captured
pay_ey1lrm3p2ud5xg,order_6dg2qduwr9hjgg,2026-03-31 15:33:42,50900,upi,0,0,setl_63hjwsjao5sf4p,captured
pay_h3woonpucdvatd,order_3g12f3awybagq0,2026-02-15 19:07:55,52600,card,1052,189,setl_9hpnkvdkx29mhx,captured
pay_7ucztwvimbx7om,order_vw8it77r1j3sn7,2026-03-29 13:07:28,107600,upi,0,0,setl_wqkvxto3gxvlu7,captured
pay_0y1fn20zjtj0so,order_ypdc11dqj7jgkf,2026-03-18 20:05:11,30100,upi,0,0,setl_i779xkgycurgiw,captured
pay_a5emz633350axl,order_94zowwfnk0ruf6,2026-02-08 08:14:04,105600,upi,0,0,setl_x9629fsv80nszb,captured
pay_525auifmopzciv,order_1m4cu8bhtylnal,2026-02-25 16:20:23,114200,card,2284,411,setl_fjubwhj4nuw113,captured
pay_a1rsd7qnuxwtty,order_rv96khb2s4gp6i,2026-01-16 19:23:55,106200,upi,0,0,setl_jrm8iuv8pwnbst,captured
pay_t0se8z24vk2xa9,order_mzaexz72kytbl5,2026-01-09 18:40:05,623500,card,12470,2245,setl_h9o3muublta3bw,captured
pay_h40gz5ivglcxd1,order_64to1xdd7lwklh,2026-01-30 15:02:56,108900,upi,0,0,setl_4sse8tbudyqcih,captured
pay_ym1gtbsydvkh64,order_eln61zzi2z5bsv,2026-03-04 10:25:33,875500,upi,0,0,setl_id6lid416qfq61,captured
pay_7rystcwlc3e99m,order_9wv3j3xrq7u4ct,2026-01-09 08:14:46,148400,upi,0,0,setl_h9o3muublta3bw,captured
pay_0fxk0vt3fz8jd0,order_0pte7r9g75vtrd,2026-01-03 21:58:21,238800,upi,0,0,setl_wepzs7szuqc9f6,captured
pay_dbev28q9s55p7x,order_hz3uy5qzz5hwtg,2026-02-02 06:04:54,264500,upi,0,0,setl_l3k3kfcno0zwp9,captured
pay_lji1u4qgx9niec,order_w68b9txpqsnoxp,2026-02-22 09:32:16,58000,upi,0,0,setl_qal9h36vfum300,captured
pay_6ms6btls2ccp0z,order_axqt392b5qnvzb,2026-01-05 10:24:48,59000,card,1180,212,setl_jb4iycka7ebxm4,captured
pay_uv9mqwuex088t5,order_aujnhsovsmodkp,2026-01-03 21:06:17,110900,upi,0,0,setl_wepzs7szuqc9f6,captured
pay_fscx1c2ccma62g,order_zrqermk59g5cac,2026-03-07 11:32:58,52900,upi,0,0,setl_8rcowtf1l5jtt6,captured
pay_r3puwsqba30mrc,order_c3gb3xb98glv4f,2026-03-03 09:18:36,135700,card,2714,489,setl_s36ohm15574nxh,captured
pay_olzk7wiv6fxzsi,order_qkuxcoeffleys0,2026-01-08 14:08:56,88100,wallet,1938,349,setl_xx3zh6x38f6k9i,captured
pay_8nibtqa0wua1bz,order_gz6dptva3vxf0t,2026-03-02 15:36:07,44500,upi,0,0,setl_gxt8aimmy71t26,captured
pay_fgjwhr4t3ec2wi,order_bin78j5ampmzzc,2026-03-04 09:26:24,93400,netbanking,1775,320,setl_id6lid416qfq61,captured
pay_pbnh9842sbh6y1,order_37f80u5uev9n9h,2026-03-27 14:49:36,693100,upi,0,0,setl_wqkvxto3gxvlu7,captured
pay_gkts5v323sw09v,order_xhk4de331qds2r,2026-03-20 12:47:37,135900,upi,0,0,setl_lkgzbjhy4tfgax,captured
pay_g2x80n1jz5hetd,order_pyo2ygdwzfi6nx,2026-03-02 16:44:16,85900,card,1718,309,setl_gxt8aimmy71t26,captured
pay_ufnf8lv3hgirrg,order_i1hb3wpq6s3l03,2026-01-03 14:24:05,68700,upi,0,0,setl_wepzs7szuqc9f6,captured
pay_ypbgnvncp6nijm,order_z14429enu0eaa8,2026-02-09 14:38:42,46400,card,928,167,setl_s4l1ku1vti53ru,captured
pay_eba0l6y21twf1g,order_mqmjsg2ilylzk4,2026-02-21 21:54:15,30400,card,608,109,setl_qal9h36vfum300,captured
pay_38cpxtzxxjqqp6,order_upi0d0qan7gl22,2026-03-19 09:06:43,144700,upi,0,0,setl_hjydfszyf4rzmu,captured
pay_jyhw2x7ng3xn14,order_i59w6o2vfyjrb7,2026-02-19 19:59:32,301000,upi,0,0,setl_57dkr8we1ld4hf,captured
pay_m6c7i9c43r5g8r,order_r9cce7mn217svu,2026-02-19 10:55:54,103900,upi,0,0,setl_57dkr8we1ld4hf,captured
pay_i3u11ij3fwpep1,order_mei5c8qbe6y144,2026-02-21 10:23:57,380300,upi,0,0,setl_qal9h36vfum300,captured
pay_kk2kqw823c6xfw,order_ox8srt3u4o2dki,2026-03-05 18:02:42,281400,upi,0,0,setl_1pprr34her4zyz,captured
pay_m9c1prk0hkln48,order_zq45gnfl9jca92,2026-03-21 18:10:11,77300,card,1546,278,setl_lkgzbjhy4tfgax,captured
pay_7mj1kpfxt532y2,order_cm741ka88ty7of,2026-02-11 09:22:10,73800,upi,0,0,setl_owvw9a3grfow7z,captured
pay_59bhayofg6sk2i,order_frrsahts3frhy1,2026-03-29 15:12:03,39300,wallet,865,156,setl_wqkvxto3gxvlu7,captured
pay_ma6ygjc6p2jkcg,order_sxpf40azce5zfx,2026-02-10 20:04:21,74600,upi,0,0,setl_ex4ek002gc2r1u,captured
pay_2nbhy25khe0q0t,order_qc6ppjetlezmt0,2026-01-21 14:36:46,327300,upi,0,0,setl_7u76rb7en0399o,captured
pay_xue7x1r5xe6k8x,order_g8wsg6mwo7u0cn,2026-03-20 16:10:59,64800,card,1296,233,setl_lkgzbjhy4tfgax,captured
pay_9mpv9gh1hj3l3p,order_poziv9wooge61f,2026-03-30 22:01:36,90900,upi,0,0,setl_j85ptu7k9no41z,captured
pay_1nbducgnhi4wz2,order_8x3ptdsvv7f95j,2026-01-26 21:24:50,295600,card,5912,1064,setl_r7od0iq6cc73mp,captured
pay_34tg1w6459i18v,order_cpgd33cbw8gg1d,2026-01-04 11:20:59,117800,upi,0,0,setl_wepzs7szuqc9f6,captured
pay_ox91goa0dmfotk,order_ydzrfokefpovkn,2026-02-20 18:49:16,62000,upi,0,0,setl_qal9h36vfum300,captured
pay_gwd9b9yahca0m8,order_qx8hk0gmpdozyn,2026-03-10 11:21:06,100800,upi,0,0,setl_cy02355rxf3dgx,captured
pay_y5rig9bo0dl1fb,order_bu9s4m88m09yjw,2026-03-29 13:21:49,142900,upi,0,0,setl_wqkvxto3gxvlu7,captured
pay_g3w969lq5xpyr7,order_ctzf21zmospp4f,2026-02-19 12:42:30,321100,upi,0,0,setl_57dkr8we1ld4hf,captured
pay_hz1kdjludax6fl,order_zhvzvpkkwp62rp,2026-02-28 16:50:10,162300,upi,0,0,setl_wg96a9tv3603ep,refunded
pay_terl2m4ewxkdo4,order_r1hrbxop9yn7de,2026-03-25 08:38:16,140400,card,2808,505,setl_d932kldoq526i0,captured
pay_9y6cysenvqapnt,order_00muzpu7doafmv,2026-01-15 18:26:50,86900,card,1738,313,setl_grv7k1qff39825,captured
pay_fg80ixwn2fmce1,order_dqa99edsdll5g4,2026-02-05 22:39:10,49500,upi,0,0,setl_9redif5czb1c2o,captured
pay_v4uptv0b35xwm1,order_x2z8xu3flirkzt,2026-03-24 13:20:14,132800,upi,0,0,setl_bjuqk7c3un19bl,captured
pay_ip4oj2zuf4j3yj,order_j59dssarxi5vm3,2026-01-31 14:03:35,82900,upi,0,0,setl_4sse8tbudyqcih,refunded
pay_gnmfcgotc4jrv1,order_a7rirqqr32lppw,2026-02-21 11:14:59,71000,upi,0,0,setl_qal9h36vfum300,captured
pay_411zg7pa8168x1,order_rgqgrpp94shsw3,2026-03-16 11:45:01,41700,card,834,150,setl_9ziplehvmcpcg3,captured
pay_n4wdwd79mu6hei,order_7cnio6ak0ud685,2026-01-17 07:52:24,141000,upi,456,82,setl_jrm8iuv8pwnbst,refunded
pay_mtje8eekpmfs2a,order_94i8xuof3zwppp,2026-02-13 09:56:58,66800,card,1336,240,setl_9hpnkvdkx29mhx,captured
pay_6b3qfzo4fzwxcu,order_pha4g7e4p07qv8,2026-02-26 20:19:10,230400,upi,0,0,setl_t8widn28c970o0,captured
pay_qi3fwghcrtripc,order_c202foptt2kd8k,2026-01-29 17:58:59,93800,netbanking,1782,321,setl_j502p555prthl8,captured
pay_siggwks9eomhiq,order_7dorsyn25jcy33,2026-02-05 09:05:05,49600,upi,0,0,setl_9redif5czb1c2o,captured
pay_yvqerjw9cacrcn,order_jtzf38n4almeum,2026-01-10 10:48:28,542500,upi,0,0,setl_h9o3muublta3bw,captured
pay_3vvxhmvmf7dy2y,order_i1xrsawusi7uke,2026-03-26 11:42:43,187800,upi,0,0,setl_86tilepkwugepq,captured
pay_oasq5r8l6efnk9,order_qjyzwid1lrnd0h,2026-01-23 07:45:49,46200,upi,0,0,setl_pe6faz7kvftyvi,captured
pay_aksfc12z0qzo3m,order_cs0126ed8a00b1,2026-01-02 13:09:50,45100,card,902,162,setl_wepzs7szuqc9f6,captured
pay_ji4g7x7ymzkmzd,order_jeaep4ehry9kh7,2026-03-24 09:55:48,64600,upi,0,0,setl_bjuqk7c3un19bl,captured
pay_b9atewdkcyvk5w,order_y7nea6zzy9hcnc,2026-01-21 22:15:42,64200,upi,0,0,setl_7u76rb7en0399o,captured
pay_5vchcjjy4n4xcs,order_wy72kqwtiile94,2026-01-09 17:40:32,81900,card,1638,295,setl_h9o3muublta3bw,captured
pay_fqx13x0h6n1uz4,order_msa9xxk7846lhi,2026-03-29 20:36:13,123800,upi,0,0,setl_wqkvxto3gxvlu7,captured
pay_9cdn1pr91i59h8,order_snyujzdm8a54qq,2026-03-29 11:47:11,137200,upi,0,0,setl_wqkvxto3gxvlu7,captured
pay_r3t3807jx983xw,order_2tzwydxl4ujxtt,2026-01-06 17:14:43,127400,card,2548,459,setl_8zu1ktsnub3qzg,captured
pay_qkqbcmcz9kw7q6,order_gxr6gxscrxv35l,2026-01-13 16:10:08,276600,upi,0,0,setl_svzb0gabvczqv4,captured
pay_dfxmmirhv07kzc,order_7k70hjqtbk32g3,2026-02-23 16:51:43,37400,upi,0,0,setl_2ejmt21xr8n21l,captured
pay_dlfq48gdone6ju,order_iftte4jdx6073f,2026-03-24 16:47:17,35300,upi,0,0,setl_bjuqk7c3un19bl,captured
pay_ygtckk6zzdzuky,order_gllk1b5s3krzki,2026-03-20 12:51:04,168200,upi,0,0,setl_lkgzbjhy4tfgax,captured
pay_xzsfa7avd3ris8,order_gi0v6p2r1c4q6m,2026-02-23 21:24:39,248900,wallet,5476,986,setl_2ejmt21xr8n21l,captured
pay_5rx0a7hjibj8yw,order_p8eqolg442da4h,2026-03-08 12:40:03,96100,upi,0,0,setl_8rcowtf1l5jtt6,captured
pay_pzipaxytkhch3i,order_ea0ky4wbpzlekv,2026-01-10 14:45:10,149100,upi,0,0,setl_h9o3muublta3bw,captured
pay_lmet2lbo3lwh5c,order_i8pls4tiuz1if3,2026-03-30 15:48:06,473300,upi,0,0,setl_j85ptu7k9no41z,captured
pay_0pgvkeeb3tkqe8,order_8vcyrg3mtypbb0,2026-02-03 06:35:55,32400,wallet,713,128,setl_cb3atkunlhj9mi,captured
pay_6efujpn65vzy2s,order_ygib1k4xqdw48y,2026-02-13 17:17:35,75300,card,1506,271,setl_9hpnkvdkx29mhx,captured
pay_5uy3a8ubp4ibsr,order_3qd52y64od8mgk,2026-02-11 18:38:43,127100,upi,0,0,setl_owvw9a3grfow7z,captured
pay_2jgj51gfz4sctm,order_2eqd66mtkpjjsl,2026-02-21 20:36:49,138600,upi,0,0,setl_qal9h36vfum300,captured
pay_vd80nrigtahkwi,order_t2t29b35ndjldv,2026-03-15 12:32:53,221300,upi,0,0,setl_ob1zbkbpqox76q,captured
pay_ree9o1jxpbw0jq,,2026-03-12 11:29:04,41000,upi,0,0,setl_pjr716gfgceh8w,captured
pay_8i3yd4hpl16v2h,order_rfbb1wmhy11p25,2026-02-10 19:51:46,95300,upi,0,0,setl_ex4ek002gc2r1u,captured
pay_kolkoff03t17f1,order_33f1fx0mom04zd,2026-02-28 08:42:13,230000,card,4600,828,setl_wg96a9tv3603ep,captured
pay_tw6qxh11xbh5fh,order_bglfxdikaok846,2026-01-28 15:14:07,53300,wallet,1173,211,setl_nxu2v0awbwkxj5,captured
pay_tkarhboh4xlzml,order_w24tzfttppshy9,2026-03-10 19:14:37,365300,card,7306,1315,setl_cy02355rxf3dgx,captured
pay_u1xrktwdf5jiet,order_nw55jrlz8rr6rt,2026-01-14 12:53:53,217300,upi,0,0,setl_opdcf6j5wixc2v,captured
pay_ryln6ebk3bjtq6,order_tnhaltkgmp0vfp,2026-01-24 11:49:49,67700,wallet,1489,268,setl_pe6faz7kvftyvi,captured
pay_xcpfrbw9etjd2l,order_k4qjghdt0235vw,2026-03-12 11:30:44,307400,wallet,6763,1217,setl_pjr716gfgceh8w,captured
pay_yg4khzcgbqlsq4,order_q6p73xyh37eru3,2026-02-18 08:19:20,77200,upi,0,0,setl_marwnoou4khb0k,captured
pay_ir4gf8tiwdmp61,order_m4ta8visibgfya,2026-01-20 13:20:34,46400,card,928,167,setl_i1ppblfh8tj5m7,captured
pay_yy3y1efbvgbv2a,order_ie9h9vg2y8q81k,2026-01-31 12:14:19,38100,card,762,137,setl_4sse8tbudyqcih,captured
pay_y3g3nvyfpzw2wc,order_6n34uk93viaf6a,2026-03-05 22:39:33,141300,upi,0,0,setl_1pprr34her4zyz,captured
pay_w3olwivzyctje0,order_3mtqdri65vt8zq,2026-03-08 09:46:21,77100,card,1542,278,setl_8rcowtf1l5jtt6,captured
pay_bnbisjj0o52gc0,order_6a0xo0ra47fzvw,2026-01-21 13:47:38,125500,netbanking,2385,429,setl_7u76rb7en0399o,captured
pay_wlw637zbbj4pll,order_kzy8bh8rzd7lfj,2026-01-11 19:42:43,176600,upi,0,0,setl_h9o3muublta3bw,captured
pay_l4y1h4ao148t9t,order_cxjazjunadioo5,2026-01-26 06:51:42,197100,upi,0,0,setl_r7od0iq6cc73mp,captured
pay_9wxfl9udwm72at,order_hkn4r99rwxszb0,2026-02-11 12:41:19,56200,upi,0,0,setl_owvw9a3grfow7z,captured
pay_m1nskqefgx700c,order_3wt31q58gwes7o,2026-01-20 18:50:40,110200,wallet,2424,436,setl_i1ppblfh8tj5m7,captured
pay_jv1xaoo5i29zgp,order_mxtqt9mf3nuk0y,2026-02-26 17:47:15,134100,upi,0,0,setl_t8widn28c970o0,captured
pay_jmtzpb5t9mza8w,order_ocxuuf61u79vm9,2026-03-09 22:33:13,317600,upi,0,0,setl_6qsiife23ixpuu,captured
pay_nlrvo59858u4rl,order_yr6302y3rb1z08,2026-01-17 20:55:34,113100,card,2262,407,setl_jrm8iuv8pwnbst,captured
pay_7gd5c2zovikr08,order_mywvm46nlaumk4,2026-01-07 08:58:56,83300,card,1666,300,setl_jde75ge9flap8q,captured
pay_zwd58ick9mtnjp,order_2inet5isjv155u,2026-03-20 21:18:58,62500,wallet,1375,248,setl_lkgzbjhy4tfgax,refunded
pay_r7hlplhwv3mrmh,order_1j9pm30lo8ub53,2026-03-13 15:37:33,65500,upi,0,0,setl_ob1zbkbpqox76q,captured
pay_yoy4l28x4lq8gb,order_mbfottl7wp00yd,2026-02-12 09:41:48,35000,card,700,126,setl_blfhrgh8cu53a4,captured
pay_dijv4mrmwzoabw,order_i15pfevvu1kgl6,2026-01-26 16:11:56,32200,upi,0,0,setl_r7od0iq6cc73mp,captured
pay_3z6d6swqz3chrz,order_kajf22u528l89q,2026-02-08 18:37:35,30500,upi,0,0,setl_x9629fsv80nszb,captured
pay_a77u4qk93asnxb,order_ild53b3k4jvrma,2026-01-18 06:58:38,329900,upi,0,0,setl_jrm8iuv8pwnbst,captured
pay_4ug9uigjj7vjq3,order_o9ddazy0gor5kv,2026-03-03 13:42:53,32900,card,658,118,setl_s36ohm15574nxh,captured
pay_4xkh05sbof3rch,order_mnti3zew59yff9,2026-01-24 10:46:30,74700,upi,0,0,setl_pe6faz7kvftyvi,captured
pay_5cvh6hrhd8pw0w,order_j8hp7zfn91c996,2026-03-30 11:43:26,57000,card,1140,205,setl_j85ptu7k9no41z,captured
pay_izs06widwipf8t,order_4pehx26irchspf,2026-01-05 22:02:17,60800,upi,0,0,setl_jb4iycka7ebxm4,captured
pay_oi936ru2kuot1b,order_ss11d5kslgdwqy,2026-01-28 13:59:30,41100,upi,0,0,setl_nxu2v0awbwkxj5,captured
pay_yemci9cabvb28y,order_sg88kesoqioq1g,2026-02-07 17:10:55,124900,upi,0,0,setl_x9629fsv80nszb,captured
pay_h6l5dghz4age76,order_y06yuh32wa0tgz,2026-01-30 16:21:43,118600,upi,0,0,setl_4sse8tbudyqcih,captured
pay_oox67hn1d2akk0,order_t2xaz7i72zebcu,2026-01-18 10:05:20,50300,netbanking,956,172,setl_jrm8iuv8pwnbst,captured
pay_5xzcvsko5vvlzv,order_t3629etjq3ijds,2026-03-15 11:32:01,35000,upi,0,0,setl_ob1zbkbpqox76q,captured
pay_z9qwc6brg6tx0o,order_uj6yzyn5z86ffe,2026-01-30 06:34:29,117700,card,2354,424,setl_4sse8tbudyqcih,captured
pay_q6bnejojy8qbe1,order_9yq15nazk6h3k9,2026-01-04 19:36:08,92200,upi,0,0,setl_wepzs7szuqc9f6,captured
pay_tixonci519fpdd,order_q353cm9u26jr9m,2026-03-06 20:07:59,316000,upi,0,0,setl_8rcowtf1l5jtt6,captured
pay_lnsmqr8rvlfkhr,order_3c06rnkqm1dash,2026-03-11 12:48:36,32700,upi,316,57,setl_mi7tt2ol7lcfi6,captured
pay_99bzpxpoz4x6do,order_7emhfh9doy52dl,2026-01-22 12:23:52,57100,wallet,1256,226,setl_olhoefx33wper0,captured
pay_t7d5h2wek91nu8,order_ozotx91dj17jsg,2026-02-23 18:07:46,61600,card,1232,222,setl_2ejmt21xr8n21l,captured
pay_og8249nrbup3bo,order_l68323ue5zxmhi,2026-01-01 22:26:26,280700,card,5614,1011,setl_2lzlm5imf0kd5q,captured
pay_nowigvwqd4d8no,order_p9vqz5ebrswpg7,2026-02-07 18:50:25,69700,card,1394,251,setl_x9629fsv80nszb,captured
pay_majwslzqfqyadh,order_l6ipywo8ih1s7k,2026-02-15 15:05:08,61500,upi,0,0,setl_9hpnkvdkx29mhx,captured
pay_s0gdm5qjzyihap,order_t47ibsmt2arhca,2026-02-25 09:44:36,59200,card,1184,213,setl_fjubwhj4nuw113,captured
pay_pr8mftsvdst7nj,order_9k58jcy1h29s8k,2026-01-23 16:45:53,128700,upi,0,0,setl_pe6faz7kvftyvi,captured
pay_2bmfu6spm6gjf5,order_dz1j1l36bc3wgo,2026-03-24 10:50:28,112200,wallet,2468,444,setl_bjuqk7c3un19bl,captured
pay_6zsykv6v1d8qc8,order_33m2xah72451c1,2026-01-30 16:20:59,79000,upi,0,0,setl_4sse8tbudyqcih,captured
pay_k5o4nudz9q403q,order_t9yg0zkhiz7mrj,2026-02-27 11:45:21,72600,netbanking,1379,248,setl_wg96a9tv3603ep,captured
pay_iicfh0z5y75lta,order_a7sbqvc85dyin6,2026-02-08 19:37:41,165600,upi,0,0,setl_x9629fsv80nszb,captured
pay_bexyaa98jz7yjy,order_tvcu5y6ca707gn,2026-02-26 08:17:27,38800,netbanking,737,133,setl_t8widn28c970o0,captured
pay_1ignkfwwaeqeaq,order_cgltoa1w59kjeb,2026-03-23 06:20:22,269000,card,5380,968,setl_ihlz60xnvw9v27,captured
pay_n49k647ari4gkk,order_6i812w0o6n1d5t,2026-01-15 11:35:10,135900,upi,0,0,setl_grv7k1qff39825,captured
pay_i4lpxpj7s4kmsa,order_zgp5o5y7ff4hv0,2026-03-14 17:40:03,416500,card,8330,1499,setl_ob1zbkbpqox76q,captured
pay_1768qmf08dlluj,order_7y2icwd21kv7as,2026-03-07 17:11:09,866200,netbanking,16458,2962,setl_8rcowtf1l5jtt6,captured
pay_xc3cfodkjn2y0z,order_y6ydblgd9815vk,2026-02-11 20:00:35,92000,wallet,2024,364,setl_owvw9a3grfow7z,captured
pay_o5gik410hkyt4n,order_g3lu7q3lptupow,2026-02-26 22:46:21,211400,upi,0,0,setl_t8widn28c970o0,captured
pay_n8aoma8yx4plpj,,2026-03-20 06:42:58,118100,upi,0,0,setl_lkgzbjhy4tfgax,captured
pay_9dnv2folq2sbat,order_3cyjardnxvi57y,2026-02-25 08:44:53,33300,upi,0,0,setl_fjubwhj4nuw113,captured
pay_jcwh37q247bv53,order_p066kko0d5npb3,2026-03-17 18:05:19,146900,upi,0,0,setl_nf76s64rcbd6hk,captured
pay_mjuin3dpzkou5w,order_dla9g3qe8bwx7e,2026-03-13 10:32:37,45900,upi,0,0,setl_ob1zbkbpqox76q,captured
pay_iatf3cuzocp1xr,order_azeg9972d9zzeb,2026-03-08 22:55:30,34200,upi,0,0,setl_8rcowtf1l5jtt6,captured
pay_kk8yhsb5pduszu,order_9uzbqwbmcrd7xp,2026-03-23 10:11:28,37700,upi,0,0,setl_ihlz60xnvw9v27,captured
pay_48j7bto3qsz0i4,order_c6j3aqyxzkg1f0,2026-03-26 21:35:42,71500,netbanking,1359,245,setl_86tilepkwugepq,captured
pay_0z250l9zej6sov,order_0pk1nqx1ehyppz,2026-02-10 21:32:50,47500,upi,0,0,setl_ex4ek002gc2r1u,captured
pay_noav4am5hkiak4,order_tkletmpqfbdyz4,2026-02-13 16:40:42,103800,card,2076,374,setl_9hpnkvdkx29mhx,captured
pay_mme7yqc5j3na5w,order_o1i7loa62ndj2x,2026-01-30 08:26:49,76200,upi,0,0,setl_4sse8tbudyqcih,captured
pay_30cmfyuapwcnv2,order_43srr3rjc4a7cd,2026-01-06 10:49:14,107000,upi,0,0,setl_8zu1ktsnub3qzg,captured
pay_y63bxun1yr7f6a,order_s2liv00qlwmcu8,2026-01-19 06:31:20,174700,upi,0,0,setl_ckovgkmddyvf20,captured
pay_3cunq8x63402bv,order_n3sj1nx8a5sx4y,2026-02-03 06:35:56,125700,card,2514,453,setl_cb3atkunlhj9mi,captured
pay_0453pynj43gt1s,order_60cuyqfp3xvgqb,2026-03-22 13:35:11,134800,upi,0,0,setl_lkgzbjhy4tfgax,captured
pay_hw1xgegkesh2ko,order_nzaycg1nemkpji,2026-03-31 10:25:23,137800,card,2756,496,setl_63hjwsjao5sf4p,captured
pay_o9v9zd8269l2xd,order_4dslcmmv7je9j2,2026-01-06 18:34:54,221600,wallet,4368,786,setl_8zu1ktsnub3qzg,captured
pay_92dx5fuljvbxk2,order_i03czycfwpf3d5,2026-01-20 17:23:14,38000,upi,0,0,setl_i1ppblfh8tj5m7,captured
pay_iug4q1ntsg5q19,order_mhoje2x2ecnhk0,2026-01-27 22:53:02,136500,card,2730,491,setl_lmc6qbtpgvhqfs,captured
pay_0e32binciihkru,order_jzmmeo95d1u13x,2026-02-12 17:55:02,78500,upi,0,0,setl_blfhrgh8cu53a4,captured
pay_cadj8fd4smj6rw,order_w36gdp7pmtiypr,2026-02-25 09:36:17,45500,upi,0,0,setl_fjubwhj4nuw113,captured
pay_3dipwz24wdqv4v,order_qrrsfl1jake01p,2026-03-09 16:50:41,97800,upi,0,0,setl_6qsiife23ixpuu,captured
pay_scftc42sj67g3q,order_4u1zh6okuton2m,2026-03-18 11:32:14,78000,card,1560,281,setl_i779xkgycurgiw,captured
pay_qfbgo79llreik6,order_slf0bw2ysegys4,2026-03-29 16:48:10,31800,upi,0,0,setl_wqkvxto3gxvlu7,captured
pay_wh9ynekyv6a4l2,order_gcgi72pb9zvj7k,2026-01-24 07:10:21,30200,card,604,109,setl_pe6faz7kvftyvi,captured
pay_i7ishowbmwtp9h,order_wtzcmxw09o4xkm,2026-02-12 09:45:49,282800,upi,0,0,setl_blfhrgh8cu53a4,captured
pay_rtev0wxxtauosk,order_hvpddm1bvahye8,2026-01-17 17:55:51,48600,upi,0,0,setl_jrm8iuv8pwnbst,captured
pay_4hz0nsng38hv0z,order_9oifhapaffphud,2026-03-25 06:12:15,40900,card,818,147,setl_d932kldoq526i0,captured
pay_60yrkcayat69h3,order_uects9or2ryjxv,2026-01-26 18:03:40,139900,card,2798,504,setl_r7od0iq6cc73mp,captured
pay_bv3t1lnui4hoq0,order_rbmacurkgwx533,2026-03-03 16:33:22,71400,netbanking,1357,244,setl_s36ohm15574nxh,captured
pay_jg4layl1s3zulw,order_vwi7ronvkwy9w0,2026-01-10 15:30:13,843900,upi,0,0,setl_h9o3muublta3bw,captured
pay_y2q1zddg7kxcgi,order_rykfepqbsr9xbf,2026-02-02 06:27:43,109700,upi,0,0,setl_l3k3kfcno0zwp9,captured
pay_9crzvk8slruqfj,order_8zo2updlw4joir,2026-03-05 07:55:51,45900,upi,0,0,setl_1pprr34her4zyz,captured
pay_hr37d8w6kn6kvw,order_fulzn58ranrp4l,2026-03-18 15:38:30,124600,upi,0,0,setl_i779xkgycurgiw,captured
pay_cafric46txtvaj,order_75hjeuk8zhbfi8,2026-01-12 19:55:45,127800,upi,0,0,setl_9ein7jcd4rdl3a,captured
pay_vicf59oh322wpt,order_rxpzjnqvzict17,2026-03-27 07:58:14,70400,upi,0,0,setl_wqkvxto3gxvlu7,captured
pay_m0cfelnqqeil5o,order_25o1h3nns178vc,2026-01-29 07:58:18,143900,upi,0,0,setl_j502p555prthl8,captured
pay_xq5wwcispuh9ce,order_69d04t6lvwj7ts,2026-03-02 06:43:57,45900,upi,0,0,setl_gxt8aimmy71t26,captured
pay_u6vbvsccmsrj0y,order_9os4crtp0dnrq4,2026-02-22 12:19:12,47000,upi,0,0,setl_qal9h36vfum300,captured
pay_1z5f2ukwo7dvl5,order_5jkyf1zpv6bw7p,2026-02-26 13:54:31,138700,card,2774,499,setl_t8widn28c970o0,captured
pay_wmpm4dmdo4dka9,order_4ck3bddtnw1dvm,2026-01-24 10:20:38,84600,card,1692,305,setl_pe6faz7kvftyvi,captured
pay_aosqinb63uudym,order_uhbvngaluuhn1u,2026-03-14 20:50:18,294300,upi,0,0,setl_ob1zbkbpqox76q,captured
pay_7rt5iaefpysic6,order_238u54tw6so3fg,2026-01-18 13:34:26,132800,upi,0,0,setl_jrm8iuv8pwnbst,captured
pay_g6hnrnmr4obsja,order_ebla1wt1z7q64h,2026-01-16 08:22:52,187400,upi,0,0,setl_jrm8iuv8pwnbst,captured
pay_7mget3zbpy5nvc,order_h15texa0rmiafj,2026-01-10 08:31:33,120900,upi,0,0,setl_h9o3muublta3bw,captured
pay_1g2dezk1gx67xs,order_ohzy99d3idmhq2,2026-02-04 18:05:07,66500,card,1330,239,setl_loeej8p0363err,captured
pay_t7uzwvpvmu36kc,order_ew1w5u304u96rm,2026-02-15 13:00:41,539700,card,10794,1943,setl_9hpnkvdkx29mhx,captured
pay_8nist2b0360fye,order_lhlouxh71d5a79,2026-02-18 11:10:45,47000,upi,0,0,setl_marwnoou4khb0k,captured
pay_iy56p2jg64p49d,order_4865xz896raiv7,2026-03-08 21:42:28,52800,upi,0,0,setl_8rcowtf1l5jtt6,captured
pay_83gruoc7ua546j,order_l7emrr26eir459,2026-03-07 13:09:48,36000,netbanking,684,123,setl_8rcowtf1l5jtt6,captured
pay_a9ic7kyedc00mz,order_7oigfkyhjij4km,2026-02-08 18:17:11,279700,upi,0,0,setl_x9629fsv80nszb,captured
pay_10d9nxo85e3o56,order_5zufkuv078mspf,2026-02-09 09:17:16,407100,card,8142,1466,setl_s4l1ku1vti53ru,captured
pay_cafeyuqs2s0t11,order_rxvh24i7simw02,2026-02-17 18:12:29,53200,upi,0,0,setl_9994rz2os2zywh,captured
pay_po4aez0zigwe1z,order_7jhe812cbvqgrc,2026-03-03 17:24:20,277300,card,5546,998,setl_s36ohm15574nxh,captured
pay_h1lsy1et4nkwzl,order_d4rcp8me0iwque,2026-03-22 12:41:44,43100,upi,0,0,setl_lkgzbjhy4tfgax,captured
pay_z2y8xiy9v4tsgl,order_m986u9rp1jx9gl,2026-01-02 07:09:47,52600,wallet,1157,208,setl_wepzs7szuqc9f6,captured
pay_6fiitv25nfq2p9,order_8eww1j33te6c02,2026-03-14 15:48:45,343900,card,6878,1238,setl_ob1zbkbpqox76q,captured
pay_3wedmtmo3m6vtn,order_59h637k6l3dcmr,2026-03-05 12:46:38,58800,upi,0,0,setl_1pprr34her4zyz,captured
pay_5skrpk9k9cr224,order_zh5s9ijdhvrfzk,2026-02-13 13:25:54,51800,upi,0,0,setl_9hpnkvdkx29mhx,captured
pay_zx51ve5p21kwxw,order_5gweaaaqf3dob0,2026-02-25 21:41:08,432400,upi,583,105,setl_fjubwhj4nuw113,captured
pay_x6p97bmw67wmi6,order_wt3734mt4s9o2g,2026-02-17 14:16:31,99700,upi,0,0,setl_9994rz2os2zywh,captured
pay_pjv0tj289lrzka,order_k1tzk1k3oe5biu,2026-01-20 14:18:47,73400,upi,0,0,setl_i1ppblfh8tj5m7,captured
pay_r5p1fv2jo8oj5z,order_coyugi4dlfxwjn,2026-03-21 08:32:12,314800,card,6296,1133,setl_lkgzbjhy4tfgax,captured
pay_t55bbzcbr2n9b1,order_n0bg58vmbef63y,2026-01-24 08:57:35,103700,upi,0,0,setl_pe6faz7kvftyvi,captured
pay_c8bq9znott286k,order_gu8jvv486a0ozz,2026-03-29 18:27:10,303400,upi,0,0,setl_wqkvxto3gxvlu7,captured
pay_a7i6lmwt3e6xax,order_28c14haznjerjg,2026-01-28 15:32:33,48000,wallet,1056,190,setl_nxu2v0awbwkxj5,captured
pay_6ksp0zbjd8juxg,order_pu5bxdl92pjnqi,2026-02-04 06:42:16,176600,upi,0,0,setl_loeej8p0363err,captured
pay_fmqj6l0bck6w8z,order_mgnzletvkq0udc,2026-02-02 15:30:45,33100,netbanking,629,113,setl_l3k3kfcno0zwp9,captured
pay_h9ckoz2hv0yw1y,order_uufi7znfdj1r0t,2026-03-17 18:58:30,68500,netbanking,1302,234,setl_nf76s64rcbd6hk,captured
pay_1ic7mxujbyfyr6,order_ogevws1wdqmhcg,2026-03-19 07:44:24,649600,upi,0,0,setl_hjydfszyf4rzmu,captured
pay_rxl77vpnukhbrg,order_culap3jgdnj92d,2026-03-13 10:47:28,63200,upi,0,0,setl_ob1zbkbpqox76q,captured
pay_72gbjrumynjejy,order_vyq1yp0qs0frq1,2026-03-30 16:10:19,91700,wallet,2017,363,setl_j85ptu7k9no41z,captured
pay_iujewz7yk280i6,order_24osmt9bfno1xe,2026-01-21 17:15:43,52700,card,1054,190,setl_7u76rb7en0399o,captured
pay_z3u8ihnhjq6alp,order_v1ntef6dw6laj9,2026-02-03 13:11:16,347500,wallet,7645,1376,setl_cb3atkunlhj9mi,captured
pay_qqtdotsrslr9ps,order_0c5ffziay0qbaw,2026-01-28 06:38:41,109600,netbanking,2082,375,setl_nxu2v0awbwkxj5,captured
pay_x62u8pv299mp62,order_ttjuad8lae23yd,2026-03-29 18:27:28,62300,upi,0,0,setl_wqkvxto3gxvlu7,captured
pay_n9d29p9v9tuvzi,order_zblowat15w899f,2026-03-15 08:00:03,863200,upi,0,0,setl_ob1zbkbpqox76q,captured
pay_928pkg47u02s16,order_bnu91bsc13odn6,2026-01-02 10:59:38,31000,wallet,682,123,setl_wepzs7szuqc9f6,captured
pay_1rnap711gu5gnu,order_bbh82a1ytxjww1,2026-02-16 22:22:55,256800,upi,0,0,setl_hyo0coscm1600j,captured
pay_x5htorwozahlp9,order_cdly0sswg7adc6,2026-01-31 19:06:43,118200,card,2364,426,setl_4sse8tbudyqcih,captured
pay_r921b1ysdiaiyp,order_0rww8gqb9abbvy,2026-02-28 07:25:35,106600,upi,0,0,setl_wg96a9tv3603ep,captured
pay_gtfn5t4z6jzres,order_exft6et715los2,2026-03-11 19:27:09,176200,upi,0,0,setl_mi7tt2ol7lcfi6,captured
pay_ffeolevs3eehlt,order_s70ygasdb8eq3w,2026-01-31 22:59:00,109100,netbanking,2073,373,setl_4sse8tbudyqcih,captured
pay_8hh372ll5dxv9h,order_1k0iruu4xejh9u,2026-02-24 06:11:41,258900,upi,0,0,setl_dlrkavuq1t51a1,captured
pay_zl5a2yt4jzncqp,order_nbq1rl7ws5y82b,2026-03-19 16:48:35,52200,netbanking,992,179,setl_hjydfszyf4rzmu,captured
pay_09x5wkiy0n5z7h,order_gfltszr0s36lql,2026-01-08 15:35:01,74100,upi,0,0,setl_xx3zh6x38f6k9i,captured
pay_4puwq9xe66k2f1,order_ur2j7qkwx2ska0,2026-02-15 13:52:16,145700,upi,0,0,setl_9hpnkvdkx29mhx,captured
pay_ep1h1fq4c5bkvt,order_4ejtk0wo0i4kqw,2026-03-11 09:11:33,36700,netbanking,697,125,setl_mi7tt2ol7lcfi6,captured
pay_x5djjxktx9am0g,order_93phdyxssseuj0,2026-03-17 19:41:21,235400,upi,0,0,setl_nf76s64rcbd6hk,captured
pay_c15dh75ayampyn,order_s57q4em1jrvcrc,2026-01-29 13:32:48,333600,wallet,7339,1321,setl_j502p555prthl8,captured
pay_bpe905s6wu3v8r,order_7nze8udeqyg4h2,2026-03-10 06:13:41,340300,upi,0,0,setl_cy02355rxf3dgx,captured
pay_r1mcoydt4qje2j,order_l2jq08iciwl1yl,2026-03-13 17:15:18,71600,upi,0,0,setl_ob1zbkbpqox76q,captured
pay_ql6njqsue2wb3u,order_eijsfrp4fsgnby,2026-01-26 11:52:17,30400,card,608,109,setl_r7od0iq6cc73mp,captured
pay_yq59p56zfvdqvp,order_umbdgfel5z4jv9,2026-03-25 06:46:14,40800,upi,0,0,setl_d932kldoq526i0,captured
pay_85z6qdgzg9b1gg,order_l0agi349q6oozz,2026-03-09 19:46:58,106200,upi,0,0,setl_6qsiife23ixpuu,captured
pay_0anq7pbpqn4pun,order_lbax4vlah8jm2y,2026-03-03 10:26:25,140500,upi,0,0,setl_s36ohm15574nxh,captured
pay_5mo1rtynr3a6zc,order_5r6z9n8ois9mb0,2026-01-17 22:40:48,184600,netbanking,3507,631,setl_jrm8iuv8pwnbst,captured
pay_795zbi4m8rqngv,order_j7b1zmrf02v7xo,2026-01-29 07:38:06,37400,upi,0,0,setl_j502p555prthl8,captured
pay_yi89emdp6wnndi,order_94btea2l6kuou2,2026-03-09 11:44:28,33800,upi,0,0,setl_6qsiife23ixpuu,captured
pay_fpu68uxdv47yha,order_kcrox9j404vtrd,2026-03-05 06:16:46,161600,upi,0,0,setl_1pprr34her4zyz,captured
pay_a7syxvbl1y2v1c,order_otzfv6lf5smx4t,2026-01-14 15:59:56,127900,upi,0,0,setl_opdcf6j5wixc2v,captured
pay_asw1hvvucei5yp,order_uyo31ra66bwk3t,2026-01-15 19:33:51,87600,upi,0,0,setl_grv7k1qff39825,captured
pay_6ji546glxa7lcg,order_1dwa0gia9zmvqb,2026-01-30 14:01:54,97900,upi,0,0,setl_4sse8tbudyqcih,captured
pay_4keeqwf5vc5v91,order_evfps6y9pv222p,2026-03-23 20:05:39,110000,upi,0,0,setl_ihlz60xnvw9v27,captured
pay_r08q1wxj0geng8,order_7zpwpv26jr1t9i,2026-03-02 06:04:35,138400,card,2768,498,setl_gxt8aimmy71t26,captured
pay_7rwu8bictjf9vw,order_x5r0xcwwrj98l9,2026-01-18 22:39:00,77400,upi,0,0,setl_jrm8iuv8pwnbst,captured
pay_t00g7omaz86haf,order_kysp2ofuqthyx8,2026-01-17 06:30:24,102200,upi,0,0,setl_jrm8iuv8pwnbst,captured
pay_0xhf6yibvhi77m,order_i1zggfrn7uhzfe,2026-01-28 08:00:48,126000,upi,0,0,setl_nxu2v0awbwkxj5,captured
pay_i3d6ugosbjog10,order_diu37b2fmceqs6,2026-01-21 13:31:42,246600,netbanking,4685,843,setl_7u76rb7en0399o,refunded
pay_g6plpweog4iwzq,order_t6zkbiov02k2p1,2026-02-01 11:27:27,70100,upi,0,0,setl_4sse8tbudyqcih,captured
pay_4dgomnd7fx2jvd,order_ik3bajeox6e806,2026-03-10 22:29:24,218700,card,4374,787,setl_cy02355rxf3dgx,captured
pay_gqemm91qdahyr2,order_avdtw1rqfbj27k,2026-03-17 06:20:59,92700,card,1854,334,setl_nf76s64rcbd6hk,captured
pay_7j92xt2ro9pj4f,order_kqo6kqgbxyc436,2026-01-01 20:45:38,281600,upi,0,0,setl_2lzlm5imf0kd5q,captured
pay_sf6r2beqedur4s,order_sc420t3sgkh1ra,2026-03-07 14:21:56,66800,card,1336,240,setl_8rcowtf1l5jtt6,captured
pay_p56dv5eecpbjjn,order_ve0b3tgpdmr3nd,2026-01-18 14:31:53,147800,card,2956,532,setl_jrm8iuv8pwnbst,captured
pay_ncpg4bcgtz2lhc,order_g7zis1yhf15vka,2026-03-16 13:23:41,61500,upi,0,0,setl_9ziplehvmcpcg3,captured
pay_2pu892kporlt5n,order_bh39a3yhstlti8,2026-03-01 09:32:54,63700,wallet,1401,252,setl_wg96a9tv3603ep,captured
pay_z9vd1u9napiu1s,order_3s90ng74s27tdv,2026-03-16 20:56:38,166100,upi,0,0,setl_9ziplehvmcpcg3,captured
pay_f4erjj1kfqcvi1,order_1wf5plqawbaq8p,2026-01-28 14:23:43,125700,upi,0,0,setl_nxu2v0awbwkxj5,captured
pay_lo9vrohv3ufg9z,order_xx1faf72achw6d,2026-03-20 15:45:56,53100,upi,0,0,setl_lkgzbjhy4tfgax,captured
pay_ocmvgm5fpewdfx,order_5xv0o0etzhuvvd,2026-01-29 06:55:16,34200,card,684,123,setl_j502p555prthl8,captured
pay_1syywi3gyimzf4,order_f3qy6dr3x23ukl,2026-01-03 12:47:34,270500,upi,0,0,setl_wepzs7szuqc9f6,captured
pay_74t5e59yhkx0kn,order_xmjkimwe31vmzm,2026-02-01 08:09:03,294200,upi,0,0,setl_4sse8tbudyqcih,captured
pay_gfpmkuam709qvs,order_14a1mcjftbayrr,2026-02-06 19:59:50,102200,netbanking,1942,350,setl_x9629fsv80nszb,captured
pay_yx1aypqht4klp6,order_v6c10axo49s403,2026-03-25 21:39:07,54300,upi,0,0,setl_d932kldoq526i0,captured
pay_p79wevqlfhsbic,order_lq9ekq5j6zbx6y,2026-01-30 18:57:34,139900,upi,0,0,setl_4sse8tbudyqcih,captured
pay_zxi7bi80yyzxhi,order_4gs3yyifuv7jf7,2026-03-23 10:59:57,202300,upi,0,0,setl_ihlz60xnvw9v27,captured
pay_f149zz9ozhoztd,order_txfc88iih2ajui,2026-03-26 09:39:22,95900,upi,0,0,setl_86tilepkwugepq,captured
pay_u00nfrbcdtpy59,order_xz4e9ttjcwug62,2026-02-10 07:53:59,131200,upi,0,0,setl_ex4ek002gc2r1u,captured
pay_bhwaeh63p0uy0v,order_sdh3aj3dsy6us4,2026-03-02 15:15:01,37800,upi,0,0,setl_gxt8aimmy71t26,captured
pay_oq22aog6aa6jh5,order_dxs8atf64f28ut,2026-01-18 13:54:41,602200,netbanking,11442,2060,setl_jrm8iuv8pwnbst,captured
pay_at3zp69og3nvy7,order_q9cvl4jyysvvs7,2026-03-25 13:56:38,59100,upi,0,0,setl_d932kldoq526i0,captured
pay_h1nlvild99z4a7,order_48mraote3halli,2026-03-01 07:47:27,124800,upi,0,0,setl_wg96a9tv3603ep,captured
pay_iyq6hanomckcda,order_54ssk328rxc19v,2026-02-09 22:41:35,137700,netbanking,2616,471,setl_s4l1ku1vti53ru,captured
pay_z721zdbqe9slyw,order_s83x83qdo7xop2,2026-03-06 11:21:22,121700,upi,0,0,setl_8rcowtf1l5jtt6,captured
pay_4w1bzyeuvo7kaz,order_uky5ma2cfgn94n,2026-02-19 22:18:00,668700,card,13374,2407,setl_57dkr8we1ld4hf,captured
pay_wwu97dz9xe3k7l,order_somdqcf2nzeo5s,2026-01-15 14:50:35,57800,upi,0,0,setl_grv7k1qff39825,captured
pay_bkw6dw54yb1wet,order_708kje1nf60g2m,2026-03-25 15:40:56,62500,card,1250,225,setl_d932kldoq526i0,captured
pay_bay90isxs1lq4a,order_0oino8sj6vmebr,2026-01-30 14:54:36,108400,netbanking,2060,371,setl_4sse8tbudyqcih,captured
pay_hexry28x233wao,order_qwhvqvhz1jplq9,2026-03-20 09:08:21,135200,upi,0,0,setl_lkgzbjhy4tfgax,captured
pay_ceqpdwx79b21zq,order_6zhm4qs3nlys8z,2026-03-20 14:26:28,87000,card,1740,313,setl_lkgzbjhy4tfgax,captured
pay_yje25xnxptugdn,order_dwmd4k1bj6h6gd,2026-03-02 22:27:53,571900,upi,0,0,setl_gxt8aimmy71t26,captured
pay_3rvt6zob7oxfvu,order_4s6zpz8p79d84o,2026-03-23 21:32:16,66800,upi,0,0,setl_ihlz60xnvw9v27,captured
pay_97hj8u0lw5ewyp,order_j26p6wet7myvgs,2026-02-04 10:45:13,47800,upi,0,0,setl_loeej8p0363err,captured
pay_jghvylhou6lff4,order_oyjsoyg8473tsz,2026-03-30 12:06:34,223800,upi,0,0,setl_j85ptu7k9no41z,captured
pay_fqty0kevuuy0sr,order_lyd09b7gxqdlfv,2026-02-25 06:11:13,72800,upi,0,0,setl_fjubwhj4nuw113,captured
pay_hwz1v8qopd7mo9,order_x2dsdna9203bps,2026-01-25 09:12:36,54400,upi,0,0,setl_pe6faz7kvftyvi,captured
pay_mckthgav50xlr0,order_9oam1v8u8wp182,2026-01-22 21:05:11,346300,upi,0,0,setl_olhoefx33wper0,captured
pay_92c7es4rdxsw4o,order_l89lhx6q2505go,2026-01-07 19:05:00,328800,upi,0,0,setl_jde75ge9flap8q,captured
pay_nue6hde67swo34,order_6vnieq6kf53iso,2026-02-04 11:15:22,205700,upi,0,0,setl_loeej8p0363err,captured
pay_7h5igj7l9u4oyc,order_ie4m1x6yxcd0tt,2026-02-03 18:22:33,36700,upi,0,0,setl_cb3atkunlhj9mi,captured
pay_um701lle4j6k45,order_m4iwr36yrzx58d,2026-01-15 13:06:17,126300,upi,0,0,setl_grv7k1qff39825,captured
pay_8cz2qvb1rlngt9,order_xu81kj1swk6t0q,2026-03-29 18:11:12,244300,upi,0,0,setl_wqkvxto3gxvlu7,captured
pay_cyfyjk66r87l8a,order_i278u919j1vz2h,2026-01-17 21:15:57,399000,upi,0,0,setl_jrm8iuv8pwnbst,captured
pay_8mim0qazfo8if0,order_kdtufdbh3mm5l6,2026-01-16 09:53:45,79700,netbanking,1514,273,setl_jrm8iuv8pwnbst,captured
pay_uyeml0c2neq52g,order_zwovfsermled5w,2026-02-22 06:30:18,240300,card,4806,865,setl_qal9h36vfum300,captured
pay_35cdqwz1vgvnpb,order_1110v0v0xw8wle,2026-01-30 16:40:13,65500,upi,0,0,setl_4sse8tbudyqcih,captured
pay_idxxqr2cuamytv,order_r8p2fp3argoeay,2026-03-08 18:52:41,51000,netbanking,969,174,setl_8rcowtf1l5jtt6,captured
pay_p0rus7q6s3k99f,order_t0h3uef3gd2ybg,2026-01-21 14:13:48,68200,upi,0,0,setl_7u76rb7en0399o,captured
pay_4caqyt93mwzzqc,order_f65nr14840manj,2026-03-23 13:16:30,315700,netbanking,5998,1080,setl_ihlz60xnvw9v27,captured
pay_rjt4ys4x2sohpk,order_4q6trmsmntz0fg,2026-02-10 10:28:10,325900,netbanking,6192,1115,setl_ex4ek002gc2r1u,refunded
pay_8wr4fcvmh9zra3,order_xwwca0biq8ya41,2026-02-26 19:43:31,885000,upi,0,0,setl_t8widn28c970o0,captured
pay_o6auvlxpyq8f8t,order_n6u8hv25g0qvm7,2026-01-14 16:23:02,34700,card,694,125,setl_opdcf6j5wixc2v,captured
pay_cznhc87nr0s6f7,order_kmwnutruxk9p27,2026-03-06 17:20:01,112800,upi,0,0,setl_8rcowtf1l5jtt6,captured
pay_rytlucdkmywv2f,order_6aj2gf19oe672z,2026-03-16 13:22:25,123900,upi,0,0,setl_9ziplehvmcpcg3,captured
pay_sw678vmguzbsep,order_pc0k3kmn9pjm5r,2026-03-02 10:00:44,37600,upi,0,0,setl_gxt8aimmy71t26,captured
pay_12blrnf80l6fkw,order_b5duygxichcoe8,2026-03-25 13:40:57,42400,upi,0,0,setl_d932kldoq526i0,captured
pay_jhulc4g8aipjr1,order_65u4u811se5n70,2026-01-22 10:40:10,140000,upi,0,0,setl_olhoefx33wper0,captured
pay_b2evvz5q8dlkc1,order_jy7vyt0xzluq0l,2026-03-25 18:39:16,855200,upi,0,0,setl_d932kldoq526i0,captured
pay_vzu1m7fjmzskea,order_c9owmowcwdw46r,2026-03-21 16:26:43,83200,upi,0,0,setl_lkgzbjhy4tfgax,captured
pay_iuebcc4tou3rhy,order_a3p6bo4lke3262,2026-02-24 10:18:29,179000,wallet,3938,709,setl_dlrkavuq1t51a1,captured
pay_3d4ejktr4pkfwq,order_tbk22llyewrxu5,2026-01-01 11:30:16,73000,wallet,1505,271,setl_2lzlm5imf0kd5q,captured
pay_uwllo0313odzh6,order_zoepok5gtlez3l,2026-03-13 13:46:08,198500,wallet,4367,786,setl_ob1zbkbpqox76q,captured
pay_qbqpyk4fbedfuz,order_1hui5jgez0ppfs,2026-03-26 09:33:24,221200,upi,0,0,setl_86tilepkwugepq,captured
pay_nfnbitahz3oaxz,order_hjmhf9mb1o0l3x,2026-03-20 19:23:19,114300,netbanking,2172,391,setl_lkgzbjhy4tfgax,captured
pay_0cg1xkw219soa0,order_am86qwo3v9zhw8,2026-02-12 19:40:02,734900,upi,0,0,setl_blfhrgh8cu53a4,captured
pay_g4uw68rxbohju6,order_k8776e9sb1v3sw,2026-03-23 09:37:58,32700,upi,0,0,setl_ihlz60xnvw9v27,captured
pay_4508prx31piz8a,order_rln5lji9diptqd,2026-02-09 09:39:28,58300,upi,0,0,setl_s4l1ku1vti53ru,captured
pay_wh6kf53lrvkmdg,order_l7czztdtv34fcd,2026-02-14 10:06:20,328600,upi,0,0,setl_9hpnkvdkx29mhx,captured
pay_92ups6dk5u7l52,order_kr6zv8an98huv7,2026-03-25 13:54:26,36700,upi,0,0,setl_d932kldoq526i0,captured
pay_1xjvyexf46q418,order_0kumowfcvrhsx2,2026-02-17 22:24:32,59700,upi,0,0,setl_9994rz2os2zywh,captured
pay_kmo7r2q2r8nngz,order_hmvh2kvfe77uu2,2026-02-23 06:21:19,53800,upi,0,0,setl_2ejmt21xr8n21l,captured
pay_ais3cq8g7kdfnq,order_whq7myetnj21r6,2026-02-11 07:54:04,241300,upi,0,0,setl_owvw9a3grfow7z,captured
pay_issojexglrrf2k,order_paxrgqr21ngv79,2026-03-20 10:00:00,218900,upi,0,0,setl_lkgzbjhy4tfgax,captured
pay_ww8zpdbi9gcznc,order_cdpeteklpp4ptd,2026-02-09 13:54:27,53700,upi,0,0,setl_s4l1ku1vti53ru,captured
pay_5g6jqpz3b4pihj,order_poc74doah645gr,2026-03-03 07:46:23,71400,upi,0,0,setl_s36ohm15574nxh,refunded
pay_wsesgixlr4lvw8,order_fmzvr55xnf2bwx,2026-01-26 09:11:13,224400,upi,0,0,setl_r7od0iq6cc73mp,captured
pay_pj5fokw5i02j7l,order_1qhs1ovgeieqw4,2026-01-30 16:55:43,189300,wallet,4165,750,setl_4sse8tbudyqcih,captured
pay_f7anfe4wx0aw11,order_bgwq1qo0beahov,2026-02-28 17:49:31,71900,card,1438,259,setl_wg96a9tv3603ep,captured
pay_qz1i6omzfqq5gj,order_pxrwzfjr0x1hng,2026-01-24 21:21:41,104000,upi,0,0,setl_pe6faz7kvftyvi,captured
pay_4is4rxr8wra1cg,order_rcmp90hee94hsr,2026-03-15 18:19:57,30900,netbanking,587,106,setl_ob1zbkbpqox76q,captured
pay_ohpdnpjwzwqgh6,order_kqo1hvukohgy85,2026-01-23 14:28:31,39900,upi,0,0,setl_pe6faz7kvftyvi,captured
pay_j4sa7x6j0lkejs,order_2tes2dvnft7s28,2026-02-02 16:00:43,110300,netbanking,2096,377,setl_l3k3kfcno0zwp9,captured
pay_i5jhsqluespqu3,order_pd8sogwjkaxopt,2026-03-31 21:33:47,53200,upi,0,0,setl_63hjwsjao5sf4p,captured
pay_z9dxz555i6ylbm,order_12jmdd6qpknsnw,2026-01-29 11:32:05,40900,upi,0,0,setl_j502p555prthl8,captured
pay_urg6itiwvgugjc,order_lzk6mc8x5tr66t,2026-01-29 13:31:44,126600,upi,0,0,setl_j502p555prthl8,captured
pay_6pwsv4tvuu5pb9,order_3iyygd1exhevlb,2026-03-30 11:57:01,33900,wallet,746,134,setl_j85ptu7k9no41z,captured
pay_6nwh95055gpnso,order_5qjgrb310i40n9,2026-03-06 07:04:53,302700,upi,0,0,setl_8rcowtf1l5jtt6,captured
pay_nwohxl30ti9u47,order_netv853wkea4p0,2026-03-21 21:56:42,198700,netbanking,3775,680,setl_lkgzbjhy4tfgax,captured
pay_4bvtt46ejj1vt5,order_fq22aiufiypb7l,2026-03-21 06:44:27,82100,netbanking,1560,281,setl_lkgzbjhy4tfgax,captured
pay_lx5wlb4cjfxtly,order_sxhbr7wuyhyu1h,2026-03-30 06:34:54,92800,upi,0,0,setl_j85ptu7k9no41z,captured
pay_gyhzdnncnc519o,order_b5lv5qanw3m6ch,2026-02-27 14:50:53,844000,upi,0,0,setl_wg96a9tv3603ep,captured
pay_y5x02zk1vq18fl,order_nbkm4etx23pa74,2026-01-02 12:46:19,304000,upi,0,0,setl_wepzs7szuqc9f6,captured
pay_q27mq6ewo6n1ie,order_1sais00ph6nnh2,2026-01-25 11:25:03,126200,upi,0,0,setl_pe6faz7kvftyvi,captured
pay_lwmc1tyen0cmim,order_q0zxmtvjkbo7u3,2026-02-09 19:45:46,76800,upi,0,0,setl_s4l1ku1vti53ru,captured
pay_b6hi125e5li2qv,order_it6o4olen16k0d,2026-03-05 16:36:40,117900,upi,0,0,setl_1pprr34her4zyz,captured
pay_x58hefxjvjgzp3,order_jkib6r066bx2tn,2026-02-19 20:20:17,69100,card,1382,249,setl_57dkr8we1ld4hf,captured
pay_2wbrmjiy6lforw,order_tj4ebijjr5qwnl,2026-03-20 21:57:55,218500,upi,0,0,setl_lkgzbjhy4tfgax,captured
pay_q1cmfh4pgo03cp,order_484ig7rwa9utcq,2026-01-21 12:26:01,62900,upi,0,0,setl_7u76rb7en0399o,captured
pay_ev56m0atbuhclg,order_xhrd8ommxrvkmq,2026-02-21 20:51:22,78400,upi,0,0,setl_qal9h36vfum300,captured
pay_8nkmhi7htbletm,order_0fjas0e0m1nucr,2026-02-02 06:24:54,467900,upi,0,0,setl_l3k3kfcno0zwp9,captured
pay_jlq1omay7kv8yd,order_3upi871pstnj6j,2026-03-02 11:19:08,305100,upi,0,0,setl_gxt8aimmy71t26,captured
pay_ehesvsgci08es0,order_6lgjrzdo16yn61,2026-01-27 16:56:16,54100,card,1082,195,setl_lmc6qbtpgvhqfs,captured
pay_lk8921jyalqpk3,order_642blu46yiwt3e,2026-01-17 16:31:42,39200,upi,0,0,setl_jrm8iuv8pwnbst,captured
pay_kqakd6tmmq3pi5,order_9k54vwkhl34bq5,2026-03-08 07:12:43,41700,upi,0,0,setl_8rcowtf1l5jtt6,captured
pay_8q7x8vbabvlbue,order_opj4f52zzedh4i,2026-01-01 15:21:16,124600,upi,0,0,setl_2lzlm5imf0kd5q,captured
pay_0zpaje4jxe4ik2,order_m3qptx86atoe0o,2026-03-29 20:08:11,92800,upi,0,0,setl_wqkvxto3gxvlu7,captured
pay_wq860gbgyawb04,order_gi7ge4c6re18uf,2026-03-02 21:47:16,46500,netbanking,884,159,setl_gxt8aimmy71t26,captured
pay_n09kmn19rpdpnc,order_gxa17v69errrsl,2026-03-27 07:28:53,255500,upi,0,0,setl_wqkvxto3gxvlu7,captured
pay_tmt81u2bz22iit,order_smwoehnj2p59xq,2026-02-18 22:50:32,35600,upi,0,0,setl_marwnoou4khb0k,captured
pay_ii1ay02ds8tv7c,order_wx57u615x84kyw,2026-02-10 22:02:17,893600,card,17872,3217,setl_ex4ek002gc2r1u,captured
pay_1tuojbo7xg5jvl,order_7m403zwcexqcf9,2026-02-26 20:11:49,127700,upi,0,0,setl_t8widn28c970o0,captured
pay_7rnd9zu87g4js7,order_dlifwvmcwv4t6y,2026-03-24 16:57:24,84900,card,1698,306,setl_bjuqk7c3un19bl,captured
pay_3l88ly1m2awcbg,order_n90pas178t8f0y,2026-01-15 08:16:50,69900,upi,0,0,setl_grv7k1qff39825,captured
pay_ovyndv2onyc5lz,order_el06f9meuqz7cg,2026-01-11 11:55:35,37900,upi,0,0,setl_h9o3muublta3bw,captured
pay_8r533x0y5kp1et,order_29c20g73srpraw,2026-02-28 19:55:08,35200,upi,0,0,setl_wg96a9tv3603ep,captured
pay_9f7hs074aupwhc,order_a2w14s3hsftzt0,2026-03-10 18:36:57,71900,upi,0,0,setl_cy02355rxf3dgx,captured
pay_urjxn7of7ra9vy,order_onhfnl0ibhzosi,2026-02-26 16:40:44,533000,card,10660,1919,setl_t8widn28c970o0,captured
pay_qlyjk5i5mut6o6,order_f6n8gzjob0q393,2026-02-06 18:05:03,146000,card,2920,526,setl_x9629fsv80nszb,captured
pay_nc5nx3kcrlo623,order_24i9li213k9jqn,2026-02-08 15:52:16,50400,card,1008,181,setl_x9629fsv80nszb,captured
pay_ysmlv08aibvxxf,order_wxixbrqy1e723s,2026-03-27 20:15:42,39300,card,786,141,setl_wqkvxto3gxvlu7,captured
pay_t1yjuhtekj0wjz,order_cyhdmfib1mt42l,2026-03-03 11:17:39,94800,upi,0,0,setl_s36ohm15574nxh,captured
pay_xx7bhl7exfqbqx,order_d13nvsim4nqkln,2026-01-01 09:51:06,266600,upi,0,0,setl_2lzlm5imf0kd5q,captured
pay_hblbb1zzldoawy,order_07w8s9nqf53xhk,2026-02-27 13:03:26,93000,card,1860,335,setl_wg96a9tv3603ep,captured
pay_8ylojfoebq5sye,order_pt3rf6byt7tpt0,2026-02-15 22:16:53,92200,card,1844,332,setl_9hpnkvdkx29mhx,captured
pay_64qzgqy07awsdp,order_xt6o9z8v2db9ph,2026-03-09 11:45:09,126800,upi,0,0,setl_6qsiife23ixpuu,captured
pay_gbiulsc5629od6,order_krl5h9lqe7slr7,2026-02-05 16:01:19,214300,upi,0,0,setl_9redif5czb1c2o,captured
pay_m4dguskeazg8v9,order_7hxmfjdle10sup,2026-03-17 16:09:53,57200,upi,0,0,setl_nf76s64rcbd6hk,captured
pay_d6w9ljzn8g3k4t,order_dtntehsujowi1o,2026-02-01 12:41:50,125900,upi,0,0,setl_4sse8tbudyqcih,captured
pay_qz52h59qg7wael,order_qw0hwrupw5qys4,2026-01-16 06:02:58,74400,netbanking,1414,255,setl_jrm8iuv8pwnbst,captured
pay_xxko94v2ylxfat,order_6gt5tv216fydcn,2026-03-16 20:03:22,68100,upi,0,0,setl_9ziplehvmcpcg3,captured
pay_zsok1g5pe6p0qo,order_xra4oaje1estvk,2026-02-08 18:54:16,559300,upi,0,0,setl_x9629fsv80nszb,captured
pay_doecatgdxv5y7z,order_byo0zzvlc0ygud,2026-02-21 18:31:37,97200,upi,0,0,setl_qal9h36vfum300,captured
pay_tgogzp38dnbcjo,order_qjsvi53n31awte,2026-01-07 11:13:55,297800,card,5956,1072,setl_jde75ge9flap8q,captured
pay_z8ix41xo89yw65,order_icnzg29kat9xne,2026-03-16 13:48:36,74100,upi,0,0,setl_9ziplehvmcpcg3,captured
pay_2ylikqwxht8aw4,order_q1c9b2i39n6ux2,2026-02-03 15:38:22,59500,upi,0,0,setl_cb3atkunlhj9mi,captured
pay_jnl8uekvtqvar1,order_36myy62ujsl4mp,2026-01-28 09:45:38,60700,wallet,1335,240,setl_nxu2v0awbwkxj5,captured
pay_r7xwy40eykhhtq,order_im2h775af3ibi6,2026-02-11 21:04:06,46400,netbanking,882,159,setl_owvw9a3grfow7z,captured
pay_lv8gomgp9g31xs,order_7p02hy7com5a1x,2026-01-30 09:18:25,283300,wallet,6233,1122,setl_4sse8tbudyqcih,captured
pay_yoyuffqvgwerrj,order_d722edbst2fmgu,2026-03-29 06:05:04,47300,upi,0,0,setl_wqkvxto3gxvlu7,captured
pay_i9fcjshod2tl4j,order_9bg08sekwtoh85,2026-03-22 07:10:24,149700,upi,0,0,setl_lkgzbjhy4tfgax,captured
pay_0whq2xb74bg0gh,order_r0xj9gb2fm5isr,2026-02-07 07:33:51,179500,upi,0,0,setl_x9629fsv80nszb,captured
pay_onubcjwm8idvuh,order_8rbgrz40j04s8g,2026-02-19 21:54:08,31300,netbanking,595,107,setl_57dkr8we1ld4hf,captured
pay_6aw76owhqrs0b1,order_6blw9fzm81lhf4,2026-03-02 16:12:59,75200,upi,0,0,setl_gxt8aimmy71t26,captured
pay_xh3mgybhluif5v,order_rx6dxg6uzu8ir0,2026-02-09 15:07:10,58400,wallet,1285,231,setl_s4l1ku1vti53ru,captured
pay_lt5go3kzsy6ksh,order_8mb1ew7b2zjmix,2026-01-13 11:26:29,70300,upi,0,0,setl_svzb0gabvczqv4,captured
pay_8ssackjb0cybwp,order_ux1g4dmo4d50lc,2026-01-14 13:49:19,48100,upi,0,0,setl_opdcf6j5wixc2v,captured
pay_kkilzhzejd4ea0,order_icp1o2vl2i1qo9,2026-03-30 10:11:21,51100,upi,0,0,setl_j85ptu7k9no41z,captured
pay_9gcuv4dw33zvhk,order_io45aghrypktlm,2026-03-08 06:23:25,52100,upi,0,0,setl_8rcowtf1l5jtt6,refunded
pay_6n1efdm28iyy0z,order_0v5ptefc4ys2kd,2026-02-24 19:47:33,54900,card,1098,198,setl_dlrkavuq1t51a1,captured
pay_y6nwl7yqo2b1x1,order_hbxv1svh4wc43r,2026-03-19 06:39:54,87700,upi,0,0,setl_hjydfszyf4rzmu,captured
pay_wvc5cio7v1tpad,order_boiuam40lkutbp,2026-01-29 07:00:49,229600,upi,0,0,setl_j502p555prthl8,captured
pay_lzpf9l1y9dppa6,order_y5zra2j3v0p527,2026-01-15 20:37:49,115500,netbanking,2195,395,setl_grv7k1qff39825,captured
pay_or3cz465w7xuf2,order_xev3j1y1h2ggiq,2026-02-18 12:43:39,117800,upi,0,0,setl_marwnoou4khb0k,captured
pay_a1ecdpm4jiwag5,order_0bxhi20a318t7m,2026-03-07 15:10:25,86400,card,1728,311,setl_8rcowtf1l5jtt6,captured
pay_bfvf9x4czafpux,order_9a6bj6je3ii08r,2026-01-09 13:30:08,69300,upi,0,0,setl_h9o3muublta3bw,captured
pay_sgfrgmp9kdeczm,order_1axrgo7ewlzj4c,2026-03-13 18:53:30,735500,card,14710,2648,setl_ob1zbkbpqox76q,captured
pay_iux2f7p0egrsj8,order_33gv1m0mk7d1wc,2026-03-13 09:48:31,98100,netbanking,1864,336,setl_ob1zbkbpqox76q,captured
pay_xpqzqgd8ideu0a,order_2agpeg4ylji54y,2026-03-27 15:20:19,113000,upi,0,0,setl_wqkvxto3gxvlu7,captured
pay_h3ckn72croz3m4,order_0s15eh73w3i3yo,2026-03-14 11:00:08,150300,upi,0,0,setl_ob1zbkbpqox76q,captured
pay_pyxtpxq4mwbjy1,order_g3cjw75fcwss33,2026-03-10 09:32:15,113300,card,2266,408,setl_cy02355rxf3dgx,captured
pay_wcd0jgq8c0ejcq,order_h0s8xcfhupfwwa,2026-01-06 07:56:52,57700,card,1154,208,setl_8zu1ktsnub3qzg,captured
pay_lcj1pcl58z6k43,order_xqnega6p6rvgkj,2026-01-23 08:18:29,283400,upi,0,0,setl_pe6faz7kvftyvi,captured
pay_md0o78bx1k7prf,order_8wjvjzrroexdti,2026-01-23 15:05:33,53300,wallet,1173,211,setl_pe6faz7kvftyvi,captured
pay_42rh88ttygdu80,order_zz0noi90fysig2,2026-02-02 18:40:03,32300,upi,0,0,setl_l3k3kfcno0zwp9,captured
pay_ysl84iz1bunewv,order_wd44vavdiwam4a,2026-01-21 20:02:19,74600,upi,0,0,setl_7u76rb7en0399o,captured
pay_9i0r2gzsxofk12,order_zykjhbs14fi9cg,2026-01-09 11:58:28,503700,upi,0,0,setl_h9o3muublta3bw,captured
pay_6mb0nl7s1l83q0,order_o847kfc8y1uudt,2026-01-12 13:25:28,83200,card,1664,300,setl_9ein7jcd4rdl3a,captured
pay_buloo6tcjdudjx,order_59hw83bi4tvps0,2026-01-31 14:38:00,208400,upi,0,0,setl_4sse8tbudyqcih,captured
pay_c7ah6zwrhcqmdq,order_dymwfgt64inuuc,2026-01-21 21:37:17,40000,upi,0,0,setl_7u76rb7en0399o,captured
pay_4p9uwfh69l0zbl,order_17wtauc7jaxe9o,2026-02-26 07:55:37,142800,upi,0,0,setl_t8widn28c970o0,captured
pay_ag4i8c98nmo8b8,order_sqrutgev1flida,2026-03-16 22:34:36,48300,netbanking,918,165,setl_9ziplehvmcpcg3,captured
pay_tjbvhklmokjsfw,order_34082xigopzxzi,2026-01-18 10:32:31,49900,upi,0,0,setl_jrm8iuv8pwnbst,captured
pay_ioft49ettve845,order_i3my0pq8onx2f6,2026-01-23 09:40:17,34500,card,690,124,setl_pe6faz7kvftyvi,captured
pay_ffsw47co29651y,order_ctfsxlk21k2u0g,2026-03-17 09:05:17,86900,upi,0,0,setl_nf76s64rcbd6hk,captured
pay_gneab2fjsih1x0,order_vm5talul2prcee,2026-03-30 07:18:37,68800,upi,0,0,setl_j85ptu7k9no41z,captured
pay_09i1hy6amjud27,order_m266fpy8npad0y,2026-02-23 19:35:14,68900,upi,0,0,setl_2ejmt21xr8n21l,captured
pay_s2i4sb1fhaspj0,order_v1qsu0ixs6zkf9,2026-01-19 12:40:04,123700,card,2474,445,setl_ckovgkmddyvf20,captured
pay_ui7ul6wz5yyhdh,order_9otx6sgcqdjsz9,2026-01-26 18:50:21,144300,upi,0,0,setl_r7od0iq6cc73mp,captured
pay_3s74eyjlyj7uqc,order_plkqvp3smo2ehv,2026-01-03 14:35:01,224000,upi,0,0,setl_wepzs7szuqc9f6,captured
pay_fxcg9ijrs7zrfw,order_42jb53oi9v096q,2026-01-05 08:30:35,332300,upi,0,0,setl_jb4iycka7ebxm4,captured
pay_s1w2izzodbzbhj,order_ldw9zfk7c86o9b,2026-03-02 22:02:25,331700,upi,0,0,setl_gxt8aimmy71t26,captured
pay_tj24e2qq4nbeh6,order_p0mx1447f58xag,2026-01-10 18:25:26,319300,upi,0,0,setl_h9o3muublta3bw,captured
pay_6b8v0xvpgh7088,order_qvur0ybc8bczwx,2026-02-06 08:45:36,363000,upi,0,0,setl_x9629fsv80nszb,captured
pay_p2v0qgkn149e3p,order_6dfjhjimxquv7h,2026-01-20 07:37:43,73900,netbanking,1404,253,setl_i1ppblfh8tj5m7,captured
pay_lr1uh2pkbz07c8,order_kx8f47hh31lnhw,2026-01-11 06:24:57,51200,card,1024,184,setl_h9o3muublta3bw,captured
pay_h2ik47d7ts40es,order_gvmssua71xngi2,2026-03-31 20:14:46,128100,upi,0,0,setl_63hjwsjao5sf4p,captured
pay_4en4m587fwwib6,order_t98mrok7ps3syo,2026-03-30 07:03:42,130000,upi,0,0,setl_j85ptu7k9no41z,captured
pay_f7fbck9cgkjcao,order_rk7s9pthnu8gw2,2026-01-10 19:29:52,48700,upi,0,0,setl_h9o3muublta3bw,captured
pay_qwcmw039camoqt,order_6s6po6fvbw4ysx,2026-02-26 10:24:14,160400,upi,0,0,setl_t8widn28c970o0,captured
pay_e1814w5vwq0bhy,order_e43o5on5odjwpr,2026-02-09 16:50:27,126300,upi,0,0,setl_s4l1ku1vti53ru,captured
pay_h1zog7f8eezagb,order_10jkoooulvke39,2026-02-24 18:31:25,43500,upi,0,0,setl_dlrkavuq1t51a1,captured
pay_gm4dng5avon0if,order_5laqxnljklk3bf,2026-03-04 09:49:11,43000,upi,0,0,setl_id6lid416qfq61,captured
pay_5ii30vupbcj18w,order_xlorsz9itkfxpc,2026-03-29 09:53:18,144400,upi,0,0,setl_wqkvxto3gxvlu7,captured
pay_85qm58ez96ilay,order_602iag1p84ptz0,2026-03-13 17:58:08,148600,upi,0,0,setl_ob1zbkbpqox76q,captured
pay_5ek8sk9bvo7h2c,order_vp8hzqpygsakkx,2026-02-27 18:44:51,148600,card,2972,535,setl_wg96a9tv3603ep,refunded
pay_1a8lup63fl5q0x,order_wsyur8tp0sezow,2026-02-02 18:22:49,67000,card,1340,241,setl_l3k3kfcno0zwp9,captured
pay_67h41sj8wnvbcz,order_s051lche0xmmzf,2026-02-11 08:04:38,139800,upi,0,0,setl_owvw9a3grfow7z,captured
pay_96mmecaqoogtae,order_s7rt7cfqjez1wc,2026-02-14 06:22:42,887900,card,17758,3196,setl_9hpnkvdkx29mhx,captured
pay_44hmcqa19aiume,order_ym5nuxh4rmdi1r,2026-02-26 08:41:49,814100,upi,0,0,setl_t8widn28c970o0,captured
pay_m3g5902d88qt78,order_jcnsb8s1bt126d,2026-01-29 17:15:34,277000,card,5540,997,setl_j502p555prthl8,captured
pay_kbl4jmg1ypma88,order_p5lhrecp9s5mn5,2026-02-27 17:42:53,396600,upi,0,0,setl_wg96a9tv3603ep,captured
pay_c0ivfmw37ps46j,order_ietvac8x5pbtmf,2026-01-12 15:24:48,321400,netbanking,6107,1099,setl_9ein7jcd4rdl3a,captured
pay_e8twvzk2w221dz,order_uxb46tkicvpjqu,2026-01-24 14:56:06,41300,card,826,149,setl_pe6faz7kvftyvi,captured
pay_t0lfr3rvxt4frj,order_3v995ecnsor365,2026-01-16 17:21:19,265100,upi,0,0,setl_jrm8iuv8pwnbst,captured
pay_zn5wbp1u86oibr,order_61o4h3n4chcpio,2026-01-29 15:05:42,67600,upi,0,0,setl_j502p555prthl8,captured
pay_8wgf6jxkwzjnxm,order_skd94052i60uw7,2026-02-26 06:31:41,102400,card,2048,369,setl_t8widn28c970o0,captured
pay_f957u5ufcpnl99,order_u9ym7siaex65ed,2026-01-22 19:51:31,139100,upi,0,0,setl_olhoefx33wper0,captured
pay_ajb178ren2wet0,order_yibxykmrqumshj,2026-01-07 22:17:45,39300,netbanking,747,134,setl_jde75ge9flap8q,captured
pay_m88avkqiqeuk43,order_1dnqc01r6gd8yd,2026-02-02 13:24:53,589200,card,11784,2121,setl_l3k3kfcno0zwp9,captured
pay_9yd73pyam2stuj,order_2qy0cild4jhfk9,2026-01-13 12:19:29,50800,upi,0,0,setl_svzb0gabvczqv4,captured
pay_u35au7jq922pwu,order_2dvo1tqi3h90i6,2026-03-05 22:29:57,51800,upi,0,0,setl_1pprr34her4zyz,captured
pay_mx5m8dtyy462fr,order_s4e7rzeep5cjek,2026-03-31 19:11:07,118100,card,2362,425,setl_63hjwsjao5sf4p,captured
pay_tgx6xnnxclzulz,order_b8df05332bermi,2026-02-23 07:20:22,64900,upi,0,0,setl_2ejmt21xr8n21l,captured
pay_ypcgbmf1jpota8,order_8k9gut5n57un7e,2026-01-04 18:10:11,79900,upi,0,0,setl_wepzs7szuqc9f6,captured
pay_4txp1jvmwa9djx,order_votdc0o1jpsxgb,2026-03-04 13:01:57,100600,card,2012,362,setl_id6lid416qfq61,captured
pay_xa0ppzyte3l7k8,order_o29vy9d22gqg42,2026-03-15 12:44:13,757000,upi,0,0,setl_ob1zbkbpqox76q,captured
pay_lflo98b4qmbp3s,order_thois1997paxln,2026-03-30 12:23:44,62900,card,1258,226,setl_j85ptu7k9no41z,captured
pay_hervobaiq8ykct,order_8yyvkurxakcpg7,2026-03-11 16:38:27,171300,upi,0,0,setl_mi7tt2ol7lcfi6,captured
pay_s5p7wvj9owelvg,order_8j4m6c32cf84nr,2026-03-06 18:03:44,53100,upi,0,0,setl_8rcowtf1l5jtt6,captured
pay_z41uj9atqneuay,order_vhd7gpjf5tfatz,2026-01-30 08:12:39,29900,card,598,108,setl_4sse8tbudyqcih,captured
pay_7c73oxi1p8gulh,order_c405phdjgenpp6,2026-02-24 12:04:58,47600,card,952,171,setl_dlrkavuq1t51a1,captured
pay_ontqe2i3thbzk3,order_m8gynoadk1pgos,2026-02-16 08:08:07,33400,netbanking,635,114,setl_hyo0coscm1600j,captured
pay_5g2ftklphfftr7,order_qiy4no2ppm5q7o,2026-01-23 10:10:47,584300,upi,0,0,setl_pe6faz7kvftyvi,captured
pay_bnhnv6dwswcyes,order_jpvrx04077dzvv,2026-02-28 15:56:27,44400,card,888,160,setl_wg96a9tv3603ep,captured
pay_j5ywm1nkfekq5c,order_o0zjv2t794lt1f,2026-03-23 14:28:44,55900,upi,0,0,setl_ihlz60xnvw9v27,captured
pay_nz4wnzcvisbypk,order_2zq817dr2xu9ss,2026-01-28 07:26:11,72800,upi,0,0,setl_nxu2v0awbwkxj5,refunded
pay_xq5e01s5qknqci,order_jskqnnoketv6my,2026-01-29 21:26:00,52600,upi,0,0,setl_j502p555prthl8,captured
pay_einughaseswh7q,order_aidiu3epsxx40u,2026-01-25 14:32:05,141800,card,2836,510,setl_pe6faz7kvftyvi,captured
pay_76vb91onuavdbz,order_nxct4d9y2p8esl,2026-02-26 08:17:03,62300,upi,0,0,setl_t8widn28c970o0,captured
pay_nogvtgo9xqcmu5,order_n0rzaawfvg499g,2026-02-23 15:32:41,136300,upi,0,0,setl_2ejmt21xr8n21l,captured
pay_lvedvg73398h96,order_f3eiu4ysw5r4dd,2026-03-17 10:42:14,45800,upi,0,0,setl_nf76s64rcbd6hk,captured
pay_9qm6l1zxw67cgf,order_25wcz0jna73qnq,2026-02-23 20:35:07,52500,netbanking,998,180,setl_2ejmt21xr8n21l,captured
pay_rw56ftymfppa51,order_0iuzbdytzjbccc,2026-02-07 12:16:31,70700,wallet,1555,280,setl_x9629fsv80nszb,captured
pay_xviqfnavezmgos,order_4mk8zmrlrpgo7y,2026-01-29 20:52:11,32800,netbanking,623,112,setl_j502p555prthl8,captured
pay_8zyepd0loz5cqm,order_9kqmmrfrb41woq,2026-02-23 20:00:54,122500,upi,0,0,setl_2ejmt21xr8n21l,captured
pay_aiim4baonkrs9s,order_gyk474hokptz4n,2026-03-16 10:52:37,111300,upi,0,0,setl_9ziplehvmcpcg3,captured
pay_e5gm4m6hekp3m6,order_rxbdn9j2x9svpk,2026-03-24 10:48:06,68900,netbanking,1309,236,setl_bjuqk7c3un19bl,captured
pay_l53rbhzts7gqrt,order_10uxno8i00gb23,2026-03-12 21:02:48,85200,upi,0,0,setl_pjr716gfgceh8w,captured
pay_jfz3wniju1m4z9,order_t7ic21yvzzexhn,2026-01-29 11:40:09,106900,upi,0,0,setl_j502p555prthl8,captured
pay_st2ab14v0hgsvf,order_mv7i5o3ebo1p1c,2026-01-20 20:02:15,143100,upi,0,0,setl_i1ppblfh8tj5m7,captured
pay_bggpd84rc6srf6,order_u03vaacjkptzki,2026-01-22 18:10:55,467500,upi,0,0,setl_olhoefx33wper0,captured
pay_5qswq9swcfvpid,order_dtl3tpmhbtc4r1,2026-03-10 07:42:14,78600,card,1955,352,setl_cy02355rxf3dgx,captured
pay_tyuqggg9k7fomc,order_0s7jlwfsl42gst,2026-02-27 15:54:23,55000,upi,0,0,setl_wg96a9tv3603ep,captured
pay_f3j257x9cmag6j,order_cxyjp9sc36dhkh,2026-03-30 17:04:06,116700,upi,0,0,setl_j85ptu7k9no41z,captured
pay_d664lis9wjcpnb,order_glsrkk1fz7qoi4,2026-01-16 19:24:32,646500,card,12930,2327,setl_jrm8iuv8pwnbst,captured
pay_7fmes0d50dku3c,order_y9o8hy57f42x0e,2026-01-16 07:36:24,62200,wallet,1368,246,setl_jrm8iuv8pwnbst,captured
pay_qacuyuxsh7c774,order_pr6zyofhkdswa8,2026-02-05 18:50:18,90000,upi,0,0,setl_9redif5czb1c2o,captured
pay_uesbpgcx64dk9z,order_5czb8nceo7ts7c,2026-03-04 20:10:04,48800,card,976,176,setl_id6lid416qfq61,captured
pay_jqxjqtdp7kevk7,order_j0qm2xlwir8ywb,2026-02-16 19:28:11,211700,card,4234,762,setl_hyo0coscm1600j,captured
pay_xvsvvytedb3417,order_aprxnjt2xqt8db,2026-03-11 12:45:00,524500,card,10490,1888,setl_mi7tt2ol7lcfi6,captured
pay_jp74d7ht8sh77l,order_6ncamd6r0ept1r,2026-01-07 21:26:59,260100,upi,0,0,setl_jde75ge9flap8q,captured
pay_mi4x2uf4gdyej2,order_ay9z9ct4x7ikdq,2026-01-20 22:02:37,127900,wallet,2814,507,setl_i1ppblfh8tj5m7,captured
pay_d0k5nmmp7u4psn,order_fg9rua4faqzhj1,2026-03-13 18:38:09,61600,upi,0,0,setl_ob1zbkbpqox76q,captured
pay_h0coqmbpdgu1wd,order_mcl6r6lj6584d1,2026-03-30 07:07:28,192400,card,3848,693,setl_j85ptu7k9no41z,captured
pay_gi1m31lt695sdm,order_l9vcngri762snz,2026-03-10 20:44:24,83600,upi,0,0,setl_cy02355rxf3dgx,captured
pay_d9vrcoevl29kgb,order_mxmahzch4hjk61,2026-02-21 19:10:24,266100,upi,0,0,setl_qal9h36vfum300,captured
pay_wxywld0s28m5ot,order_55v9mjlrpt4u0x,2026-03-24 15:46:09,54100,netbanking,1028,185,setl_bjuqk7c3un19bl,captured
pay_c0929kj1c4yhft,order_9blvy5k3v3b1jm,2026-03-29 22:11:47,173400,netbanking,3295,593,setl_wqkvxto3gxvlu7,captured
pay_777nto1ke97y8c,order_xnqeu4vlh139vq,2026-03-04 08:29:45,144300,netbanking,2742,494,setl_id6lid416qfq61,captured
pay_cqctzvjw2ylu15,order_0p5c4ylj4trlr2,2026-03-03 07:22:37,271200,card,5424,976,setl_s36ohm15574nxh,captured
pay_4hxdww3z4ztmhp,order_8u5ebikodghsku,2026-01-31 06:09:25,133000,netbanking,2527,455,setl_4sse8tbudyqcih,captured
pay_kpnbs146lnlwuh,order_0t6ifz4n9ev3a3,2026-01-08 15:21:32,100000,upi,0,0,setl_xx3zh6x38f6k9i,captured
pay_kyxzd29l83p663,order_bwf30v1ntxi3ow,2026-03-02 15:06:41,44000,upi,0,0,setl_gxt8aimmy71t26,captured
pay_m8390sphvlrc66,order_m5tr0lyeghhegs,2026-03-11 12:38:18,313900,upi,0,0,setl_mi7tt2ol7lcfi6,captured
pay_3vlxnib9a6zg0l,order_evqo4q9iv851x2,2026-01-17 21:14:58,645800,upi,0,0,setl_jrm8iuv8pwnbst,captured
pay_vylw7bsmgihqft,order_0q87t5wggvfd1w,2026-02-18 14:55:41,147700,upi,0,0,setl_marwnoou4khb0k,captured
pay_enqq1pqjz6i10p,order_32w5fbqh4jq0bn,2026-01-21 10:45:00,111800,upi,0,0,setl_7u76rb7en0399o,captured
pay_zwr1gsw1xauteq,order_iriqp6gqbfjito,2026-01-02 12:07:41,101500,card,2030,365,setl_wepzs7szuqc9f6,captured
pay_aherf348n7d1da,order_asxr1jzqkof3uy,2026-01-30 06:11:08,78500,upi,0,0,setl_4sse8tbudyqcih,captured
pay_ixujbtgwe1myo3,order_h41y8tp4q4t09k,2026-01-21 11:02:42,120500,upi,0,0,setl_7u76rb7en0399o,captured
pay_nnve71owfkly1a,order_c9b2936nezpv1j,2026-01-24 16:24:15,850400,card,17008,3061,setl_pe6faz7kvftyvi,captured
pay_708vnyyy4uy2d1,order_vz1iqb3rl38c2s,2026-03-21 18:13:35,133200,netbanking,2531,456,setl_lkgzbjhy4tfgax,captured
pay_22l9dx3j8hc1jr,order_mdc529y6tdw1ix,2026-03-23 16:59:24,82000,upi,0,0,setl_ihlz60xnvw9v27,captured
pay_k1hhyrph5zygn8,order_svayzjldolusk5,2026-03-18 09:27:02,300500,upi,0,0,setl_i779xkgycurgiw,captured
pay_hcifcdedmexjj4,order_v2vq7uo3hwrfrd,2026-01-14 16:54:55,63500,netbanking,1207,217,setl_opdcf6j5wixc2v,captured
pay_fkq823yl314jec,order_fxpsgn3jjrb2mc,2026-01-03 11:28:57,83800,netbanking,1592,287,setl_wepzs7szuqc9f6,captured
pay_520uvv7uwxb9v8,order_u15wu3xg7dkov1,2026-02-24 07:17:18,102200,upi,0,0,setl_dlrkavuq1t51a1,captured
pay_p8hkn0yndnzzgg,order_0k06mz01agmxb9,2026-01-23 16:35:14,89600,upi,219,39,setl_pe6faz7kvftyvi,captured
pay_1vjana9dm2k6fr,order_1rh6hs54dc1jzd,2026-02-14 11:50:14,185300,upi,0,0,setl_9hpnkvdkx29mhx,captured
pay_ntwobzt7k5qkxs,order_pw0kfam7o9xtcp,2026-03-05 09:14:17,165500,upi,0,0,setl_1pprr34her4zyz,captured
pay_lbbqcngcufgo6k,order_5xpx7z3q6cdvv5,2026-03-02 21:37:03,43100,card,862,155,setl_gxt8aimmy71t26,captured
pay_qfohougx8mo07e,order_wpp97c556r573c,2026-02-18 11:00:16,40600,upi,0,0,setl_marwnoou4khb0k,captured
pay_r6dasldvbc8ore,order_2vxhhqmc6jj3tk,2026-03-27 10:21:47,78400,netbanking,1490,268,setl_wqkvxto3gxvlu7,captured
pay_b26gjo8jgnn6x5,order_9xzlpqnlsm2ltk,2026-03-17 08:25:25,40100,upi,0,0,setl_nf76s64rcbd6hk,captured
pay_9dr33lbw9ya31s,order_gttaqgyg23r74f,2026-02-28 11:23:43,124200,upi,0,0,setl_wg96a9tv3603ep,captured
pay_2mm6o4t46h1d06,order_46yefqmmd8e6rw,2026-02-27 07:00:29,36700,card,734,132,setl_wg96a9tv3603ep,captured
pay_v1b3rgtvoz9jua,order_g14fa25r8jewbn,2026-02-04 19:09:01,221300,wallet,4869,876,setl_loeej8p0363err,captured
pay_z5krh0m0p5w3d8,order_cnwvsrou8vgwpf,2026-03-24 19:36:07,136600,card,2732,492,setl_bjuqk7c3un19bl,captured
pay_hi928co9lpa8u0,order_7a861vwhcumkjb,2026-02-25 07:39:27,617900,wallet,13594,2447,setl_fjubwhj4nuw113,captured
pay_248sbsdwy6bgyp,order_srf6msewfbp850,2026-01-06 16:10:13,43500,upi,0,0,setl_8zu1ktsnub3qzg,captured
pay_rb3d03pu1am0hv,order_rcwj1heolmae9r,2026-01-04 20:53:17,106800,wallet,2350,423,setl_wepzs7szuqc9f6,captured
pay_y58thffa0j4fzx,order_spsdqcqa65g5le,2026-03-29 17:20:49,63400,upi,0,0,setl_wqkvxto3gxvlu7,captured
pay_fin5iyb18ctud1,order_cn5heldr2whcrj,2026-03-14 13:05:59,107100,upi,0,0,setl_ob1zbkbpqox76q,captured
pay_r3i11rbomry597,order_yn79mmp1skbr62,2026-02-05 15:46:39,145000,netbanking,2755,496,setl_9redif5czb1c2o,captured
pay_qhazvmnv0mzym9,order_l147kmyk8s879g,2026-03-13 20:19:37,61200,card,1224,220,setl_ob1zbkbpqox76q,captured
pay_uk2rf02jixjklh,order_zw5018y5yxqpkc,2026-02-27 09:34:45,69400,upi,0,0,setl_wg96a9tv3603ep,refunded
pay_mhsb0k4jwesmd9,order_28532yxrgsyajy,2026-03-29 20:25:48,108800,upi,0,0,setl_wqkvxto3gxvlu7,captured
pay_slbfdt53d149i0,order_ogt4dnltlyj3zq,2026-03-30 18:11:03,138400,upi,0,0,setl_j85ptu7k9no41z,captured
pay_w6gld135b9blfz,order_hes19k6igjvkge,2026-01-16 10:10:32,37200,upi,0,0,setl_jrm8iuv8pwnbst,captured
pay_suzyhu36czghzb,order_6bgqmta3rvp0mg,2026-01-29 18:43:19,49000,upi,0,0,setl_j502p555prthl8,captured
pay_00b7acne168kpq,order_zwx5tnu1f9mhoe,2026-03-29 07:48:50,126500,upi,0,0,setl_wqkvxto3gxvlu7,captured
pay_jr55wlxybt18ur,order_d2llr8n16oaxpq,2026-01-17 14:01:57,107800,card,2156,388,setl_jrm8iuv8pwnbst,captured
pay_fs7ruruuyltaqt,order_x45khiexh2x7re,2026-03-07 11:47:29,96000,upi,0,0,setl_8rcowtf1l5jtt6,captured
pay_w2v6j3vo5it78v,order_akr4qcfeip59ma,2026-02-28 11:17:42,107200,netbanking,2037,367,setl_wg96a9tv3603ep,captured
pay_ct67inx7ynqteq,order_tkov5jygt9dvm9,2026-03-16 14:45:00,118700,card,2374,427,setl_9ziplehvmcpcg3,captured
pay_q9joqi2i1reo8f,order_05zrx40k2w19qn,2026-03-24 20:22:26,91200,wallet,2006,361,setl_bjuqk7c3un19bl,captured
pay_au7as64i44fecr,order_tgllg23r6069zz,2026-03-10 15:30:53,36300,upi,0,0,setl_cy02355rxf3dgx,captured
pay_kf9fky4x1s7scm,order_4csc6rhevv3scy,2026-02-10 13:48:33,93100,netbanking,1769,318,setl_ex4ek002gc2r1u,captured
pay_w1c6jgdta5efyp,order_njsq6jtvekcz2l,2026-01-05 07:25:05,50700,upi,0,0,setl_jb4iycka7ebxm4,captured
pay_uxwl6qwxuqoj4k,order_hgnirtcrsaegtl,2026-03-27 06:42:12,74700,upi,0,0,setl_wqkvxto3gxvlu7,captured
pay_axofj3ecv84pg1,order_k679dmxoazjrc3,2026-01-27 06:45:30,101300,netbanking,1925,347,setl_lmc6qbtpgvhqfs,captured
pay_tqeau73pe82d81,order_mxllo4txh628ne,2026-01-08 09:25:39,810400,card,16208,2917,setl_xx3zh6x38f6k9i,captured
pay_7kc1v2in2hkvlv,order_lv0iu49vtuakx6,2026-02-10 16:03:04,42300,netbanking,804,145,setl_ex4ek002gc2r1u,captured
pay_p48lh2xdygyowa,order_zy9wduzog5iga0,2026-01-26 16:35:48,35500,upi,0,0,setl_r7od0iq6cc73mp,captured
pay_vabitlkclfryn4,order_lfqhanadmk817y,2026-03-03 10:08:18,345400,upi,0,0,setl_s36ohm15574nxh,captured
pay_keul200smt0t1a,order_arld56ctp42vkz,2026-02-06 12:24:31,112500,upi,0,0,setl_x9629fsv80nszb,captured
pay_gjf5rnidsyxvpw,order_wbtndr5lk0uo3o,2026-02-06 18:10:50,41600,card,832,150,setl_x9629fsv80nszb,captured
pay_a4z18p2w9671kp,order_w7r9xfk5xs3vc1,2026-02-02 18:55:29,68200,upi,0,0,setl_l3k3kfcno0zwp9,captured
pay_qxbrimcnaxmuzo,order_36seoy0ufi6p28,2026-02-28 12:46:10,146800,upi,0,0,setl_wg96a9tv3603ep,captured
pay_k1wqdndqs5z30f,order_iarv0ean0azbnp,2026-01-19 17:47:52,79300,upi,0,0,setl_ckovgkmddyvf20,captured
pay_s7gp9lqp45xp0a,order_7wm8r2meyqe3xl,2026-02-08 18:59:27,76100,upi,0,0,setl_x9629fsv80nszb,captured
pay_o1i84fxyyz749c,order_hrm11e04ntvzj6,2026-03-17 22:36:05,93000,upi,0,0,setl_nf76s64rcbd6hk,captured
pay_l73v73byfy0kxl,order_xbvs2w086p7060,2026-03-03 18:51:57,115300,upi,0,0,setl_s36ohm15574nxh,captured
pay_zoiptcwc3xs4sd,order_yv1af2vlte4pc6,2026-01-12 15:26:32,89300,upi,0,0,setl_9ein7jcd4rdl3a,captured
pay_jjcxkoc0ca1068,order_uft4g18xm8605p,2026-01-16 16:55:25,572400,card,11448,2061,setl_jrm8iuv8pwnbst,captured
pay_a4at0ax56p6gme,order_z0bh5vw7wucr7i,2026-03-10 09:17:51,87400,card,1748,315,setl_cy02355rxf3dgx,captured
pay_quhdm4bk6fooml,order_ar1fxe5rvwvobz,2026-02-21 06:32:18,75500,netbanking,1435,258,setl_qal9h36vfum300,captured
pay_rkp9y6gk5uzqre,order_nn22qjto3apebm,2026-01-28 13:36:12,95000,card,1900,342,setl_nxu2v0awbwkxj5,captured
pay_9wx7un6b2sttbt,order_ia7dxaupvw1p7u,2026-02-25 11:03:13,166200,upi,0,0,setl_fjubwhj4nuw113,captured
pay_acxtg8msph7io4,order_yg50bu0b7p1gxc,2026-02-08 11:11:11,176600,upi,0,0,setl_x9629fsv80nszb,captured
pay_svn38wcjgh24dq,order_y5aqexjm0c2go0,2026-03-04 19:35:11,417000,upi,0,0,setl_id6lid416qfq61,captured
pay_yt96evrek7edh4,order_33xrdj8c79n2zh,2026-02-22 19:34:06,84600,upi,0,0,setl_qal9h36vfum300,captured
pay_cl8oat15umh0rv,order_v70me6p24lre00,2026-03-20 13:59:57,222600,wallet,4897,881,setl_lkgzbjhy4tfgax,captured
pay_au9spbgfxggqq2,order_15xhpg10rxe2ae,2026-01-28 11:55:33,81700,upi,0,0,setl_nxu2v0awbwkxj5,captured
pay_1e4no6jklhn9pb,order_g3evdqqhhhgncu,2026-01-03 14:55:51,35500,upi,0,0,setl_wepzs7szuqc9f6,captured
pay_hphxhwwqskp9h4,order_y5ez3bpaauk2l2,2026-02-26 12:48:39,51100,upi,0,0,setl_t8widn28c970o0,captured
pay_ostu1v37jmi2ld,order_apza99vzoobb2s,2026-02-28 15:52:20,311500,upi,0,0,setl_wg96a9tv3603ep,captured
pay_2ib9kv14a73n1o,order_7hjjown6b4w1f8,2026-03-16 10:02:20,248500,card,4970,895,setl_9ziplehvmcpcg3,captured
pay_zz2okzmgjxmn67,order_eoka12eundvo79,2026-01-16 18:28:41,61800,upi,0,0,setl_jrm8iuv8pwnbst,captured
pay_yo8icn3cc7eqnt,order_0ne0owvydp7tzo,2026-01-29 20:07:20,77000,netbanking,1463,263,setl_j502p555prthl8,captured
pay_5xuacp5n6vcgfc,order_4bq96egnbgtnww,2026-01-06 22:25:24,87300,upi,0,0,setl_8zu1ktsnub3qzg,captured
pay_e2p59ltdgmttup,order_5o5qv4l3pwzz4l,2026-03-27 12:52:37,37300,card,746,134,setl_wqkvxto3gxvlu7,captured
pay_c0jfrhgip6vnha,order_z25snah5wvbd6i,2026-03-24 18:29:27,136500,upi,0,0,setl_bjuqk7c3un19bl,captured
pay_5ykb60d30ds45j,order_qpvl1gfo2430gk,2026-03-31 22:23:22,86100,card,1722,310,setl_63hjwsjao5sf4p,captured
pay_aqpiiy4qt4viof,order_phdc6fo2eigt80,2026-02-27 10:28:46,36000,upi,0,0,setl_wg96a9tv3603ep,captured
pay_z8vug9ewubz9y5,order_4f9xm68cfsgajf,2026-02-26 14:19:43,73000,upi,0,0,setl_t8widn28c970o0,refunded
pay_ohqwk8cz17xnmc,order_n8eqytox6v7bq2,2026-02-02 14:50:04,137300,card,2746,494,setl_l3k3kfcno0zwp9,captured
pay_mrvirb9hm0j82w,order_f9czpar2xf1jzc,2026-01-23 08:58:19,37600,upi,0,0,setl_pe6faz7kvftyvi,captured
pay_qysck5kzuay7wn,order_xma3hrvnqibpb1,2026-01-22 15:01:04,102500,upi,0,0,setl_olhoefx33wper0,captured
pay_iygl11vxbfq0l3,order_oedye8gvmzpsjl,2026-02-05 13:41:32,56300,card,1126,203,setl_9redif5czb1c2o,refunded
pay_zpdsobwtwa6vvy,order_s1ko3sychmln0r,2026-02-21 15:31:56,48000,upi,0,0,setl_qal9h36vfum300,captured
pay_0quupqxy318go3,order_u1hueonjcgc89p,2026-03-09 10:02:53,146600,upi,0,0,setl_6qsiife23ixpuu,captured
pay_ko77ltanej0hlv,order_mvbkk31ci6eadl,2026-03-27 06:37:28,206800,netbanking,3929,707,setl_wqkvxto3gxvlu7,captured
pay_5kfl1p5hq06m78,order_x1dnnam6vuh9yx,2026-02-26 08:27:27,89600,upi,0,0,setl_t8widn28c970o0,captured
pay_5bkf16ys8ulg48,order_mwro6onolp9stj,2026-01-29 21:23:19,114500,upi,0,0,setl_j502p555prthl8,captured
pay_ewo3z9hvtok0k6,order_7bblud2l9jqh4x,2026-01-09 14:09:18,210200,card,4204,757,setl_h9o3muublta3bw,captured
pay_3t5kcae13zsxng,order_3xuw8qg922le0r,2026-03-22 13:50:19,77800,upi,0,0,setl_lkgzbjhy4tfgax,captured
pay_or3v492kj94qfh,order_9fdnlex5fszf9a,2026-03-17 15:20:19,30500,upi,0,0,setl_nf76s64rcbd6hk,captured
pay_1hnrnetqf9ran1,order_avul1i8xxm3ofe,2026-02-05 18:59:20,255400,upi,0,0,setl_9redif5czb1c2o,captured
pay_y7l7g4b7hekhds,order_qux2bsi2f0zj0e,2026-02-01 18:59:48,149700,netbanking,2844,512,setl_4sse8tbudyqcih,captured
pay_3vj572mnddhj7f,order_joh8o3ef4igzz4,2026-03-12 14:12:30,228200,card,4564,822,setl_pjr716gfgceh8w,captured
pay_fe6cfesk2e6ke1,order_wtw1gqrgprdmdp,2026-02-23 07:34:32,206900,card,4138,745,setl_2ejmt21xr8n21l,captured
pay_6qtsrec1i4lt2f,order_f2womvfflkyzqv,2026-02-24 21:12:09,44700,upi,0,0,setl_dlrkavuq1t51a1,captured
pay_3355r9layplk12,order_orbon6owjqffhv,2026-01-06 13:09:18,592500,netbanking,11258,2026,setl_8zu1ktsnub3qzg,captured
pay_cp6ay04glfi5yn,order_07bie2xh9bp93n,2026-01-08 20:32:54,42200,upi,0,0,setl_xx3zh6x38f6k9i,captured
pay_8fs1tltxavwm02,order_m1y04weui34mtt,2026-02-05 21:23:16,117300,upi,0,0,setl_9redif5czb1c2o,captured
pay_6sq1wiazfaygn6,order_iwrt1ddtb1ft76,2026-02-27 11:42:02,50900,upi,0,0,setl_wg96a9tv3603ep,captured
pay_h4x2x3z8us4zx9,order_84vcu0w8op7ksm,2026-01-22 07:56:48,322200,upi,0,0,setl_olhoefx33wper0,captured
pay_vn3zlsfiz1ra23,order_eleq0c3p3ex1hu,2026-01-02 15:13:39,237900,card,4758,856,setl_wepzs7szuqc9f6,captured
pay_2qlwk2pkq4ytuq,order_go3phdwq03ru4v,2026-02-24 18:15:17,272100,upi,0,0,setl_dlrkavuq1t51a1,captured
pay_dt2b1grfa50uj5,order_9lrnf4x373fx93,2026-02-13 16:07:26,67200,upi,0,0,setl_9hpnkvdkx29mhx,captured
pay_m5wfj97kid7xq2,order_973j8b4rxbq0yu,2026-01-30 09:43:24,58900,upi,0,0,setl_4sse8tbudyqcih,captured
pay_swbwng8bbeo23a,order_jq74g0uju25v2w,2026-01-16 08:00:33,624600,netbanking,11867,2136,setl_jrm8iuv8pwnbst,captured
pay_ncn8nzlsp8d1oy,order_wx81uhkq6te14l,2026-03-28 19:42:30,61500,upi,0,0,setl_wqkvxto3gxvlu7,captured
pay_9vc70z1f9s2zk7,order_swdapbz3l3ux6a,2026-02-28 20:47:26,43100,upi,0,0,setl_wg96a9tv3603ep,refunded
pay_nf670kr7f1isj7,order_utb61niei0pbke,2026-01-24 12:52:22,112800,upi,0,0,setl_pe6faz7kvftyvi,captured
pay_d8689xli46bq90,order_e3ky9jb5sr21vq,2026-03-01 09:59:22,314200,upi,0,0,setl_wg96a9tv3603ep,captured
pay_4wi8u2vwkrntdv,order_asydpojeqyjx7a,2026-03-19 06:27:41,113100,upi,0,0,setl_hjydfszyf4rzmu,captured
pay_0f57o6upk89hec,order_fiehz02jqgp3gv,2026-01-27 10:16:07,142900,upi,0,0,setl_lmc6qbtpgvhqfs,captured
pay_dt8f92mrhzgrpz,order_izudmmq58khnz8,2026-01-05 09:49:42,308600,upi,0,0,setl_jb4iycka7ebxm4,captured
pay_c1kgce2ur3wvny,order_msxwfs3r4f0jsq,2026-02-08 09:03:51,211400,upi,0,0,setl_x9629fsv80nszb,captured
pay_9nb382kn6iowgu,order_8vc3xf274a57d6,2026-02-20 21:01:56,35500,card,710,128,setl_qal9h36vfum300,captured
pay_6mbr3cq59ukwcn,order_3r57x9dbmvfrho,2026-01-14 12:30:18,312500,card,6250,1125,setl_opdcf6j5wixc2v,captured
pay_morp5p3pyulb45,order_j87j69yp6511ya,2026-02-17 11:42:13,75700,netbanking,1438,259,setl_9994rz2os2zywh,captured
pay_mcu45b9z5roy2m,order_6bz0np2goxpz3e,2026-02-02 22:22:59,40400,upi,0,0,setl_l3k3kfcno0zwp9,captured
pay_goqags8j6qxd64,order_5jdam0fs531ebh,2026-03-07 11:43:01,134900,card,2698,486,setl_8rcowtf1l5jtt6,captured
pay_7xbjy43xuz68qq,order_7j69tczhy3jfdc,2026-03-27 08:28:27,65100,upi,0,0,setl_wqkvxto3gxvlu7,captured
pay_ztxo71nk5iwbic,order_9jb4jsz91gtu7e,2026-01-09 19:43:03,36400,upi,0,0,setl_h9o3muublta3bw,captured
pay_vn31pg48g2w72l,order_94parzlnsn3mrt,2026-03-13 21:12:30,307400,card,6148,1107,setl_ob1zbkbpqox76q,captured
pay_hxax9jn5texx29,order_a9vqw9c731lsha,2026-01-12 15:53:36,134600,upi,0,0,setl_9ein7jcd4rdl3a,captured
pay_eju918cxgu8dmw,order_gcc08x5zfz676l,2026-03-03 16:52:48,35100,netbanking,1233,222,setl_s36ohm15574nxh,captured
pay_cev0ldjjt3rpxs,order_uy3syvfetv8m1f,2026-03-31 11:03:15,125400,upi,0,0,setl_63hjwsjao5sf4p,captured
pay_knarj35bh0mlyx,order_e95zooq2ojcuoy,2026-02-12 20:01:11,802900,upi,0,0,setl_blfhrgh8cu53a4,captured
pay_kxwbdf8xolgsx3,order_pgkynhchcmcmi6,2026-02-09 22:04:10,31000,upi,0,0,setl_s4l1ku1vti53ru,captured
pay_9qjjwn2pjehjrj,order_srd0np5sfygxl3,2026-01-24 22:48:43,863800,upi,0,0,setl_pe6faz7kvftyvi,refunded
pay_g8n0ctb4fmrnwi,order_xbmabq0vxhvrkg,2026-01-28 15:55:41,85500,upi,0,0,setl_nxu2v0awbwkxj5,captured
pay_2xuf93ylv85btf,order_8timhfx9r8mgon,2026-02-21 17:31:08,120200,upi,0,0,setl_qal9h36vfum300,captured
pay_ounudqs8mcwx55,order_luoomk108o4n4t,2026-01-28 14:10:15,69000,upi,0,0,setl_nxu2v0awbwkxj5,captured
pay_zpweod69iqcfz6,order_qee9f7okwueft5,2026-01-30 18:13:36,115700,upi,0,0,setl_4sse8tbudyqcih,captured
pay_c4q11bob96np74,order_4dx5hwfy0gnbni,2026-02-20 07:29:25,142500,upi,0,0,setl_qal9h36vfum300,captured
pay_hqabmf6nfivthi,order_aaxbw9mk1unkap,2026-03-19 20:12:53,38700,upi,0,0,setl_hjydfszyf4rzmu,captured
pay_ppfiyuxvucnklz,order_74fc1ir1nguep1,2026-02-14 13:26:23,132000,upi,0,0,setl_9hpnkvdkx29mhx,captured
pay_6398dh0b2jkzh5,order_9vrxyinsde1ukk,2026-01-20 21:50:59,68200,card,1364,246,setl_i1ppblfh8tj5m7,captured
pay_mi9tit3zzakq2w,order_ctaqq9em17q18g,2026-03-10 21:19:20,37700,netbanking,716,129,setl_cy02355rxf3dgx,captured
pay_dag5l2dgq0g0dj,order_2nqihccdhjwlce,2026-01-09 13:39:36,102100,upi,0,0,setl_h9o3muublta3bw,captured
pay_qwk7w1wgr6wiid,order_sei6k9ils25vnu,2026-02-06 12:45:30,758200,netbanking,14406,2593,setl_x9629fsv80nszb,captured
pay_kvr9rfjkerxtml,order_x3rgcglgec6egm,2026-03-16 22:18:44,50000,upi,0,0,setl_9ziplehvmcpcg3,captured
pay_27ejs3zsjhu14u,order_8nacvlyugctwhc,2026-01-19 06:17:45,42200,wallet,928,167,setl_ckovgkmddyvf20,captured
pay_kour2smuolzwnz,order_urljf6u5da68je,2026-02-10 12:35:42,169300,netbanking,3217,579,setl_ex4ek002gc2r1u,captured
pay_pcyb5bh9xlm8ql,order_v3c3vmq9i0ojlc,2026-03-30 18:40:22,51800,upi,0,0,setl_j85ptu7k9no41z,captured
pay_xq2szccwi2z0dv,order_3h8oqxyqxlmgpl,2026-01-17 12:15:52,122000,upi,0,0,setl_jrm8iuv8pwnbst,captured
pay_zgmg8zjvsfdxgw,order_z9p9jrvckw8nu4,2026-01-02 15:03:42,242200,upi,0,0,setl_wepzs7szuqc9f6,captured
pay_xrzu562d376b0z,order_bqjiccznfturi8,2026-03-31 08:54:17,58400,card,1168,210,setl_63hjwsjao5sf4p,captured
pay_45d4pqsrzcdym4,order_zhsmqfgth7aife,2026-02-05 22:07:20,47500,upi,0,0,setl_9redif5czb1c2o,captured
pay_7w3k2y926vqa41,order_zdijz87efe0qfp,2026-02-01 07:22:13,57600,wallet,1267,228,setl_4sse8tbudyqcih,captured
pay_z402gaehab74ny,order_jt9twjz8zj6fwh,2026-03-03 18:00:00,628300,card,12566,2262,setl_s36ohm15574nxh,captured
pay_8miiae346la0mm,order_uz35fvt11btu3c,2026-01-28 18:47:49,35800,upi,0,0,setl_nxu2v0awbwkxj5,refunded
pay_59k1irze4wlk8o,order_f023aj1tqildss,2026-03-12 22:53:51,140400,upi,0,0,setl_pjr716gfgceh8w,captured
pay_5du5l83ncv6fih,order_r9xnyemqvydpzq,2026-01-29 07:19:47,84900,upi,0,0,setl_j502p555prthl8,captured
pay_ixql5tbzcsgqv4,order_mso2jubr2ick0u,2026-03-26 13:30:42,115700,card,2314,417,setl_86tilepkwugepq,captured
pay_uk31g5zla8jaf8,order_e3f2qarpw3uo8c,2026-03-20 20:12:09,98800,upi,0,0,setl_lkgzbjhy4tfgax,captured
pay_aqmrwi0uwylpxk,order_mtn0hhfp8vx707,2026-01-12 13:33:44,108600,upi,0,0,setl_9ein7jcd4rdl3a,captured
pay_j69xddlfg3jw76,order_yc3t1n9a3mmupw,2026-02-18 21:08:57,46300,upi,0,0,setl_marwnoou4khb0k,captured
pay_sw3ye4xueemt8l,order_r69rnadm6jti48,2026-02-26 21:51:24,33100,upi,0,0,setl_t8widn28c970o0,captured
pay_xmzkcpnuajr78g,order_ddyj2zidrebk5e,2026-03-09 08:21:58,188500,upi,0,0,setl_6qsiife23ixpuu,captured
pay_dkrevqxvpigfap,order_kyamzspms74ubf,2026-02-15 08:36:03,331900,upi,0,0,setl_9hpnkvdkx29mhx,captured
pay_fbdusln3x4euhu,order_cmicye0rqkj0d5,2026-02-19 13:45:29,70500,upi,0,0,setl_57dkr8we1ld4hf,captured
pay_tbxk43kas1pim5,order_otgmmy86yns8w8,2026-03-03 18:54:38,51900,upi,0,0,setl_s36ohm15574nxh,captured
pay_2zmr7og4nio2uw,order_2js7nlwy6jriim,2026-03-05 13:58:57,201700,card,4034,726,setl_1pprr34her4zyz,captured
pay_nxq87xxxuztlyd,order_xzq9zmjezo3cqi,2026-02-24 12:55:37,36400,upi,0,0,setl_dlrkavuq1t51a1,captured
pay_09k4gvboyjd6ir,order_wkn4oaru5iwptv,2026-03-23 06:12:15,59200,upi,0,0,setl_ihlz60xnvw9v27,captured
pay_5f7s5rql3zpi15,order_qotnv2tvppwqaj,2026-01-29 14:10:59,51500,upi,0,0,setl_j502p555prthl8,captured
pay_5o0492g4qzy7xe,order_k2pd2iercbok0w,2026-01-31 06:15:06,63900,wallet,1406,253,setl_4sse8tbudyqcih,captured
pay_qkzstfdxn4zycr,order_1u9fn4m80cxuw0,2026-01-17 09:40:36,68900,upi,0,0,setl_jrm8iuv8pwnbst,captured
pay_tfbur1amiu6f18,order_qf7dnidalei3cg,2026-02-26 06:52:03,74100,upi,0,0,setl_t8widn28c970o0,captured
pay_kl8nkbwt2rnk8c,order_3d49wkjnrx65tp,2026-03-10 16:03:40,48500,upi,0,0,setl_cy02355rxf3dgx,captured
pay_le7bdktlkgf8md,order_mqjs40eyfkxp7e,2026-02-27 16:47:43,339600,card,6792,1223,setl_wg96a9tv3603ep,captured
pay_hr8ohwj09foi96,order_l4u5r2nxripxcz,2026-02-22 13:15:16,92000,card,1840,331,setl_qal9h36vfum300,captured
pay_jjnh78lvjdilwy,order_kklqi9zmvzr3td,2026-03-13 16:10:11,178500,upi,0,0,setl_ob1zbkbpqox76q,captured
pay_3ime9ylrgbor3u,order_og95sqmqu7d4hy,2026-01-31 12:05:24,409100,upi,0,0,setl_4sse8tbudyqcih,captured
pay_doyv9ks2es0wfb,order_yhfzkge7zy6alv,2026-03-05 06:13:53,34400,upi,0,0,setl_1pprr34her4zyz,captured
pay_k1ncwc8wrt3ji3,order_9kxpwg37kkygcn,2026-02-09 06:13:58,45600,netbanking,866,156,setl_s4l1ku1vti53ru,captured
pay_fmwzm9mewket4d,order_vpx4l699p6k7ej,2026-01-01 15:22:57,113300,wallet,2493,449,setl_2lzlm5imf0kd5q,captured
pay_kq8e1djj0yx9ri,order_1spahecjl9yxgk,2026-02-09 18:22:16,50100,upi,0,0,setl_s4l1ku1vti53ru,captured
pay_j5ykdzyoj6w5rb,order_a9wohhklpzz3yl,2026-03-17 13:36:07,30900,upi,0,0,setl_nf76s64rcbd6hk,captured
pay_kw4y5nydq4n62n,order_tim3cbvgkeocby,2026-01-14 15:00:38,46600,netbanking,885,159,setl_opdcf6j5wixc2v,captured
pay_224r6l1eb8mwpp,order_n25uw9glyzcowl,2026-03-19 21:21:51,235700,upi,0,0,setl_hjydfszyf4rzmu,captured
pay_k53imb55jd17ko,order_o2nty0kz11hjz6,2026-02-01 22:08:08,79400,upi,0,0,setl_4sse8tbudyqcih,refunded
pay_hahgulk8w00xy2,order_dlud4fyn369n2w,2026-03-17 08:14:49,125500,card,2510,452,setl_nf76s64rcbd6hk,captured
pay_oujbue9f4akzz0,order_9w1gn0gps916l6,2026-03-07 10:37:41,886200,upi,0,0,setl_8rcowtf1l5jtt6,captured
pay_k96w4evobd7gh7,order_91m8ie5dndtzpk,2026-01-28 21:03:15,62200,wallet,1368,246,setl_nxu2v0awbwkxj5,captured
pay_toqejsa9ifjobc,order_iz6zcpedv4npet,2026-02-15 12:09:49,74200,card,1484,267,setl_9hpnkvdkx29mhx,captured
pay_helwib393g9xro,order_onacrtdb1ftor3,2026-02-11 18:37:15,97500,upi,0,0,setl_owvw9a3grfow7z,captured
pay_s0ge8qvhvsvu42,order_8w09rync0lzrar,2026-02-06 18:38:05,84400,card,1688,304,setl_x9629fsv80nszb,captured
pay_kiwzi8gx97o48s,order_vwbl9hih3wleb4,2026-02-12 06:46:56,274900,netbanking,5223,940,setl_blfhrgh8cu53a4,captured
pay_gub41d13hcq04o,order_xkkc9h7lhghb7k,2026-01-13 09:52:29,56100,upi,0,0,setl_svzb0gabvczqv4,captured
pay_6v8e4xzxyqmsaz,order_k8okj0sn7zwdf5,2026-01-02 06:22:49,140100,upi,0,0,setl_wepzs7szuqc9f6,captured
pay_85tzk0k1jdjpre,order_fepw38bkbgwnu9,2026-03-13 12:08:16,84300,upi,0,0,setl_ob1zbkbpqox76q,captured
pay_hq57um93cu7yf9,order_yrp2sj5o562veh,2026-03-23 17:13:43,53400,wallet,1175,212,setl_ihlz60xnvw9v27,captured
pay_ubf092dldhpbbt,order_w2vimfvf3jlgui,2026-02-20 17:26:26,123400,upi,0,0,setl_qal9h36vfum300,captured
pay_gkdnhuc1xwxc9b,order_mxk0snq8qfwfae,2026-03-17 09:44:32,73800,upi,0,0,setl_nf76s64rcbd6hk,captured
pay_q5tw3ez740ku97,order_f2h5s5bzh0yvpl,2026-03-10 12:05:07,74600,upi,0,0,setl_cy02355rxf3dgx,captured
pay_09xb3ek7y7db8n,order_varu54qpaownxr,2026-03-25 17:14:51,38900,card,778,140,setl_d932kldoq526i0,captured
pay_35dmmg9k71fciz,order_fzst6uedqo1dmo,2026-02-27 18:44:23,53400,upi,0,0,setl_wg96a9tv3603ep,captured
pay_jepv6yw02k0i22,order_b65vxr0qoqy7th,2026-02-25 09:04:35,35400,netbanking,673,121,setl_fjubwhj4nuw113,captured
pay_8jxnbsi9bmaq90,order_b673t2vuqqmf5j,2026-01-31 15:54:49,46900,card,938,169,setl_4sse8tbudyqcih,captured
pay_2xcso4bo4ehh15,order_1ovs45lblc13h9,2026-03-30 19:06:33,96200,upi,0,0,setl_j85ptu7k9no41z,captured
pay_xfa9ak4cpmxd3f,order_8x5ht6kdrhlq3q,2026-02-16 22:45:35,127600,card,2552,459,setl_hyo0coscm1600j,captured
pay_rz3tszmpo6m24s,order_mx4bqgddd7ygo9,2026-03-05 16:59:44,82000,upi,0,0,setl_1pprr34her4zyz,captured
pay_nmwwws9mtvjcy3,order_3jbdblyfkmo83r,2026-02-21 16:02:01,60200,upi,0,0,setl_qal9h36vfum300,captured
pay_vy6awt8aoq9ys1,order_jnk8vsmdujjyse,2026-02-20 17:09:18,155500,upi,0,0,setl_qal9h36vfum300,captured
pay_d1aidcrplu83p5,order_yh925m4pt5opuo,2026-03-08 21:23:30,124300,card,2486,447,setl_8rcowtf1l5jtt6,captured
pay_qhv6185mzowruc,order_0oau91psqo0uns,2026-03-05 15:53:42,206000,netbanking,3914,705,setl_1pprr34her4zyz,captured
pay_8bujhqhs92dax5,order_89augdzr6xy4km,2026-03-07 09:16:32,56900,upi,0,0,setl_8rcowtf1l5jtt6,captured
pay_e2zgkdguf9wwgg,order_56op0l9er8skvc,2026-03-29 16:07:27,113700,upi,0,0,setl_wqkvxto3gxvlu7,captured
pay_xv9q1ajloc8ll6,order_9fvanjj21wajo0,2026-03-16 07:00:49,55400,upi,0,0,setl_9ziplehvmcpcg3,captured
pay_yxogbj8itk0aq5,order_0vv6ix85iqjiw4,2026-03-11 18:59:36,48400,upi,0,0,setl_mi7tt2ol7lcfi6,captured
pay_vdlcr57c7x4hix,order_lavx826906y5dh,2026-02-20 12:40:01,151200,netbanking,2873,517,setl_qal9h36vfum300,captured
pay_nfen32sci6a56p,order_ze5hlhzm42m6er,2026-01-25 18:09:35,72200,upi,0,0,setl_pe6faz7kvftyvi,captured
pay_u4w8d5j9nkxjvm,order_rt69zg9j2pbxo8,2026-01-01 16:09:45,238600,upi,0,0,setl_2lzlm5imf0kd5q,captured
pay_wsl7whfmauq8z8,order_im9mrp6cu8l24u,2026-01-30 11:54:56,79100,upi,0,0,setl_4sse8tbudyqcih,captured
pay_zz10z0ql2dhzhe,order_g21mtzd2qim8vx,2026-03-29 20:20:56,58600,upi,0,0,setl_wqkvxto3gxvlu7,captured
pay_z8onuxeqgjaul3,order_5h2jrvchi5oeev,2026-01-16 09:20:02,37900,upi,0,0,setl_jrm8iuv8pwnbst,captured
pay_k35kco5i9l39cf,order_18huot4mvk1i6y,2026-01-29 20:54:59,50300,upi,0,0,setl_j502p555prthl8,captured
pay_nczcbssl8tq5r0,order_fy4ei42ejzcvjp,2026-01-17 20:17:49,75100,upi,0,0,setl_jrm8iuv8pwnbst,captured
pay_2oeqk0qldm1jvf,order_l983oboaeetstn,2026-02-03 11:38:54,413200,upi,0,0,setl_cb3atkunlhj9mi,captured
pay_j4pbd01je5fdog,order_gv7fa9j6q70ivk,2026-01-29 21:54:36,132200,upi,0,0,setl_j502p555prthl8,captured
pay_f4lvl8zrpl21ko,order_ooic66sxbiwg0f,2026-02-14 10:08:25,249400,card,4988,898,setl_9hpnkvdkx29mhx,captured
pay_7equr7avmjcchd,order_x9ctbbjrdk5g35,2026-01-01 08:51:30,136900,upi,0,0,setl_2lzlm5imf0kd5q,captured
pay_e0numwhr83e0ha,order_r3e6sld5h3pt8n,2026-03-29 11:28:36,226300,netbanking,4300,774,setl_wqkvxto3gxvlu7,captured
pay_zssmnmu4ptuk6q,order_jqgjq1w59t9jwm,2026-01-07 17:12:43,311300,upi,0,0,setl_jde75ge9flap8q,captured
pay_sv2eot37io1uux,order_1nutl7jrhrkkuw,2026-03-08 10:43:50,84900,upi,0,0,setl_8rcowtf1l5jtt6,captured
pay_c9v7otd71jnhf6,order_u138wr6p06qelb,2026-02-19 14:07:57,138500,upi,0,0,setl_57dkr8we1ld4hf,captured
pay_wnw99h410q68m6,order_7s2zzjdc0jmovv,2026-03-28 20:50:10,75900,card,1518,273,setl_wqkvxto3gxvlu7,captured
pay_gocuqajfrwu4j0,order_j2thq52h90px13,2026-03-09 06:17:25,179600,upi,0,0,setl_6qsiife23ixpuu,captured
pay_vqpyecz8tb2i2g,order_uprbhvkiyeu1y7,2026-01-27 06:31:18,124900,card,2498,450,setl_lmc6qbtpgvhqfs,captured
pay_sbhxkyh20gzuiu,order_s5g8ahtsq0mph2,2026-03-31 21:22:54,120200,upi,0,0,setl_63hjwsjao5sf4p,captured
pay_s6707tq4t1xa6j,order_z540duhjomerjt,2026-02-02 19:16:32,80600,upi,0,0,setl_l3k3kfcno0zwp9,captured
pay_qn8ogyeog7voer,order_8tr0ow5v169pfa,2026-02-07 14:55:48,194200,card,3884,699,setl_x9629fsv80nszb,captured
pay_n4yzrtyqg0ftab,order_98mkyiahl5w61u,2026-01-30 06:36:01,52000,upi,0,0,setl_4sse8tbudyqcih,captured
pay_qtv39ru8ez1lsw,order_ax806qwkjlx34f,2026-02-15 20:28:40,45800,upi,0,0,setl_9hpnkvdkx29mhx,captured
pay_isbqmuvv6hl4r4,order_4py42dchlqf1of,2026-03-30 13:05:22,94600,upi,0,0,setl_j85ptu7k9no41z,captured
pay_8qe741u50gtvw1,order_6n2j7eh772vqfy,2026-01-30 07:32:38,67000,upi,361,65,setl_4sse8tbudyqcih,captured
pay_2qilz4nljunvlm,order_laxafymbjv3dlt,2026-03-15 15:48:59,78400,upi,0,0,setl_ob1zbkbpqox76q,captured
pay_zgukjwdudzz2mb,order_qebqswlhfpp0wf,2026-01-01 11:39:45,140800,upi,0,0,setl_2lzlm5imf0kd5q,captured
pay_u7rprcbh8sa7zq,order_roajol5hviisc9,2026-03-11 07:38:28,341500,upi,0,0,setl_mi7tt2ol7lcfi6,captured
pay_qctoti1arflvgh,order_07mgahjyt4hzf1,2026-02-18 15:04:26,53900,card,1078,194,setl_marwnoou4khb0k,refunded
pay_gzx0ms2g2c6opq,order_d2iue7iappghr6,2026-02-18 21:11:57,120200,wallet,2644,476,setl_marwnoou4khb0k,refunded
pay_gsm2kqdvayef7j,order_jhiqyckg21csj0,2026-03-19 16:35:05,39000,card,780,140,setl_hjydfszyf4rzmu,captured
pay_9ipvvb0n76md4g,order_v1em98yj9o3m0k,2026-03-04 17:10:10,307500,upi,0,0,setl_id6lid416qfq61,captured
pay_yj9aua6717skzs,order_0zn5xxlktzvbk7,2026-03-18 15:29:17,580300,netbanking,11026,1985,setl_i779xkgycurgiw,captured
pay_sifm5k05dsj85m,order_sd4fgbq6f42d4y,2026-01-08 12:09:04,44800,upi,0,0,setl_xx3zh6x38f6k9i,captured
pay_j2a63rmxsc60ep,order_ze7x0h2v5vn0wh,2026-03-15 18:43:25,74500,upi,0,0,setl_ob1zbkbpqox76q,captured
pay_z37x0y6ps5p8f1,order_z7f47v02xdr471,2026-02-21 07:22:57,34800,upi,0,0,setl_qal9h36vfum300,captured
pay_77kj9excgstovv,order_8aay10i1uak4gk,2026-01-30 22:37:37,124700,upi,0,0,setl_4sse8tbudyqcih,captured
pay_u9yzkqcg0oz2rv,order_rcz9isikfnfron,2026-02-09 16:21:16,85500,upi,0,0,setl_s4l1ku1vti53ru,captured
pay_dyqrvh0hc3cus2,order_yh8pjtk7779svk,2026-01-30 15:26:11,192200,upi,0,0,setl_4sse8tbudyqcih,captured
pay_q35i19iuu5q26z,order_e60xglex951cul,2026-01-26 13:40:51,175900,upi,0,0,setl_r7od0iq6cc73mp,captured
pay_rfr232lxcobq7v,order_kf1d3xac3dj3g2,2026-01-13 08:10:45,138300,upi,0,0,setl_svzb0gabvczqv4,captured
pay_axdnkg5qt08byj,order_cy4jwjab9dq270,2026-03-30 15:49:01,335000,upi,0,0,setl_j85ptu7k9no41z,captured
pay_ockhfv2n4osik9,order_zqgza84tgkw4ey,2026-01-27 12:08:25,106800,upi,0,0,setl_lmc6qbtpgvhqfs,captured
pay_vzbq45z9qw21q8,order_dsuzgqahsu3psd,2026-03-13 19:33:32,631600,card,12632,2274,setl_ob1zbkbpqox76q,captured
pay_xt0ral2o2inkhv,order_p3rftm8l1nfed1,2026-03-25 09:52:08,848000,card,16960,3053,setl_d932kldoq526i0,captured
pay_9zxjkuo151pcmo,order_zx5wr426vv3vdy,2026-02-05 20:53:10,57400,upi,0,0,setl_9redif5czb1c2o,captured
pay_lu5m1gntqlza70,order_u5cg1o83lw7dkt,2026-03-28 20:19:21,29900,upi,0,0,setl_wqkvxto3gxvlu7,captured
pay_wldo6q9ekapjx3,order_0j6ni8n63uikr9,2026-01-16 16:45:48,195000,card,3900,702,setl_jrm8iuv8pwnbst,captured
pay_99wp31ng7pjk3g,order_u8y4i4tsxorwxq,2026-03-27 14:30:01,345100,upi,0,0,setl_wqkvxto3gxvlu7,captured
pay_rj6hrf4tw45imz,order_jvmbk6rc2hcp46,2026-03-29 18:55:38,558500,card,11170,2011,setl_wqkvxto3gxvlu7,captured
pay_6wh3e14cg5ojrt,order_qormg40hi89rz6,2026-03-29 15:57:46,109000,upi,0,0,setl_wqkvxto3gxvlu7,captured
pay_g0zk8e3bdmoefy,order_fpgpxz10qtw0zk,2026-02-24 16:10:06,296500,upi,0,0,setl_dlrkavuq1t51a1,captured
pay_9ek5ajywdr5h54,order_27b8favscb2ki9,2026-03-19 18:21:40,46600,card,932,168,setl_hjydfszyf4rzmu,captured
pay_zbeggm2unly3st,order_yy0un5aafh3i31,2026-01-29 11:36:14,113200,upi,0,0,setl_j502p555prthl8,captured
pay_scqg6a3qosimgw,order_im1vo9kya44gqa,2026-03-29 17:20:53,46300,upi,0,0,setl_wqkvxto3gxvlu7,captured
pay_ip6iw3bit2dvhy,order_xc4vr5kfaflh4i,2026-03-18 13:21:14,143200,wallet,3150,567,setl_i779xkgycurgiw,captured
pay_6sm7pmoomycftb,order_kiw9lcixlp7zty,2026-02-01 08:35:20,65800,upi,0,0,setl_4sse8tbudyqcih,captured
pay_todzc5g049nf6b,order_648v0w00uzyl75,2026-01-02 15:33:31,55400,card,1108,199,setl_wepzs7szuqc9f6,captured
pay_w8f3cy4lxdixii,order_nd3zzob0ix59im,2026-02-01 07:48:53,637700,upi,0,0,setl_4sse8tbudyqcih,captured
pay_x9bylo5erxfo3v,order_qujo04eb4ymrey,2026-03-30 13:15:01,38200,card,764,138,setl_j85ptu7k9no41z,captured
pay_u6l9z6pw4rlz14,order_pv4xkfwc36g44v,2026-02-19 19:20:14,49700,card,994,179,setl_57dkr8we1ld4hf,captured
pay_lsdpb9254r3drd,order_oz2vca95hjixtu,2026-03-13 17:57:11,117100,wallet,2576,464,setl_ob1zbkbpqox76q,captured
pay_dwm6vak5vg7st1,order_yuonyys9udvus4,2026-03-21 07:01:54,74000,upi,0,0,setl_lkgzbjhy4tfgax,captured
pay_6kj3zk997t0wfu,order_ut5pcdtaxv2t75,2026-01-30 07:37:46,271500,upi,0,0,setl_4sse8tbudyqcih,captured
pay_h5zwpjp11uk49y,order_g4ko87nyim958g,2026-01-24 21:50:56,69100,upi,0,0,setl_pe6faz7kvftyvi,captured
pay_veci7ge4guhnpd,order_01io7t0jxfxd8a,2026-02-27 16:51:31,74800,upi,0,0,setl_wg96a9tv3603ep,captured
pay_z5w6u0g1zhtdbc,order_4r32638o7vl727,2026-01-10 11:34:41,148200,netbanking,2816,507,setl_h9o3muublta3bw,captured
pay_gt8dkieypuv9xa,order_oxq93mqm5lusm9,2026-03-30 18:14:33,52400,upi,0,0,setl_j85ptu7k9no41z,captured
pay_to6lmh3hysx4ob,order_d1e7409pbky07f,2026-02-15 21:08:48,114900,card,2298,414,setl_9hpnkvdkx29mhx,captured
pay_s3u64b646rrq5q,order_4b7m20bk0jr46v,2026-01-08 17:32:10,300900,wallet,6620,1192,setl_xx3zh6x38f6k9i,captured
pay_y518iccb6mz8d7,order_om8gea6bjz2at0,2026-01-12 17:51:26,133600,upi,0,0,setl_9ein7jcd4rdl3a,captured
pay_lwnat4xhndk22q,order_9a8jeanewfu2ni,2026-01-30 20:14:07,206000,upi,0,0,setl_4sse8tbudyqcih,captured
pay_0dg0630zxn5i1t,order_48p2ssnzvhtjhg,2026-01-22 22:37:19,187300,upi,0,0,setl_olhoefx33wper0,captured
pay_bbkwvb3kmt36xz,order_6qphi19mc39pku,2026-03-29 17:01:07,68300,upi,0,0,setl_wqkvxto3gxvlu7,captured
pay_1kx5ojy3w1p9t6,order_h1wxqqyk6w5s6k,2026-03-11 14:35:22,83900,card,1678,302,setl_mi7tt2ol7lcfi6,captured
pay_00ew7wavt0lsu1,order_kadfri99zdf9yr,2026-03-05 16:57:51,59400,upi,0,0,setl_1pprr34her4zyz,captured
pay_6n15tbsezi6t7d,order_rzt2l0rd3teis4,2026-03-31 19:41:46,215500,wallet,4741,853,setl_63hjwsjao5sf4p,captured
pay_cgzudbud8ifine,order_6wgbzrpetfl3tf,2026-03-15 07:09:12,70000,upi,0,0,setl_ob1zbkbpqox76q,captured
pay_bopbh05mnwaw3k,order_dp8qky2urbzl4f,2026-01-30 09:17:10,146800,upi,0,0,setl_4sse8tbudyqcih,refunded
pay_ol78ymtfyxafje,order_akqk8zkj9pwog8,2026-02-12 08:13:24,66400,upi,0,0,setl_blfhrgh8cu53a4,captured
pay_9sdxoizo72gbpw,order_juodedlyhopah6,2026-01-18 21:45:24,68000,upi,0,0,setl_jrm8iuv8pwnbst,captured
pay_pu5xlurcw5r7qy,order_tl622wlkfevbvk,2026-02-27 20:51:13,83200,upi,0,0,setl_wg96a9tv3603ep,refunded
pay_bi9c3qcpw62zhb,order_czecnvltrkm0x6,2026-01-30 12:41:34,180600,upi,0,0,setl_4sse8tbudyqcih,captured
pay_euifue6zfizfhc,order_fjg7geki98poqc,2026-03-31 16:32:43,43700,upi,0,0,setl_63hjwsjao5sf4p,captured
pay_ccp00ijr3gw48l,order_leriqo0ski6ot3,2026-01-14 13:53:55,59400,upi,0,0,setl_opdcf6j5wixc2v,captured
pay_18d1nfdn3yt34h,order_fxblj7q1ssk1tn,2026-01-19 19:09:30,80700,netbanking,1533,276,setl_ckovgkmddyvf20,captured
pay_9xipk3399o7hvr,order_m5enjqb9wnutzs,2026-02-05 18:59:02,76300,upi,0,0,setl_9redif5czb1c2o,captured
pay_8qyqq19vy74xgv,order_mtcjtsah0wj9cu,2026-01-06 18:11:52,73000,upi,0,0,setl_8zu1ktsnub3qzg,captured
pay_ud8rn8ehkiajoi,order_swyjajx3yd7tvb,2026-03-07 21:00:36,532400,upi,0,0,setl_8rcowtf1l5jtt6,captured
pay_qu3jmm62286bqp,order_egzrl25ihuvphj,2026-02-16 11:06:36,169200,upi,0,0,setl_hyo0coscm1600j,captured
pay_ynrlkth4k3hp09,order_ugeubbuduwb2s4,2026-01-31 18:56:42,59600,wallet,1311,236,setl_4sse8tbudyqcih,refunded
pay_79596q8j8wzmo0,order_l22zvrz9784d4o,2026-03-31 22:51:10,184100,netbanking,3498,630,setl_63hjwsjao5sf4p,captured
pay_gmcw5hdtkael0x,order_t9n7qe53sq63w4,2026-02-16 21:07:28,79100,card,1582,285,setl_hyo0coscm1600j,captured
pay_kibsdkmx7egk93,order_524xutvvve4ayg,2026-03-30 14:39:45,45300,upi,0,0,setl_j85ptu7k9no41z,captured
pay_6eim97s0uln0na,order_c0frdlml7vfvy7,2026-02-10 20:23:18,314600,upi,0,0,setl_ex4ek002gc2r1u,captured
pay_d6can86hsplnhq,order_pmmtk1r4no0jfp,2026-03-29 15:12:38,119900,upi,0,0,setl_wqkvxto3gxvlu7,captured
pay_p1627tlyyp6ok3,order_brht1iwgwlaswp,2026-01-31 13:12:23,79200,upi,0,0,setl_4sse8tbudyqcih,captured
pay_lnsq7an038hco7,order_hd7x76ii4g49my,2026-03-06 07:24:59,76900,upi,0,0,setl_8rcowtf1l5jtt6,captured
pay_az4qrzpr1hz1td,order_g05xntabtdtiw4,2026-01-16 20:08:01,86000,card,1720,310,setl_jrm8iuv8pwnbst,captured
pay_aewl4bbwdcjhp6,order_b2hrvvupnqw1ef,2026-02-18 21:13:47,59900,upi,0,0,setl_marwnoou4khb0k,captured
pay_yef288e217v06u,order_th1did1qyi59zw,2026-02-28 10:21:40,70300,upi,0,0,setl_wg96a9tv3603ep,captured
pay_5mbmjchr0ov11m,order_pydbp851tlpuvx,2026-01-21 18:26:50,333200,upi,0,0,setl_7u76rb7en0399o,captured
pay_mry9cxzrieeoao,order_orb12z110wsepr,2026-01-15 07:09:01,32800,upi,0,0,setl_grv7k1qff39825,captured
pay_lrpr91krgc9hj9,order_s1g9t1za0xpv10,2026-03-09 07:40:44,50800,upi,0,0,setl_6qsiife23ixpuu,captured
pay_2qh92vx1hhi48m,order_sywgae7lc9nxi9,2026-03-08 14:04:52,91400,upi,0,0,setl_8rcowtf1l5jtt6,captured
pay_chrq8y93cwot3y,order_fgjdvxe1oiytgy,2026-01-31 11:50:19,178700,wallet,3931,708,setl_4sse8tbudyqcih,captured
pay_hsqeuwvc28lude,order_zfjj76xk4qjw8x,2026-03-16 15:42:31,41700,card,834,150,setl_9ziplehvmcpcg3,captured
pay_z05q7q3xt4fez7,order_y7qktrflbfr6yw,2026-03-30 14:05:54,35600,card,712,128,setl_j85ptu7k9no41z,captured
pay_41xtmn57pbyj5i,order_4wlii5kcb9s2bh,2026-02-27 18:45:40,39300,card,786,141,setl_wg96a9tv3603ep,captured
pay_0yvx6ptomws212,order_8093soi79oqtlu,2026-02-28 10:42:46,342100,upi,0,0,setl_wg96a9tv3603ep,captured
pay_ltef4h08crjpbq,order_98kod371o24d9i,2026-01-19 08:06:49,642700,upi,0,0,setl_ckovgkmddyvf20,captured
pay_ofm49n5s4pytnp,order_2rk22qtcptxd4u,2026-03-29 16:43:47,58900,netbanking,1119,201,setl_wqkvxto3gxvlu7,captured
pay_hllza41hxz7ric,order_lup7jmsaj2ni0p,2026-02-17 14:21:39,184900,upi,0,0,setl_9994rz2os2zywh,captured
pay_f2uw7ttzkzo90s,order_yvrgum86lf0l3t,2026-03-27 08:46:18,59700,upi,0,0,setl_wqkvxto3gxvlu7,captured
pay_yq637of0e2ynic,order_yd67uwyp8o0ulq,2026-02-17 06:38:58,289000,upi,0,0,setl_9994rz2os2zywh,refunded
pay_hblcx09btafjfe,order_syy0u8lqgue7uc,2026-01-18 15:05:52,146400,wallet,3221,580,setl_jrm8iuv8pwnbst,captured
pay_0hqw8skn8fv56y,order_ousdu8lfu13ye5,2026-01-13 16:57:00,36000,netbanking,684,123,setl_svzb0gabvczqv4,captured
pay_vqpmyyaytetsnk,order_1qidcb3pxn1zlo,2026-03-03 13:45:55,38900,netbanking,739,133,setl_s36ohm15574nxh,captured
pay_myd39nk17skd2k,order_vl3hhwdv883ifr,2026-01-16 06:34:40,183700,netbanking,3490,628,setl_jrm8iuv8pwnbst,captured
pay_j8607kkjgkqp38,order_sgfoxc5izm9h3a,2026-03-19 12:22:21,294500,upi,0,0,setl_hjydfszyf4rzmu,captured
pay_e6nc97z87684k7,order_e6ey58duehievo,2026-01-02 13:18:19,144400,upi,0,0,setl_wepzs7szuqc9f6,captured
pay_legu4a777t7mql,order_vkwspc7g74ni8u,2026-02-20 13:01:04,67400,card,1348,243,setl_qal9h36vfum300,captured
pay_tmod9ob8qoo3yw,order_io494bm5la1iu5,2026-02-09 08:02:05,54100,upi,0,0,setl_s4l1ku1vti53ru,captured
pay_vdvjqta4bpfxq3,order_80n27x8v3vxtae,2026-01-02 07:27:24,39000,card,780,140,setl_wepzs7szuqc9f6,captured
pay_oeilldlq0itkjw,order_cgeljof8lxrubp,2026-03-11 16:03:06,65300,upi,0,0,setl_mi7tt2ol7lcfi6,captured
pay_ewiow6p2yxig18,order_t2i0pcvvg1qzuo,2026-03-19 19:44:52,94100,card,1882,339,setl_hjydfszyf4rzmu,captured
pay_5ifvnv3j8927dc,order_ing5rouwgg47v7,2026-02-08 12:04:53,86000,upi,0,0,setl_x9629fsv80nszb,captured
pay_4ykdjtlio69bfy,order_qsfm66q1ezcjtp,2026-01-22 22:21:28,31000,card,620,112,setl_olhoefx33wper0,captured
pay_k0q9pxcbou6flo,order_8e0l6zfizbrb2c,2026-02-20 17:26:03,141000,card,2820,508,setl_qal9h36vfum300,captured
pay_4ve7hnhsb8hoge,order_thtuwm19xyqqbm,2026-02-25 22:28:40,58700,upi,0,0,setl_fjubwhj4nuw113,captured
pay_22egia3m6lzwn4,order_b7xmi8cbnaoig7,2026-01-13 16:53:30,662500,upi,0,0,setl_svzb0gabvczqv4,captured
pay_5nqpqstsh7wfvy,order_legqe4vzilknba,2026-01-16 22:04:04,67900,card,1358,244,setl_jrm8iuv8pwnbst,captured
pay_hl0gk0oza2zhdz,order_ki6w932dtggduy,2026-03-28 08:57:08,142000,wallet,3124,562,setl_wqkvxto3gxvlu7,captured
pay_xkbm83f0bhcvgu,order_aw045bihu4bxkp,2026-03-05 12:59:41,126600,upi,0,0,setl_1pprr34her4zyz,captured
pay_1x90bcwbafaqfb,order_qouh4nosheebt5,2026-02-13 14:12:28,186900,wallet,4112,740,setl_9hpnkvdkx29mhx,captured
pay_r4q13xl0i4ee5v,order_uue6pl1p8z9lrk,2026-02-02 15:35:28,838800,upi,0,0,setl_l3k3kfcno0zwp9,captured
pay_hr44ei7fp41ss2,order_1ctemw209hh0b0,2026-02-27 13:04:10,51300,card,1026,185,setl_wg96a9tv3603ep,captured
pay_s7h5x6w05kdgrz,order_rb0tpmoh9kzrok,2026-03-18 17:48:30,31200,upi,0,0,setl_i779xkgycurgiw,refunded
pay_nsv8rmnd9o6okl,order_pmcxmif63dzw13,2026-03-05 21:39:47,47600,upi,0,0,setl_1pprr34her4zyz,captured
pay_eli3bfff6xkmhd,order_cwer871bueixm9,2026-01-17 12:27:32,43300,netbanking,823,148,setl_jrm8iuv8pwnbst,captured
pay_j6ajpcdas3de7x,order_u1zrgp45iqrxcu,2026-01-29 17:35:18,64600,upi,0,0,setl_j502p555prthl8,captured
pay_0gihxkekahje12,order_ghmik6v90gbswe,2026-03-23 12:41:10,266700,netbanking,5067,912,setl_ihlz60xnvw9v27,captured
pay_on5wtld0nk55o7,order_g3rzh2dskl8lz6,2026-02-15 11:26:40,43500,upi,0,0,setl_9hpnkvdkx29mhx,captured
pay_9hed15op6aspy4,order_b4d4glj42gf7ii,2026-03-03 17:59:38,565800,wallet,12448,2241,setl_s36ohm15574nxh,captured
pay_tx44km6cnyfu6m,order_gsmdqt9p1kr1uh,2026-02-15 14:30:28,83500,wallet,1837,331,setl_9hpnkvdkx29mhx,captured
pay_oi880iu8fe2vx8,order_0rmkebjzn08qht,2026-02-16 15:56:30,34500,upi,0,0,setl_hyo0coscm1600j,captured
pay_61oleek7sih7ni,order_zx9fotupwwolji,2026-03-20 22:06:35,274200,upi,0,0,setl_lkgzbjhy4tfgax,captured
pay_3gd6m7hh5rcibn,order_rjh5z96t0vjxfj,2026-02-27 22:06:03,37900,upi,0,0,setl_wg96a9tv3603ep,captured
pay_re3ixesxe68bhl,order_2vjqt8aghy5jk6,2026-03-19 22:24:12,241800,card,4836,870,setl_hjydfszyf4rzmu,captured
pay_7chgooe34fvi7h,order_lj6c0zvtirnae5,2026-02-10 18:10:43,175800,upi,0,0,setl_ex4ek002gc2r1u,captured
pay_x962ydqwzxza5v,order_7brrt2l6t1unh9,2026-03-29 20:05:17,72400,wallet,1593,287,setl_wqkvxto3gxvlu7,captured
pay_rgzs3obqgtei1r,order_7fs8hkpxfzefj7,2026-01-02 09:35:09,37000,upi,0,0,setl_wepzs7szuqc9f6,captured
pay_39fzmjx6kl747s,order_ma6vo4bmg9j3wt,2026-01-31 13:13:00,35100,upi,0,0,setl_4sse8tbudyqcih,captured
pay_yy7oit66raxy7i,order_dswumzcb6184wz,2026-02-14 20:13:57,53500,upi,0,0,setl_9hpnkvdkx29mhx,captured
pay_wwq8fhn52aqlro,order_c90glh3jn7a7yd,2026-03-16 18:51:35,49500,card,990,178,setl_9ziplehvmcpcg3,captured
pay_5dn1dcbqi3831r,order_apg00yv2oungn3,2026-02-02 18:48:10,55200,netbanking,1049,189,setl_l3k3kfcno0zwp9,captured
pay_4r6b64oyrg24zq,order_nyz5kk0clv56be,2026-01-19 14:18:48,54600,netbanking,1037,187,setl_ckovgkmddyvf20,captured
pay_tpxzsd91tued4e,order_m5g5mfl03i6vo0,2026-02-16 19:54:44,96500,upi,0,0,setl_hyo0coscm1600j,captured
pay_swjegr6x8mz1yu,order_m9ie82557gw6h5,2026-02-14 18:13:38,48900,wallet,1076,194,setl_9hpnkvdkx29mhx,captured
pay_kvrozryn7fdcyl,order_gmipbqywg55d96,2026-01-03 22:39:38,164500,card,3290,592,setl_wepzs7szuqc9f6,refunded
pay_nn7hf8e5e9mja5,order_gl2v8kzjgaqddz,2026-02-07 12:48:44,235200,upi,0,0,setl_x9629fsv80nszb,captured
pay_lygj1aoixtikoj,order_5k7hnedkypn0ip,2026-03-12 07:09:01,55000,upi,0,0,setl_pjr716gfgceh8w,captured
pay_n2e4b6906by52c,order_5ksz32y93qw5wl,2026-03-31 22:07:36,57700,upi,0,0,setl_63hjwsjao5sf4p,captured
pay_n9sk0qa360970t,order_kgnunxtn1lifci,2026-01-12 22:59:21,50400,upi,0,0,setl_9ein7jcd4rdl3a,captured
pay_yf3qjevw3rk9eg,order_9msxd0qiryqgul,2026-02-17 17:25:18,611400,upi,0,0,setl_9994rz2os2zywh,captured
pay_wnwvqvi5e80chf,order_wwyf7pwupmn7hr,2026-03-28 14:58:13,64700,upi,0,0,setl_wqkvxto3gxvlu7,captured
pay_s7yp81s01zgxcc,order_f8mug9hfsy1czm,2026-02-14 08:04:55,106500,upi,0,0,setl_9hpnkvdkx29mhx,captured
pay_41fo86v63hj7t0,order_nzd6n8t8v7qu7w,2026-02-12 16:58:34,147600,upi,0,0,setl_blfhrgh8cu53a4,captured
pay_2i6zzxr6ft0jib,order_dnnf0omkbk7zi1,2026-01-09 11:21:55,49000,upi,0,0,setl_h9o3muublta3bw,captured
pay_4htyv1sjktga5b,order_sbcmqhnuorq9gd,2026-03-30 11:46:24,133700,upi,0,0,setl_j85ptu7k9no41z,captured
pay_rckb3mx53cinc2,order_c04p3qau9t8f9j,2026-02-10 14:42:37,31400,netbanking,597,107,setl_ex4ek002gc2r1u,captured
pay_av8cmz61wt9m2f,order_97m2q29o0yewds,2026-01-15 13:50:34,51600,upi,0,0,setl_grv7k1qff39825,captured
pay_q091049gje3g0g,order_z1uzae3icjjki6,2026-02-12 20:04:28,144000,upi,0,0,setl_blfhrgh8cu53a4,captured
pay_9orbgvy0y941xr,order_wwlcq90qqe8kt6,2026-03-30 14:46:51,432400,upi,0,0,setl_j85ptu7k9no41z,captured
pay_5rykzbfwfr1afl,order_oskqq1qm05c382,2026-02-27 13:18:54,645600,upi,0,0,setl_wg96a9tv3603ep,captured
pay_zhdl9dmpysb68x,order_x2jn23dty5d374,2026-01-13 20:39:54,357900,upi,0,0,setl_svzb0gabvczqv4,captured
pay_75yuhik5cl0vdj,order_fz5prikxazo0s7,2026-03-22 08:11:14,741500,card,14830,2669,setl_lkgzbjhy4tfgax,captured
pay_yg33zh3psjbopp,order_9q4opmu5terx0j,2026-02-08 16:22:21,737000,upi,0,0,setl_x9629fsv80nszb,captured
pay_ujvj2ese9q295p,order_5mmvnkj4cnq2pu,2026-01-30 06:44:47,830600,card,16612,2990,setl_4sse8tbudyqcih,captured
pay_b4w3blql88ojvm,order_uyx13n288m8ntj,2026-01-14 13:00:12,339700,upi,0,0,setl_opdcf6j5wixc2v,captured
pay_d4lnlz21u5486s,order_3n9pi3o3hr6bbz,2026-01-05 18:55:37,126900,card,2538,457,setl_jb4iycka7ebxm4,captured
pay_z561ukovjiq7ap,order_9ob5kcd93q75u1,2026-03-29 10:22:45,82900,upi,0,0,setl_wqkvxto3gxvlu7,captured
pay_q5ib5mndbgsbvm,order_eboy9g0hr1kiie,2026-01-30 11:29:18,619300,upi,0,0,setl_4sse8tbudyqcih,refunded
pay_rbcmb9ea1zjpnf,order_ww479zy9pcutq1,2026-02-02 18:36:21,296100,upi,0,0,setl_l3k3kfcno0zwp9,captured
pay_97ldc44mm3ebab,order_ksqr5vrgh99ivx,2026-02-21 15:02:11,54300,card,1086,195,setl_qal9h36vfum300,captured
pay_3zpb08dj9e2iqx,order_mt22wd58lmob68,2026-02-21 11:58:22,49000,upi,0,0,setl_qal9h36vfum300,captured
pay_2y4n633qfyk8j7,order_mxt05ukbjo7q53,2026-03-25 17:37:50,317100,card,6342,1142,setl_d932kldoq526i0,captured
pay_omdos6pobc3799,order_oucishmn0ntx7n,2026-03-18 13:46:55,655600,wallet,14423,2596,setl_i779xkgycurgiw,captured
pay_0lai6y247qmr8h,order_1qcv0r1s7c5tlc,2026-01-05 11:53:39,34200,netbanking,650,117,setl_jb4iycka7ebxm4,captured
pay_1w8thksc7ze14x,order_xrmjsgie11xhlt,2026-01-02 15:40:38,73500,card,1470,265,setl_wepzs7szuqc9f6,captured
pay_lfsajopvix1oya,order_axf3657ob1x1qy,2026-02-10 12:01:54,44100,card,882,159,setl_ex4ek002gc2r1u,captured
pay_5mtoumacr3a9gc,order_km881nf13tiojg,2026-02-15 10:01:31,63900,upi,0,0,setl_9hpnkvdkx29mhx,captured
pay_kjvx5q55z8obgd,order_fy64mw23fbf0fh,2026-02-26 12:28:56,39300,card,786,141,setl_t8widn28c970o0,captured
pay_0psk057yr4u9rt,order_u1flurc5wnxflm,2026-01-21 20:03:00,33300,upi,0,0,setl_7u76rb7en0399o,captured
pay_p0hkl37cvw5qp6,order_4kyjiz3clo3fjn,2026-03-16 22:03:03,129900,card,2598,468,setl_9ziplehvmcpcg3,captured
pay_1vakoiemw0phyr,order_zube5o9678hjzb,2026-01-21 17:45:06,54100,upi,0,0,setl_7u76rb7en0399o,captured
pay_0dkvgqiqp2ih46,order_u0y4af5v1daytc,2026-01-25 16:26:42,115300,upi,0,0,setl_pe6faz7kvftyvi,captured
pay_4fjg8s9n8z2saz,order_hukwms39ksbofq,2026-02-17 06:46:26,119800,upi,0,0,setl_9994rz2os2zywh,captured
pay_qd9wh92xazcai4,order_qj4zy8tu0pjwx1,2026-03-29 12:57:52,662000,upi,0,0,setl_wqkvxto3gxvlu7,captured
pay_9cx001ja4d7fq3,order_7olutqcsnre9xa,2026-01-21 20:46:11,73300,upi,0,0,setl_7u76rb7en0399o,captured
pay_empc1rdgkk9fu8,order_su5xq2b1i9alnj,2026-01-07 20:13:23,57900,upi,0,0,setl_jde75ge9flap8q,captured
pay_8a95wgq165vzr1,order_ck04flg8b1z2gf,2026-01-17 10:26:42,76700,card,1534,276,setl_jrm8iuv8pwnbst,captured
pay_29wdfxxirpy3am,order_84l6dgc41gyors,2026-02-14 13:57:56,571500,upi,0,0,setl_9hpnkvdkx29mhx,captured
pay_vd2k1tllmyfp5z,order_pdwjjsd61rpaii,2026-02-20 16:03:24,134900,wallet,2968,534,setl_qal9h36vfum300,captured
pay_ru7uy2dayxnwt3,order_gheks3mzfnph6s,2026-03-12 13:41:29,118400,upi,0,0,setl_pjr716gfgceh8w,captured
pay_w4ykdu0x0oexbe,order_3x533m8mb4ugjj,2026-01-23 22:06:36,330400,upi,0,0,setl_pe6faz7kvftyvi,captured
pay_501nh73tl2dzn6,order_omnom3l3tjt550,2026-01-12 07:17:05,269900,netbanking,5128,923,setl_9ein7jcd4rdl3a,captured
pay_ldoe6j78ohy525,order_1tlwbde9ltxal0,2026-02-11 12:11:57,46200,card,924,166,setl_owvw9a3grfow7z,captured
pay_leyzb5iemjmj8t,order_8xvr1ksdpyh48p,2026-03-02 11:40:02,47500,upi,0,0,setl_gxt8aimmy71t26,captured
pay_9citev04hqetdp,order_o1c61ryd061mts,2026-01-29 15:14:01,38600,card,772,139,setl_j502p555prthl8,captured
pay_hgbhki3c2h3xoa,order_k0flu1d17kxk9n,2026-03-15 07:02:14,75900,card,1518,273,setl_ob1zbkbpqox76q,captured
pay_1v9wr2yrfg5i3f,order_3hp799m65bzow0,2026-02-18 09:17:26,135300,upi,0,0,setl_marwnoou4khb0k,captured
pay_zz7b424fbkj3ft,order_5pe0ksk5ptshbh,2026-03-17 20:56:23,298000,netbanking,5662,1019,setl_nf76s64rcbd6hk,captured
pay_6x7ak5f6n5o7x1,order_gzqk5pqchlwwjr,2026-03-18 16:17:45,173000,upi,0,0,setl_i779xkgycurgiw,captured
pay_dad84biwuyqn7g,order_r5uw8zge4se3q5,2026-01-01 11:05:52,77000,upi,0,0,setl_2lzlm5imf0kd5q,captured
pay_z7b5dopmu2oxnl,order_re8q9hf0vmroku,2026-01-10 18:27:11,399700,upi,0,0,setl_h9o3muublta3bw,captured
pay_sp1gco21jvkxrm,order_w59rfx4spahewp,2026-02-03 22:14:40,38000,upi,0,0,setl_cb3atkunlhj9mi,captured
pay_q55zuje89lrx4h,order_v3xmievrlp1vt1,2026-01-19 14:03:11,34400,upi,0,0,setl_ckovgkmddyvf20,captured
pay_8w4na6cs126v5f,order_b7lz8dh7ttyj5s,2026-01-30 16:04:34,54100,upi,0,0,setl_4sse8tbudyqcih,captured
pay_l2aprqybf1okpr,order_dtx5ews3837k38,2026-03-10 07:15:25,150200,upi,0,0,setl_cy02355rxf3dgx,captured
pay_kkoadzti23dskx,order_9fe4qlf3yrodpt,2026-03-03 10:00:16,55700,card,1114,201,setl_s36ohm15574nxh,captured
pay_nihthr74o8zltg,order_1a0x2wxqjxl3r7,2026-02-28 12:42:25,329100,card,6582,1185,setl_wg96a9tv3603ep,captured
pay_htodtnm83otn9l,order_e9aob5rk2abvuq,2026-02-02 13:38:31,31800,upi,0,0,setl_l3k3kfcno0zwp9,captured
pay_zaiooeqjd5m47m,order_2059mhx64oimc7,2026-01-04 16:00:37,78100,card,1562,281,setl_wepzs7szuqc9f6,captured
pay_dowdnu0qb8ij3c,order_gvc6bt8oy7ybq6,2026-03-24 17:58:48,277100,upi,0,0,setl_bjuqk7c3un19bl,captured
pay_jp0myis0413agj,order_rn1a9uvy0ac4sp,2026-02-18 09:35:57,69800,netbanking,1326,239,setl_marwnoou4khb0k,captured
pay_e9ybiwymp8wrg1,order_kx2g4ibpyw6vgf,2026-01-30 22:30:05,77800,upi,0,0,setl_4sse8tbudyqcih,captured
pay_q28nqqkpshir7j,order_u676w9f3qyff8l,2026-01-31 17:49:18,110900,netbanking,2107,379,setl_4sse8tbudyqcih,captured
pay_pu9nsk7kjw2i16,order_pi39llrwarpunx,2026-02-15 13:03:51,67200,card,1344,242,setl_9hpnkvdkx29mhx,captured
pay_71kud8z810af7u,order_364vlssvefox6t,2026-01-02 10:17:29,125500,card,2510,452,setl_wepzs7szuqc9f6,refunded
pay_j0qzghde75hmnn,order_qyfwo0413qva6y,2026-01-08 07:25:39,36900,upi,0,0,setl_xx3zh6x38f6k9i,captured
pay_qwhp187tp7a1d0,order_s8mephxbdvhxag,2026-03-02 07:32:17,50100,upi,0,0,setl_gxt8aimmy71t26,captured
pay_oj6n1fh98twqge,order_zk3bxwu9apcu03,2026-03-17 06:04:34,147800,upi,0,0,setl_nf76s64rcbd6hk,captured
pay_6shp6bebrasr23,order_7k6x2l2iq18jvc,2026-03-15 15:32:00,95500,netbanking,1815,327,setl_ob1zbkbpqox76q,captured
pay_vi1po7rufh6594,order_78ebwd1ggn3f1b,2026-03-18 09:35:41,68200,upi,0,0,setl_i779xkgycurgiw,captured
pay_34si0i87mrsexq,order_tjpuo43fpalvfg,2026-03-05 16:23:10,144800,upi,0,0,setl_1pprr34her4zyz,captured
pay_tlj1u71pcq6hlj,order_rbkwc1xf8g4ev9,2026-03-06 11:00:06,35400,upi,0,0,setl_8rcowtf1l5jtt6,captured
pay_zbiwf3xm7dp0ql,order_4dseqz9ga7y2oh,2026-03-04 15:02:10,77700,upi,0,0,setl_id6lid416qfq61,captured
pay_2erv742q1wne40,order_oe3xlvd9r9n4qr,2026-03-12 07:05:23,73400,upi,0,0,setl_pjr716gfgceh8w,captured
pay_yo41jwjkptwpvi,order_kkbs8ck3h6mz4e,2026-02-11 17:14:53,78000,upi,0,0,setl_owvw9a3grfow7z,captured
pay_zydrha3w2z0q3t,order_b2xeool1j4ndsu,2026-02-05 17:19:51,70500,card,1410,254,setl_9redif5czb1c2o,refunded
pay_jvtatkvrdzc2ts,order_05v2irapguxk6m,2026-01-27 07:48:25,340100,netbanking,6462,1163,setl_lmc6qbtpgvhqfs,captured
pay_odb3zred1gsodr,order_typ4fou4uzphz9,2026-01-26 11:42:17,75700,upi,0,0,setl_r7od0iq6cc73mp,captured
pay_6ecporpxue7iac,order_1f7et1xn2o7g84,2026-01-16 16:53:22,73900,upi,0,0,setl_jrm8iuv8pwnbst,captured
pay_v25kz0958srh2k,order_6rigugb9gmq3aa,2026-03-01 07:04:06,50900,upi,0,0,setl_wg96a9tv3603ep,captured
pay_ohgbk2qacpcv1f,order_oxh85zx3gflny8,2026-03-31 17:16:16,118900,upi,0,0,setl_63hjwsjao5sf4p,captured
pay_9kza5l5yfdsxw2,order_icnne5vnks7shk,2026-02-23 11:54:51,248200,upi,0,0,setl_2ejmt21xr8n21l,captured
pay_6qul93jy4tuarx,order_1ja6c0atv5f7n4,2026-01-29 21:16:54,149800,upi,0,0,setl_j502p555prthl8,captured
pay_ghgmafzqfmi994,order_lx3ippa86wadtb,2026-02-15 12:51:29,49000,upi,0,0,setl_9hpnkvdkx29mhx,captured
pay_6tpfu5dfs8vqdj,order_9g9ls7gtfhwzd2,2026-02-01 21:39:23,104200,upi,0,0,setl_4sse8tbudyqcih,captured
pay_6at56cb4mvkipb,order_pizxcqjoa8n0cb,2026-03-08 20:47:13,59600,card,1192,215,setl_8rcowtf1l5jtt6,captured
pay_7memo9ft6963s8,order_vqumh4u8a7fq7u,2026-02-04 16:48:31,42100,upi,0,0,setl_loeej8p0363err,captured
pay_fyqtpq9tm0evgg,order_a2v2uivlhwc1jq,2026-01-31 18:55:06,46000,upi,0,0,setl_4sse8tbudyqcih,captured
pay_5tmnia83609wju,order_zbd4wp8z9wxc2t,2026-01-31 06:53:06,122200,upi,0,0,setl_4sse8tbudyqcih,captured
pay_ezvezowlwydb7e,order_316j81f58tug1l,2026-02-17 13:36:13,36600,upi,0,0,setl_9994rz2os2zywh,refunded
pay_u6a2r6qevc1jcd,order_vo4djrdktpw4jm,2026-01-23 09:50:24,33500,wallet,737,133,setl_pe6faz7kvftyvi,captured
pay_gdaxp88jja69ni,order_4qzy8xm78s0jpn,2026-03-16 15:15:16,133100,card,2662,479,setl_9ziplehvmcpcg3,captured
pay_4jy095vmy8q5do,order_21dj7kfoswdu88,2026-03-11 16:13:19,791100,wallet,17404,3133,setl_mi7tt2ol7lcfi6,captured
pay_ql6mkb8pkrq58x,order_67nhm5sunhwrx1,2026-01-19 08:40:35,47900,upi,0,0,setl_ckovgkmddyvf20,captured
pay_6o8nn27w4tov90,order_0rskat8h9vypv1,2026-01-04 12:26:40,60200,upi,0,0,setl_wepzs7szuqc9f6,captured
pay_5et38nvfzjrdq0,order_e9el4zmnjktiqc,2026-02-09 10:27:29,646900,upi,0,0,setl_s4l1ku1vti53ru,captured
pay_2x3ogqg8l0076m,order_za6zpy805nrkfu,2026-03-31 16:19:51,61100,upi,0,0,setl_63hjwsjao5sf4p,captured
pay_p6gqzbhazvqjrf,order_c68k8wbjwdz1hq,2026-01-26 18:06:00,125400,upi,0,0,setl_r7od0iq6cc73mp,captured
pay_m2q2wfeicwq6df,order_pkp9jyhgoqlx2l,2026-03-12 13:21:47,41200,card,824,148,setl_pjr716gfgceh8w,captured
pay_bt66mmncigpigl,order_bp5945wiqjw3zz,2026-01-14 16:39:00,62300,upi,0,0,setl_opdcf6j5wixc2v,captured
pay_mb3hnkl27usrr9,order_2sb4m1xrqyfgbm,2026-03-24 20:18:45,71000,card,1420,256,setl_bjuqk7c3un19bl,captured
pay_aiek28l4f2c5ey,order_913hulwsobsyip,2026-02-27 20:51:59,120900,card,2418,435,setl_wg96a9tv3603ep,captured
pay_rs6nq7m8xmsete,order_dopc59iblqsgfm,2026-03-28 07:50:46,94700,upi,0,0,setl_wqkvxto3gxvlu7,captured
pay_7xnuepkooqy8bn,order_altnn250j1f8vx,2026-01-25 08:23:29,91700,card,1834,330,setl_pe6faz7kvftyvi,captured
pay_rt58hppsjq88gn,order_cqqc16dvz1ooa2,2026-02-25 13:46:20,44100,upi,0,0,setl_fjubwhj4nuw113,captured
pay_zkc3u0bcygkes3,order_5t364a6eicoi1s,2026-02-23 11:41:05,275600,upi,0,0,setl_2ejmt21xr8n21l,captured
pay_vozl1j7k59zwib,order_q3jso15c52gy3c,2026-02-09 13:03:41,64900,card,1298,234,setl_s4l1ku1vti53ru,captured
pay_euh6fof92df8lj,order_q79hmmepe71uno,2026-02-06 06:11:57,69800,wallet,1536,276,setl_x9629fsv80nszb,captured
pay_0ur60oiue2v4jk,order_phxvxxfz9hz3lk,2026-02-22 19:10:43,36100,netbanking,686,123,setl_qal9h36vfum300,captured
pay_8mlm0fddn771sb,order_flig4jlxtqmx1a,2026-03-30 20:41:30,103800,card,2076,374,setl_j85ptu7k9no41z,captured
pay_tgk0xeyvyxqpst,order_xdlmer9b6ohui8,2026-02-05 08:04:03,139700,netbanking,2654,478,setl_9redif5czb1c2o,captured
pay_gbxzfpca7z3erh,order_cojphjxug0eh7n,2026-02-15 19:04:17,101100,netbanking,1921,346,setl_9hpnkvdkx29mhx,captured
pay_d0ghppo5xbjc6q,order_ts7305pmcjf8i7,2026-03-05 13:18:05,81600,upi,0,0,setl_1pprr34her4zyz,captured
pay_5nfkpuvon1hj48,order_9te5q3fco6b1u2,2026-02-11 20:49:43,324900,wallet,7148,1287,setl_owvw9a3grfow7z,refunded
pay_p9ehzlaa7lagzm,order_jl3193mqplmkzl,2026-01-27 19:01:39,854800,upi,0,0,setl_lmc6qbtpgvhqfs,captured
pay_jajq45m7annv6s,order_7i3y7ke7um1z4n,2026-03-19 09:03:20,135200,upi,0,0,setl_hjydfszyf4rzmu,captured
pay_duasn2hhsd1x6n,order_rvn2pi7cpbdtme,2026-01-30 12:13:13,475000,upi,0,0,setl_4sse8tbudyqcih,captured
pay_ec00js0i51wjoi,order_2ajw3va3bpuq80,2026-02-13 07:12:10,32300,upi,0,0,setl_9hpnkvdkx29mhx,captured
pay_sia9cuenzk7j4b,order_pndqkrnf1457y7,2026-01-30 10:23:28,66200,card,1324,238,setl_4sse8tbudyqcih,captured
pay_0yay1v0ufka28x,order_mt37bwjx20i8t4,2026-03-28 13:34:11,117500,upi,0,0,setl_wqkvxto3gxvlu7,captured
pay_xscy5okbt1k30n,order_m60ocpqxbj2f4p,2026-01-05 11:29:16,143800,upi,0,0,setl_jb4iycka7ebxm4,captured
pay_zrj5vh37hrvaq6,order_dup8psfnzfdvkt,2026-02-22 20:29:24,70300,card,1406,253,setl_qal9h36vfum300,captured
pay_f69bu37p43v346,order_tr8petf302e3lw,2026-02-15 18:23:39,54200,card,1084,195,setl_9hpnkvdkx29mhx,refunded
pay_warrw0i41gvori,order_u4i1z2ddivk0t3,2026-02-12 20:59:40,212900,card,4258,766,setl_blfhrgh8cu53a4,captured
pay_6dti0zbmc17dk5,order_p2gs7b9ehtnf0d,2026-01-11 07:59:36,232000,upi,0,0,setl_h9o3muublta3bw,captured
pay_r10ykh12oj5sly,order_04d466eqxqyhw3,2026-01-16 19:03:35,709700,upi,0,0,setl_jrm8iuv8pwnbst,captured
pay_gx7zdms6fo3w3x,order_pkjdu8djrvxj0j,2026-01-07 06:52:15,285600,netbanking,5426,977,setl_jde75ge9flap8q,captured
pay_3mu98gld2jdc31,order_zh6omnuejnhbd0,2026-03-14 22:24:07,68300,upi,0,0,setl_ob1zbkbpqox76q,captured
pay_bpdd4ivkbhgvvp,order_ak6ayzg8tl8gv6,2026-01-07 15:28:23,137600,netbanking,2614,471,setl_jde75ge9flap8q,captured
pay_v6uhizknep2s4e,order_hqmhaerenmvau2,2026-03-27 06:43:47,78000,upi,0,0,setl_wqkvxto3gxvlu7,captured
pay_6ti8euv0b7oebv,order_ht66ly98httzcr,2026-02-28 20:54:11,66500,card,1330,239,setl_wg96a9tv3603ep,captured
pay_sp1dz0ji34mrco,order_cfgmzov3jrb9p7,2026-03-20 07:47:51,79100,upi,0,0,setl_lkgzbjhy4tfgax,refunded
pay_4f64bo2mu4o85l,order_3ua0ctj6i40n8c,2026-03-15 19:46:23,129100,upi,0,0,setl_ob1zbkbpqox76q,captured
pay_zuzl4mmafs3ab7,order_sqn3mr2lkq360w,2026-03-28 18:06:46,147800,upi,0,0,setl_wqkvxto3gxvlu7,captured
pay_82chlqg9asmnx0,order_7ryglba77eeen3,2026-02-27 14:11:12,133400,upi,0,0,setl_wg96a9tv3603ep,captured
pay_jy3iueeyubd76d,order_55a976l9kymwdf,2026-02-17 08:01:54,39700,upi,0,0,setl_9994rz2os2zywh,captured
pay_nwfrqzkq2n9lyi,order_h5s6rn6j02ihym,2026-02-12 22:58:17,185600,netbanking,3526,635,setl_blfhrgh8cu53a4,captured
pay_qfetuqxsef7vov,order_5iih9wtcgz6b0d,2026-01-22 09:02:51,216200,netbanking,4108,739,setl_olhoefx33wper0,captured
pay_x7tf7kyipc3c9e,order_y8xorrgjugowwf,2026-02-24 12:10:08,33700,upi,0,0,setl_dlrkavuq1t51a1,captured
pay_mywv8q5vi8hyit,order_g6eaznizbr3d35,2026-02-26 16:41:43,57600,upi,0,0,setl_t8widn28c970o0,captured
pay_tivg3v4xiz6ryl,order_vij69n8fpliskx,2026-01-07 10:11:24,62400,upi,0,0,setl_jde75ge9flap8q,captured
pay_r6hcrxcxi4ufv0,order_sd6q5vuzs4gn6v,2026-02-06 09:28:49,47300,upi,0,0,setl_x9629fsv80nszb,captured
pay_qm14puk8796j7q,order_aoxn3bfmt8emy0,2026-01-01 12:11:28,143800,upi,0,0,setl_2lzlm5imf0kd5q,captured
pay_6ztc5nh2qpe2f9,order_usosg3j5y36vok,2026-03-16 06:05:23,712200,upi,0,0,setl_9ziplehvmcpcg3,captured
pay_p660bfpldy0e4i,order_kyx568sba9c2b4,2026-03-12 16:04:08,272700,upi,0,0,setl_pjr716gfgceh8w,captured
pay_d90n3f14ny4xl3,order_6cfgaydion0pvm,2026-01-01 11:52:44,43500,wallet,957,172,setl_2lzlm5imf0kd5q,captured
pay_o30h25shj94epu,order_jrxw5xc97o7dem,2026-02-26 20:23:57,88300,upi,0,0,setl_t8widn28c970o0,captured
pay_mn4vs9p6uciiv2,order_9hrp64hrlgdxem,2026-02-26 09:16:34,33500,upi,0,0,setl_t8widn28c970o0,captured
pay_zzpglqsk1e6cmm,order_3sixi5in0o4quc,2026-03-14 21:09:45,889700,card,17794,3203,setl_ob1zbkbpqox76q,captured
pay_4dmcwtozdxggy0,order_jymxjp5l9f6sy9,2026-02-07 07:00:56,67100,card,1342,242,setl_x9629fsv80nszb,captured
pay_9u48nqb10b58r6,order_rfuv0xxi3tx2pb,2026-03-22 18:59:09,87800,upi,0,0,setl_lkgzbjhy4tfgax,captured
pay_lv72mfwdags592,order_apyx32vx3k5isi,2026-01-14 15:51:08,55300,upi,0,0,setl_opdcf6j5wixc2v,captured
pay_mjdpd0svcsu2es,order_tod66tk9qog0w2,2026-03-14 13:01:20,57500,card,1150,207,setl_ob1zbkbpqox76q,captured
pay_8gri5t8cocjac8,order_0xfivd0w2260mz,2026-03-06 11:08:09,108000,upi,0,0,setl_8rcowtf1l5jtt6,captured
pay_2t1f2gel5mk705,order_08zyh81vw94nrs,2026-03-05 19:51:24,50900,upi,0,0,setl_1pprr34her4zyz,captured
pay_qdhhfm3cz7ih61,order_xq8pxmq3tw3fvv,2026-02-24 06:08:35,102100,upi,0,0,setl_dlrkavuq1t51a1,captured
pay_pkmll8c45bq13v,order_qwz4tztpn6fe2u,2026-01-27 06:20:04,61500,card,1230,221,setl_lmc6qbtpgvhqfs,captured
pay_388ofncjpauk9t,order_dpqcpfpdrf70fj,2026-01-05 08:50:55,122500,upi,0,0,setl_jb4iycka7ebxm4,captured
pay_5f6v0xhjsl6xjk,order_0cyv6ev2j2j6v6,2026-03-29 15:31:16,147200,card,2944,530,setl_wqkvxto3gxvlu7,captured
pay_hvodrngu1gynwb,order_37txrej6y0mxpg,2026-02-15 06:52:40,396300,netbanking,7530,1355,setl_9hpnkvdkx29mhx,captured
pay_ofnialeftcrw00,order_m0zy9jxzzn8736,2026-03-13 08:25:11,34500,netbanking,656,118,setl_ob1zbkbpqox76q,captured
pay_dml81vw4pzcq2u,order_uuq35dzwyy4jso,2026-01-17 22:50:20,125400,upi,0,0,setl_jrm8iuv8pwnbst,captured
pay_ivypnuak5pud11,order_ws4kj88g46lg3s,2026-03-05 13:58:59,77500,upi,0,0,setl_1pprr34her4zyz,captured
pay_krp7rn5pfnx6pb,order_81tkh0r7q3etyt,2026-02-13 20:41:39,123500,card,2470,445,setl_9hpnkvdkx29mhx,captured
pay_xlc7poere16t9r,,2026-01-23 14:12:42,35100,upi,0,0,setl_pe6faz7kvftyvi,captured
pay_srch6zr9o6j6ip,order_mkqdiu34fbhfye,2026-01-20 17:30:41,544600,upi,0,0,setl_i1ppblfh8tj5m7,captured
pay_1upmy75gwt0mbk,order_u3tzg5ierqz98i,2026-02-12 20:48:36,42700,card,854,154,setl_blfhrgh8cu53a4,captured
pay_isthwqflor4zi6,order_4njtruufsoucpi,2026-03-06 19:19:33,48300,upi,0,0,setl_8rcowtf1l5jtt6,captured
pay_2xpfu2650dmxoh,order_xiyxwqb0txsnxe,2026-02-24 22:01:56,257200,upi,0,0,setl_dlrkavuq1t51a1,captured
pay_edadpt05qypo91,order_t4n59w89xl61nw,2026-02-10 18:42:21,31400,upi,0,0,setl_ex4ek002gc2r1u,captured
pay_sehh7fl8ijnjv0,order_i6mnvu50wp34y2,2026-02-08 16:45:53,573000,upi,0,0,setl_x9629fsv80nszb,captured
pay_xfpw70fzj38007,order_77fx6l7z0bfvst,2026-01-09 07:35:28,42400,card,848,153,setl_h9o3muublta3bw,captured
pay_k34pru4jzepgxn,order_eu58y9f7tqsmyb,2026-02-28 16:07:02,42300,upi,0,0,setl_wg96a9tv3603ep,captured
pay_oflnzsoggqd3q7,order_y9tzsyded5rbsw,2026-02-17 19:56:57,69300,netbanking,1317,237,setl_9994rz2os2zywh,captured
pay_jm0yq71ckn1n43,order_koozgsj1hb8dle,2026-01-29 13:44:36,97300,upi,0,0,setl_j502p555prthl8,captured
pay_30hq2q8e544fg5,order_z1ga6j2u15s5mz,2026-03-24 09:31:06,34300,upi,0,0,setl_bjuqk7c3un19bl,captured
pay_t3pow0oz6js406,order_z0wj3r77lmiyjv,2026-01-29 11:41:22,50400,upi,0,0,setl_j502p555prthl8,captured
pay_exfw3i9nuhf71o,order_j6m6qkuxw4yuze,2026-01-03 20:15:56,53000,card,1060,191,setl_wepzs7szuqc9f6,captured
pay_djcakhbxagpna1,order_ezyfpqgl2x6ami,2026-03-10 08:11:02,39800,card,796,143,setl_cy02355rxf3dgx,captured
pay_pjry2ri0p0cyo3,order_nhovda5ygjvqqc,2026-02-22 22:05:17,702600,card,14052,2529,setl_qal9h36vfum300,captured
pay_qgjrk90oy0cvdo,order_wg8fnnbrh52emj,2026-02-22 16:39:11,111300,upi,0,0,setl_qal9h36vfum300,captured
pay_x0vukhuqst0tz9,order_4pjkvvzwswuu72,2026-03-15 21:17:26,271500,upi,0,0,setl_ob1zbkbpqox76q,captured
pay_dfx2qv92s4d24a,order_izw6j7h2kq5wj3,2026-03-17 16:24:48,48600,card,972,175,setl_nf76s64rcbd6hk,captured
pay_0dyb3qanehcqtp,order_ntbl5jv1o2n361,2026-03-30 16:27:27,391300,upi,0,0,setl_j85ptu7k9no41z,captured
pay_9ce3k9pr3ds954,order_thcs0wtzf8kt3j,2026-02-26 21:22:46,292200,card,5844,1052,setl_t8widn28c970o0,captured
pay_xirwx67kuoeuxs,order_fyufcf6q590c7x,2026-01-16 06:18:13,73600,card,1472,265,setl_jrm8iuv8pwnbst,captured
pay_mtwrq5cmf0a7wg,order_0xkc3bugzkloyo,2026-02-19 19:28:33,294200,upi,0,0,setl_57dkr8we1ld4hf,captured
pay_8gdibyq42n4i2r,order_lvgbd3icomohx5,2026-01-17 19:13:54,69300,upi,0,0,setl_jrm8iuv8pwnbst,captured
pay_v2ik8ux1d2nuvm,order_by9hwk353sal65,2026-01-26 10:26:19,29900,upi,0,0,setl_r7od0iq6cc73mp,refunded
pay_xru8urve7ng726,order_9xugen3kuv4lth,2026-01-23 18:44:28,47700,wallet,1049,189,setl_pe6faz7kvftyvi,captured
pay_tloy9pq9y3mmug,order_jinx08vg1oxx3q,2026-02-28 14:04:52,119700,card,2394,431,setl_wg96a9tv3603ep,captured
pay_jfyzbiuq0ua9ua,order_xvho9b5q6urtpt,2026-01-04 12:48:33,131600,upi,0,0,setl_wepzs7szuqc9f6,captured
pay_o9b8ig483kp70e,order_enlapi92ls13es,2026-03-06 14:08:40,727400,upi,0,0,setl_8rcowtf1l5jtt6,captured
pay_jc5t3cwl83xwdv,order_tzm9qn4d5aw06u,2026-03-16 21:18:30,63800,upi,0,0,setl_9ziplehvmcpcg3,captured
pay_6zrvhkqztrrga1,order_vlr2n9gtxnv2oo,2026-01-11 11:49:42,82300,upi,0,0,setl_h9o3muublta3bw,captured
pay_tz3cyjprbauiwy,order_oxinqz6jqm3a9w,2026-03-04 21:30:46,135100,card,2702,486,setl_id6lid416qfq61,captured
pay_xi8vhl1qt12vdi,order_cfkx9t2886zgg4,2026-01-13 11:26:49,31300,netbanking,595,107,setl_svzb0gabvczqv4,captured
pay_n2n4fahiclir19,order_mjfti41dektwih,2026-03-25 13:03:35,219900,upi,0,0,setl_d932kldoq526i0,captured
pay_semsztzv7goylu,order_b6ezcrkzy64nz2,2026-03-21 20:18:38,98600,upi,0,0,setl_lkgzbjhy4tfgax,captured
pay_xxkfx3o5rffr53,order_goc0im2fr0661e,2026-03-14 21:29:16,603000,card,12060,2171,setl_ob1zbkbpqox76q,captured
pay_cpo9rmzyuxkgvp,order_niit42ylbvxmg2,2026-01-20 16:27:29,39000,upi,0,0,setl_i1ppblfh8tj5m7,captured
pay_xibt0pkkevctuz,order_szvewvy2abzsxu,2026-01-18 07:06:10,54000,wallet,1188,214,setl_jrm8iuv8pwnbst,captured
pay_csirx1yl4sj670,order_x77yn1fkq9y4l8,2026-01-12 22:28:33,63900,upi,0,0,setl_9ein7jcd4rdl3a,captured
pay_abcmvzrhvmqaei,order_na5y9jckmyuicx,2026-02-27 08:15:11,87100,netbanking,1655,298,setl_wg96a9tv3603ep,captured
pay_nlumoazgyri6qi,order_xzxag4j9qvu4v0,2026-03-23 07:41:08,213200,card,4264,768,setl_ihlz60xnvw9v27,captured
pay_nprbv0p5qnmu7k,order_74by43sshpbu6c,2026-02-26 07:37:34,89700,upi,0,0,setl_t8widn28c970o0,captured
pay_xbf70jf1x7n0dx,order_ch92vt8vvz5tr6,2026-03-25 06:08:14,201500,netbanking,3829,689,setl_d932kldoq526i0,captured
pay_xjnb7z5fj9whrg,order_3r5li469b5s5lz,2026-03-09 15:40:16,53900,upi,0,0,setl_6qsiife23ixpuu,captured
pay_dftbfu04ph9trr,order_h1xw36w6ooswl4,2026-01-10 21:30:56,68300,upi,0,0,setl_h9o3muublta3bw,captured
pay_g8a6bqnpyvlgs9,order_cc179kf2fkclcv,2026-02-24 08:17:25,308200,upi,0,0,setl_dlrkavuq1t51a1,captured
pay_22f3chq0o9sdcj,order_fwflsm14dvwmxc,2026-03-07 09:06:42,62300,upi,0,0,setl_8rcowtf1l5jtt6,refunded
pay_svtp9ec4i98tab,order_v27bf9gh1unnsk,2026-01-29 10:40:44,645700,upi,0,0,setl_j502p555prthl8,captured
pay_dm1dcx4wrzmjvy,order_ldmfoic9i3pw7n,2026-02-20 17:00:27,776300,upi,0,0,setl_qal9h36vfum300,captured
pay_m07n6a852ddwsk,order_eky0801r0rys0q,2026-02-09 17:41:39,51600,upi,0,0,setl_s4l1ku1vti53ru,captured
pay_pnpeu5h66rmufj,order_rk4994sies0y5z,2026-02-01 07:18:15,728700,wallet,16031,2886,setl_4sse8tbudyqcih,captured
pay_4ncwvntys6tnk2,order_xzmqyf0ep7muo5,2026-02-26 14:22:59,32200,upi,0,0,setl_t8widn28c970o0,captured
pay_qlhonorxckgw5u,order_lrw4hhg38hr6z0,2026-02-24 16:26:01,181700,wallet,3997,719,setl_dlrkavuq1t51a1,captured
pay_fkfttmjoesucmd,order_govqbctp71y5io,2026-01-31 15:11:26,58200,upi,0,0,setl_4sse8tbudyqcih,captured
pay_knaixpjw30d6n4,order_u0sm5hz6eeewjo,2026-02-04 12:43:48,452000,upi,0,0,setl_loeej8p0363err,captured
pay_l4rzy677h0keaw,order_mbgy2pnynws3pj,2026-03-11 20:32:55,115200,wallet,2534,456,setl_mi7tt2ol7lcfi6,captured
pay_7g1ndoh4ziuqsq,order_25d72qzd077vrs,2026-03-02 06:29:45,50300,upi,0,0,setl_gxt8aimmy71t26,captured
pay_p2ofkzsma5pxzz,order_0bxvahm340i4zs,2026-03-17 20:46:29,500100,upi,0,0,setl_nf76s64rcbd6hk,captured
pay_1ym4yeojq5iq3y,order_dun3qwj0uhrkve,2026-01-10 20:19:01,70700,card,1414,255,setl_h9o3muublta3bw,captured
pay_s1nt11jvfbbnte,order_0ceh8w2jvxqju5,2026-03-29 09:19:14,199100,upi,0,0,setl_wqkvxto3gxvlu7,captured
pay_zqq1aqjrtgfubm,order_xjb2uuy0h0gpzd,2026-03-20 06:52:26,49800,netbanking,946,170,setl_lkgzbjhy4tfgax,captured
pay_xrmq7dreah2rrd,order_qjn63nyp1yjte8,2026-01-07 06:01:11,76000,upi,0,0,setl_jde75ge9flap8q,captured
pay_h3rts0kvhksfov,order_kzsgowdknhxjh5,2026-01-29 10:16:31,192400,upi,0,0,setl_j502p555prthl8,captured
pay_it4qbptdhnplbz,order_eg6iag5t0vxpxc,2026-03-01 14:48:25,45000,card,900,162,setl_wg96a9tv3603ep,captured
pay_e0keugmvfukrwv,order_r64eafm8883ohc,2026-03-09 09:12:40,34700,upi,0,0,setl_6qsiife23ixpuu,captured
pay_s9uto908v3gx0o,order_k6uomctbr7gcop,2026-01-20 13:24:38,78600,upi,0,0,setl_i1ppblfh8tj5m7,captured
pay_nu2tg47tbbfj56,order_wujhtp6xzvoory,2026-01-29 13:29:39,131800,upi,0,0,setl_j502p555prthl8,captured
pay_hxysrnysr1oqo3,order_s5w7r245vxxcyd,2026-01-23 12:36:06,42500,netbanking,808,145,setl_pe6faz7kvftyvi,captured
pay_t59gl0vsldswid,order_vybtcg3sihvwil,2026-02-03 08:05:40,59600,upi,0,0,setl_cb3atkunlhj9mi,captured
pay_6j5z78vo47s1pg,order_85fqrw0z9isjwq,2026-02-23 15:34:37,85500,upi,0,0,setl_2ejmt21xr8n21l,captured
pay_avfe9zd4bsrewb,order_z5j9ic4zm6rwcp,2026-03-24 10:02:12,52200,upi,0,0,setl_bjuqk7c3un19bl,captured
pay_nr01iuqu228w4a,order_7driva3ai7bwb6,2026-02-07 18:41:28,95600,upi,0,0,setl_x9629fsv80nszb,captured
pay_2ekzluqvhfq5rq,order_4c89ujza3une4f,2026-03-29 10:06:03,275200,wallet,5272,949,setl_wqkvxto3gxvlu7,captured
pay_6kfkwrnlxfcjcu,order_ylcgl0siqwsutx,2026-01-31 12:34:56,146500,upi,0,0,setl_4sse8tbudyqcih,captured
pay_ha1m1erpgguf2u,order_vw69hj9g384vd0,2026-02-06 08:46:53,60900,card,1218,219,setl_x9629fsv80nszb,captured
pay_9br4761uwlfkck,order_v5y0ypinzcs1vc,2026-02-22 10:46:52,39600,upi,0,0,setl_qal9h36vfum300,captured
pay_y12hvt24yopj99,order_bfc0ti2d1w483l,2026-01-13 20:04:08,530100,upi,0,0,setl_svzb0gabvczqv4,captured
pay_lpvty1uvj21u0z,order_kd7mldfft0iw0q,2026-03-17 09:14:50,620600,wallet,13653,2458,setl_nf76s64rcbd6hk,captured
pay_tmqnopcu7art02,order_cv63y3a0sb8j1f,2026-01-24 13:18:05,67100,card,1342,242,setl_pe6faz7kvftyvi,captured
pay_kcshj3xu2ogvxj,order_6g2v3r8nxod3zz,2026-02-28 11:25:15,228100,wallet,5018,903,setl_wg96a9tv3603ep,captured
pay_ql50scx2splkhq,order_eoyz2zhxvqdmuf,2026-03-13 10:40:08,348900,upi,0,0,setl_ob1zbkbpqox76q,captured
pay_rbnbjzgkzfo3jz,order_x37vqim4wvgn35,2026-03-25 06:19:31,51500,netbanking,979,176,setl_d932kldoq526i0,captured
pay_a69xltbvtf24xo,order_noy6ovzywo03ol,2026-01-04 13:44:41,146900,upi,0,0,setl_wepzs7szuqc9f6,captured
pay_f27xcf2azl3fn8,order_5pmv42i6o318g5,2026-02-02 22:59:25,42400,upi,0,0,setl_l3k3kfcno0zwp9,captured
pay_t694w26zp4a10g,order_h8k1pt17npl1me,2026-03-11 14:32:45,88200,card,1764,318,setl_mi7tt2ol7lcfi6,captured
pay_1hjorvgypslv5h,order_q9zfozzpxzz3xp,2026-02-23 21:59:24,139400,wallet,3067,552,setl_2ejmt21xr8n21l,captured
pay_3b7k89g9bvyznu,order_6b0kmsj0lhfwg0,2026-01-23 12:35:27,65800,card,1316,237,setl_pe6faz7kvftyvi,captured
pay_ruxb1jbv7mz0go,order_yirljxgypqiix8,2026-01-28 19:47:53,262100,upi,0,0,setl_nxu2v0awbwkxj5,captured
pay_32riagn7trnyus,order_ddd28vwykftqrh,2026-03-06 08:00:08,54900,card,1098,198,setl_8rcowtf1l5jtt6,captured
pay_u3i7fvabm8y3k2,order_h0dj5hy80f40ps,2026-01-13 12:08:54,140700,upi,0,0,setl_svzb0gabvczqv4,captured
pay_uhmkzoxfx10pr0,order_1avj8lle4vtnbg,2026-01-03 18:03:03,121600,card,2432,438,setl_wepzs7szuqc9f6,captured
pay_8frenu0slbqpye,order_ijqqtdrkm8g6ed,2026-01-01 08:58:07,78300,card,1566,282,setl_2lzlm5imf0kd5q,captured
pay_z3n8v9da8ge863,order_d811inod286oxm,2026-03-09 20:17:25,58100,upi,0,0,setl_6qsiife23ixpuu,captured
pay_8s5m6p3lsp4efs,order_eg0tq3l66iso56,2026-03-07 14:25:44,68100,upi,0,0,setl_8rcowtf1l5jtt6,captured
pay_uuoeatpahulws1,order_k8btvw7t0d3w9a,2026-01-17 20:24:40,141200,upi,0,0,setl_jrm8iuv8pwnbst,captured
pay_8j7byjzxxwkco2,order_ull8me9l9rxw03,2026-02-17 18:49:14,61700,upi,0,0,setl_9994rz2os2zywh,captured
pay_hg0tnja5byqjn1,order_kgybgwcqy5r14o,2026-02-26 18:10:37,58100,card,1162,209,setl_t8widn28c970o0,captured
pay_v2evrghrtwids9,order_ojxtsioubvu1s9,2026-02-11 19:30:49,55100,upi,0,0,setl_owvw9a3grfow7z,captured
pay_8annpls26gnbvp,order_8yd573a1jko65u,2026-01-01 17:23:54,70900,netbanking,1347,242,setl_2lzlm5imf0kd5q,captured
pay_pdqetigdbpi399,order_2xz3ppj28tshrw,2026-02-17 11:06:39,111700,netbanking,2122,382,setl_9994rz2os2zywh,captured
pay_hf0zxr4w68x279,order_kegmour953n3kr,2026-02-23 06:47:01,153600,upi,0,0,setl_2ejmt21xr8n21l,captured
pay_in3q5dhxun3bpv,order_57b5l0h52v040f,2026-01-29 14:15:43,128300,upi,0,0,setl_j502p555prthl8,captured
pay_ud912gnumr1zbu,order_pl0b8co0ogootp,2026-01-31 18:56:10,810300,card,16206,2917,setl_4sse8tbudyqcih,captured
pay_qydr2xo48gqkpu,order_46cz7v9m2leckq,2026-02-10 19:28:39,103500,card,2070,373,setl_ex4ek002gc2r1u,captured
pay_mj3ykcp3v6j4oh,order_7kimom9poloulz,2026-01-29 08:05:35,631100,upi,0,0,setl_j502p555prthl8,captured
pay_abvsiwyhvdtzn5,order_zix6ghyb2fm2ww,2026-03-22 12:17:35,38600,card,772,139,setl_lkgzbjhy4tfgax,captured
pay_xq3remwfba69o8,order_m5jnwq9quba6u3,2026-01-21 14:32:39,346700,upi,0,0,setl_7u76rb7en0399o,captured
pay_ulkm7mimvq57y1,order_j4qplc7aadyvdn,2026-02-26 09:33:37,112000,wallet,2464,444,setl_t8widn28c970o0,captured
pay_b7tngnfl4y8o5k,order_vrolkvjx318xxq,2026-03-03 06:25:32,59200,upi,0,0,setl_s36ohm15574nxh,captured
pay_sprdsusjggu3ra,order_qlr530k3k2rbrw,2026-01-14 06:35:17,86100,upi,0,0,setl_opdcf6j5wixc2v,captured
pay_zc3ymuvc5geawj,order_hzh7jbjkgbg81d,2026-01-04 15:32:01,471100,upi,0,0,setl_wepzs7szuqc9f6,captured
pay_3z02mja2fthbwr,order_fm5swjaq6ji3g2,2026-01-02 17:38:37,78600,upi,0,0,setl_wepzs7szuqc9f6,captured
pay_rv36wm4j2r2iah,order_hrwczti9l6ibdu,2026-02-09 21:07:50,71500,wallet,1573,283,setl_s4l1ku1vti53ru,captured
pay_4k07nuekir4r0y,order_cnshpgr06mg6qj,2026-02-27 20:21:49,197300,card,3946,710,setl_wg96a9tv3603ep,captured
pay_l9vtstwfc8bchy,order_k4q9aiyj4dae63,2026-01-04 18:06:38,44100,upi,0,0,setl_wepzs7szuqc9f6,captured
pay_g67vip0ipl6x26,order_c78niy35ex8mij,2026-03-29 14:19:06,98700,upi,0,0,setl_wqkvxto3gxvlu7,captured
pay_l1tywq5parvhw5,order_fis1pnb0d74728,2026-03-31 06:47:50,70600,card,1412,254,setl_63hjwsjao5sf4p,captured
pay_d11d8bghwskyvv,order_gjv7wey3u0gaxh,2026-01-15 06:35:39,121900,netbanking,2316,417,setl_grv7k1qff39825,captured
pay_rs7xrsulfjrbwa,order_frepbko8gsk593,2026-03-26 15:24:16,30000,netbanking,570,103,setl_86tilepkwugepq,captured
pay_zqb4nfni897muj,order_736bf7hnbh1je5,2026-03-10 19:18:54,58300,wallet,1283,231,setl_cy02355rxf3dgx,captured
pay_vdwfl3q9fsuveo,order_gzohkrpm2rqqns,2026-01-22 22:15:43,54000,card,1080,194,setl_olhoefx33wper0,captured
pay_1j1zfz15hkqpr1,order_2v0vf3tj05t6bm,2026-02-01 13:45:29,72500,upi,0,0,setl_4sse8tbudyqcih,captured
pay_21z4l524ng8ael,order_vormnn2iilbx0d,2026-01-12 11:44:21,71000,wallet,1562,281,setl_9ein7jcd4rdl3a,captured
pay_bos9symyh0v78a,order_a8z3moc7xg9f5b,2026-02-24 10:47:03,330100,upi,0,0,setl_dlrkavuq1t51a1,captured
pay_rjs4yo8ddkb410,order_i8yvqvlo43tyv5,2026-02-24 18:22:36,141300,wallet,3109,560,setl_dlrkavuq1t51a1,captured
pay_bijpgz1yyrpx9j,order_ul4f3zcwk87t3i,2026-02-10 19:17:27,117200,card,2344,422,setl_ex4ek002gc2r1u,captured
pay_1w78l2bwbr08xd,order_q226bs7xsj1qng,2026-01-15 17:27:36,67100,upi,0,0,setl_grv7k1qff39825,refunded
pay_0yej1z58x6gjel,order_bmdo2tiw59qkbf,2026-01-01 14:27:38,164200,upi,0,0,setl_2lzlm5imf0kd5q,captured
pay_vibkd86bkohshp,order_1a3jk5qhylgdi9,2026-03-23 10:30:02,55200,upi,0,0,setl_ihlz60xnvw9v27,captured
pay_hifaak0p0ed98o,order_32f6k0k0nytyx2,2026-02-23 20:47:10,119500,upi,0,0,setl_2ejmt21xr8n21l,captured
pay_zzgmdtjleflch7,order_uzxnz8jstoq95r,2026-03-19 18:06:36,39300,upi,0,0,setl_hjydfszyf4rzmu,captured
pay_hji1hptvekf1lb,order_qvffom62m994xe,2026-02-09 22:04:21,102100,upi,0,0,setl_s4l1ku1vti53ru,captured
pay_9idt4z8mxarw9m,order_q2s2xxa6s2ez56,2026-02-17 20:02:42,151800,upi,0,0,setl_9994rz2os2zywh,captured
pay_qez5j26ru20d20,order_g39ri1lo0wvp3t,2026-03-02 10:57:36,80100,upi,0,0,setl_gxt8aimmy71t26,captured
pay_g0ooa0093mrgs4,order_u9na1ususxpvcu,2026-03-29 10:55:37,256900,upi,0,0,setl_wqkvxto3gxvlu7,captured
pay_akqeh0zj6rf480,order_xx4ntxxfv9lo7u,2026-03-09 10:24:58,116200,card,2126,383,setl_6qsiife23ixpuu,captured
pay_s41rea8njdj2lz,order_zowg5bu34rrgif,2026-02-21 13:47:55,325500,upi,0,0,setl_qal9h36vfum300,captured
pay_gfh0sd51bb9mkf,order_eh0x9g8oeetefr,2026-01-30 16:51:48,88700,card,1774,319,setl_4sse8tbudyqcih,captured
pay_seh63nopfb6kkl,order_j8mtmk5qlpurf6,2026-02-06 08:19:46,222500,netbanking,4228,761,setl_x9629fsv80nszb,captured
pay_qvf0ev4uuzqhv9,order_mbc2cf6kvhzpu5,2026-01-18 16:39:33,148700,card,2974,535,setl_jrm8iuv8pwnbst,refunded
pay_mk6m8h5igxe4ek,order_fz92lsa6lkwuek,2026-02-08 17:20:15,34100,upi,0,0,setl_x9629fsv80nszb,refunded
pay_xaspnnxb2lrkkj,order_qr8h1gfdpqduah,2026-01-29 21:52:52,88900,card,1778,320,setl_j502p555prthl8,captured
pay_weehqwiyuenyw1,order_yftejg70x6m9hk,2026-01-21 15:39:46,64100,upi,0,0,setl_7u76rb7en0399o,captured
pay_wigho9g4pto6r6,order_utycrj59eqwpdb,2026-02-19 21:17:27,38100,card,762,137,setl_57dkr8we1ld4hf,captured
pay_q9rfghf0me44dh,order_ovfy1lamng9dss,2026-02-24 11:10:25,46000,card,920,166,setl_dlrkavuq1t51a1,captured
pay_95bndoo8sdjsrm,order_tyh7rj4jm2j5rt,2026-03-04 18:54:11,33200,card,664,120,setl_id6lid416qfq61,captured
pay_rbwb85qeepvfp6,order_krmxcf7s8tg4xp,2026-01-08 08:04:12,44600,netbanking,847,152,setl_xx3zh6x38f6k9i,captured
pay_1w2djttk7gavec,order_8q6v1gx1m8wi0b,2026-03-26 14:20:48,93400,upi,0,0,setl_86tilepkwugepq,captured
pay_h63cyfzhtar44m,order_1o6sxhgejdo0dq,2026-01-26 18:03:46,158200,upi,0,0,setl_r7od0iq6cc73mp,captured
pay_ddcteqd6rggjl7,order_e5z41lj805il8a,2026-03-04 16:29:28,107700,upi,0,0,setl_id6lid416qfq61,captured
pay_k3m49mslvipoxt,order_sl2n92i8kyr7kr,2026-02-02 13:53:47,71700,upi,0,0,setl_l3k3kfcno0zwp9,captured
pay_on1uadv509ry5w,order_7yeu4l29fu3o33,2026-01-26 13:47:35,125700,netbanking,2388,430,setl_r7od0iq6cc73mp,captured
pay_l4zo7lsmywails,order_nsi2el2eii7hs4,2026-01-03 19:44:56,69300,card,1386,249,setl_wepzs7szuqc9f6,captured
pay_izf2gadihhsrh9,order_qrt6fh8ni01q3i,2026-03-02 22:27:04,562900,card,11258,2026,setl_gxt8aimmy71t26,captured
pay_fjz52mu8wr3mg3,order_guvqolvspt1sja,2026-01-01 13:42:10,257600,upi,0,0,setl_2lzlm5imf0kd5q,captured
pay_4y3cr3ura5bng8,order_h28wx1dzmnc065,2026-01-13 12:29:13,53200,upi,0,0,setl_svzb0gabvczqv4,captured
pay_z54xoks0tc1zhl,order_f101fq03kgwhmy,2026-01-20 12:21:31,104000,upi,0,0,setl_i1ppblfh8tj5m7,captured
pay_2xu663d6mhaiy0,order_4ztfxgupt3h5y6,2026-01-20 17:43:36,52900,upi,0,0,setl_i1ppblfh8tj5m7,captured
pay_hd9vtq9imqem79,order_vxxtbpd24t1o0n,2026-02-16 07:10:37,148600,upi,0,0,setl_hyo0coscm1600j,captured
pay_68r6et5wk589wl,order_t8tdisua52zfes,2026-03-05 12:33:02,117700,upi,0,0,setl_1pprr34her4zyz,captured
pay_ye2cuzu8q09pc3,order_fx5frn72ngc0ih,2026-02-27 17:21:56,332400,wallet,7313,1316,setl_wg96a9tv3603ep,captured
pay_fdt3m7c5ncvj5e,order_j21s1oazr81573,2026-02-26 15:26:20,67500,upi,0,0,setl_t8widn28c970o0,captured
pay_5bjt236sil59fn,order_kdh4j3oowm71pm,2026-01-20 21:49:30,159900,netbanking,3038,547,setl_i1ppblfh8tj5m7,captured
pay_64uamb67zsi6tc,order_i764we700or9g0,2026-02-25 22:06:37,40600,upi,0,0,setl_fjubwhj4nuw113,captured
pay_27ookktaszs036,order_loq230fq9uczac,2026-03-04 08:30:37,142100,upi,0,0,setl_id6lid416qfq61,captured
pay_aqq35nqyt08mfr,order_iw37xvwr4gnbsh,2026-03-12 21:28:27,145200,upi,0,0,setl_pjr716gfgceh8w,captured
pay_y4qdd7x8q96vws,order_2yes5y6a10g2u7,2026-03-24 07:12:57,599900,wallet,13198,2376,setl_bjuqk7c3un19bl,captured
pay_wbw3j61lfqc344,order_w6ghb3g3osw8ru,2026-02-17 15:09:29,54800,netbanking,1041,187,setl_9994rz2os2zywh,captured
pay_uj03n7t8apns03,order_eyndqvnibazoew,2026-03-07 12:30:34,45400,upi,0,0,setl_8rcowtf1l5jtt6,captured
pay_hi7ohw7jccsrdt,order_35mvjaavt4hznk,2026-03-13 07:27:19,145900,card,2918,525,setl_ob1zbkbpqox76q,captured
pay_ran1vrvdjqeqmp,order_2zmt8yjwz1k49s,2026-02-12 11:56:17,72200,card,1444,260,setl_blfhrgh8cu53a4,captured
pay_fsc9eis2sp018j,order_p32l9fp7ag39k6,2026-03-01 20:40:11,61400,upi,0,0,setl_wg96a9tv3603ep,captured
pay_jk9ud5wz7msg0w,order_jpmi242g9ancqu,2026-02-19 10:43:43,58200,card,1164,210,setl_57dkr8we1ld4hf,captured
pay_eyhkm4j6n4n9vo,order_rc22w1ms9brd3x,2026-01-04 07:30:15,31700,upi,0,0,setl_wepzs7szuqc9f6,captured
pay_2kz2ypd4i2ngpx,order_yy9molpmlrxhga,2026-03-24 06:43:00,111600,upi,0,0,setl_bjuqk7c3un19bl,captured
pay_pwrwjausypuxhw,order_r340xlun7ttja0,2026-02-18 10:03:32,484600,wallet,10661,1919,setl_marwnoou4khb0k,captured
pay_aahzo57ck6lp8g,order_myuf2vricz4ypu,2026-01-31 06:38:46,253200,upi,0,0,setl_4sse8tbudyqcih,captured
pay_yha2u9hqzrv1gv,order_ykpk85lsellf1k,2026-02-22 15:18:16,348600,upi,0,0,setl_qal9h36vfum300,refunded
pay_b1fvoo2gvbwrxv,order_hh5k1sr6hc56fj,2026-01-14 06:40:03,345800,card,6916,1245,setl_opdcf6j5wixc2v,captured
pay_9h7b99hzjabzjm,order_2pzehalizocxor,2026-03-17 18:11:53,42200,upi,0,0,setl_nf76s64rcbd6hk,captured
pay_wtdoycd0rw76e0,order_2ft176q1hh31c0,2026-02-10 21:46:07,218800,upi,0,0,setl_ex4ek002gc2r1u,captured
pay_v5jp6rloxrnih2,order_3kr6pic4a6j1ae,2026-02-04 10:39:29,89100,card,1782,321,setl_loeej8p0363err,captured
pay_63f2miadh5my6x,order_i5obpz2dxmxelh,2026-03-16 20:01:12,312700,netbanking,5941,1069,setl_9ziplehvmcpcg3,captured
pay_xuafmnpevrxw8r,order_0frpkmdp6x1geh,2026-03-27 11:26:32,491100,upi,0,0,setl_wqkvxto3gxvlu7,captured
pay_nuijkvj3qwgwym,order_dyfcn1kfnjh9gk,2026-02-08 10:14:42,100600,upi,0,0,setl_x9629fsv80nszb,captured
pay_3bkvn76ni670ji,order_vdpkq592ir8rrd,2026-02-11 06:47:50,308800,netbanking,5867,1056,setl_owvw9a3grfow7z,captured
pay_hl73xw4chif1yr,order_gkiui2vv7p4m8h,2026-02-08 06:25:42,83700,upi,0,0,setl_x9629fsv80nszb,captured
pay_r9cuw9d2rprvm7,order_1hndwzkx9jq22d,2026-03-06 15:00:24,233900,upi,0,0,setl_8rcowtf1l5jtt6,captured
pay_j82cw7cryv7uxz,order_248yymmlg7p9c0,2026-01-06 08:42:57,56600,upi,0,0,setl_8zu1ktsnub3qzg,captured
pay_swn2ndh19wc8ra,order_aw0imb6l49op4u,2026-03-17 16:32:56,70600,upi,0,0,setl_nf76s64rcbd6hk,captured
pay_9942x0eariaheo,order_23xt45hhnowrxo,2026-01-23 15:00:27,85400,upi,0,0,setl_pe6faz7kvftyvi,captured
pay_tgdd9ui75es6os,order_w3z3t9jx3t44du,2026-02-07 18:17:55,138900,card,2778,500,setl_x9629fsv80nszb,captured
pay_o71iduo19bps03,order_05i0l1uns5xcix,2026-01-31 09:45:55,61100,upi,0,0,setl_4sse8tbudyqcih,captured
pay_al0cyif891l5sj,order_opbtqqwsw4dxyk,2026-02-06 12:32:55,71800,upi,0,0,setl_x9629fsv80nszb,captured
pay_fxjm9378hr6pyf,order_fds4ghhkat4vrf,2026-01-21 13:11:41,74200,card,1484,267,setl_7u76rb7en0399o,captured
pay_mt3kbmav7882c8,order_2zfuk4hxtpplhj,2026-03-01 07:27:10,95500,upi,0,0,setl_wg96a9tv3603ep,refunded
pay_7ek5mnoe2vid3f,order_bohxir4ngduj9b,2026-01-24 11:31:46,135100,netbanking,2567,462,setl_pe6faz7kvftyvi,captured
pay_0tpjvf4iy7w7gm,order_d0aqacgh6mny6u,2026-01-30 11:21:44,99800,upi,0,0,setl_4sse8tbudyqcih,captured
pay_60ebwe21qybjot,order_o1mh2903vfo324,2026-01-19 11:48:19,375100,upi,0,0,setl_ckovgkmddyvf20,captured
pay_itgjdulldcfdre,order_wyfnros5s2ibxb,2026-01-14 11:20:12,79900,card,1598,288,setl_opdcf6j5wixc2v,captured
pay_4w8o9b54zcpe9v,order_c2n3ht73stf32p,2026-02-23 18:02:55,73700,upi,0,0,setl_2ejmt21xr8n21l,captured
pay_wez5kqsclkivga,order_qxs9e57fal39f5,2026-03-19 17:43:42,169900,upi,0,0,setl_hjydfszyf4rzmu,captured
pay_eq5ra4td3xe3xf,order_o5b5qo5jwpquq9,2026-01-29 15:54:12,130200,card,2604,469,setl_j502p555prthl8,captured
pay_3lmt5an9pb7qxt,order_6x7bkacgwvs5j2,2026-03-20 06:15:17,40800,upi,0,0,setl_lkgzbjhy4tfgax,captured
pay_gr6wi1meb11iw9,order_z3ys3veswbb76c,2026-01-10 16:07:25,38800,upi,0,0,setl_h9o3muublta3bw,captured
pay_z6zixu89i4z7d0,order_s4t6y0p95216gt,2026-03-14 16:43:10,46700,upi,0,0,setl_ob1zbkbpqox76q,captured
pay_9pl3k2ropq1sy0,order_xu8xpzw84dh2h9,2026-03-15 13:50:26,40600,upi,0,0,setl_ob1zbkbpqox76q,captured
pay_xiyvw6mx2hmwub,order_1867xgky65s8ce,2026-02-14 14:56:04,57300,upi,0,0,setl_9hpnkvdkx29mhx,captured
pay_pjse4hzna01k1m,order_acw27096d9oxmp,2026-02-14 20:43:01,138100,wallet,3038,547,setl_9hpnkvdkx29mhx,captured
pay_ot55ul45pkq0gg,order_6ks9k7vxpvp55n,2026-02-26 06:33:50,68900,upi,0,0,setl_t8widn28c970o0,captured
pay_cbbb6fmyo202ka,order_ze5v0vnbcvdo1o,2026-01-29 08:27:03,43500,upi,0,0,setl_j502p555prthl8,captured
pay_3nf7fro3b78p74,order_fhf8hn3naqk7d9,2026-03-13 20:39:30,37900,upi,0,0,setl_ob1zbkbpqox76q,captured
pay_4j2lnsws9tcfi1,order_jja64w7wuzaotg,2026-03-15 07:04:55,553900,netbanking,10524,1894,setl_ob1zbkbpqox76q,captured
pay_4shmq5xn8kap0g,order_69k26pee1vt97z,2026-02-11 08:05:02,76100,upi,0,0,setl_owvw9a3grfow7z,captured
pay_2rc3on8ph1cbzt,order_z2b2t5v2k8floy,2026-02-13 09:33:48,352700,upi,0,0,setl_9hpnkvdkx29mhx,captured
pay_41dwrtcsnl8li6,order_9ogbjv201xpsoj,2026-03-27 11:37:30,35300,card,706,127,setl_wqkvxto3gxvlu7,captured
pay_stcja5wudeswaf,order_eueilfhdhin981,2026-03-17 21:28:36,41500,netbanking,789,142,setl_nf76s64rcbd6hk,captured
pay_nkpr5lrwv7f7up,order_jz03tyqmy345mw,2026-02-26 14:03:52,60400,upi,0,0,setl_t8widn28c970o0,captured
pay_0ovvh0own38ext,order_427cq3ek8isekv,2026-02-04 15:45:33,103100,upi,0,0,setl_loeej8p0363err,captured
pay_wtz5lk7jal7d7c,order_b18qtf6hifg00w,2026-03-15 16:09:44,41700,wallet,917,165,setl_ob1zbkbpqox76q,captured
pay_e65mf5iix6y23h,order_c0cu05lzpziiea,2026-01-04 16:10:50,34500,upi,0,0,setl_wepzs7szuqc9f6,captured
pay_wby3hds34d7lfs,order_9qwk2ug1sul3kl,2026-03-11 12:34:06,402500,card,8050,1449,setl_mi7tt2ol7lcfi6,captured
pay_x9wm6k4x67x6dm,order_o5nznco5jdm1iw,2026-01-25 13:59:29,62100,wallet,1366,246,setl_pe6faz7kvftyvi,refunded
pay_ylgw75wbf0myov,order_z6qled9jqstpx4,2026-02-21 18:35:06,98700,card,1974,355,setl_qal9h36vfum300,captured
pay_vc30jy5f6z9m1w,order_yt0ojbnfbamw8j,2026-03-22 16:22:35,50900,card,1018,183,setl_lkgzbjhy4tfgax,captured
pay_fj8q3kvcqyxj1s,order_yey63qla53g9jp,2026-02-21 18:46:55,86700,card,1734,312,setl_qal9h36vfum300,captured
pay_kza5fotawdy0jm,order_okelqe0p2ng06m,2026-03-10 07:46:42,113300,upi,0,0,setl_cy02355rxf3dgx,captured
pay_97r29kjq1ogu0e,order_gwi6p0zp6th7gu,2026-03-30 06:37:36,55400,card,1108,199,setl_j85ptu7k9no41z,captured
pay_d61dgo14aonr9g,order_kklj0xqkh89ep0,2026-01-16 22:30:41,54400,upi,0,0,setl_jrm8iuv8pwnbst,captured
pay_9mied7ck2vzgx5,order_dgsb9x3t639fdz,2026-02-13 07:32:35,136300,netbanking,2590,466,setl_9hpnkvdkx29mhx,captured
pay_shvzzq98t26sn2,order_s3n6gwdz8jbbvb,2026-01-09 12:52:16,76900,upi,0,0,setl_h9o3muublta3bw,captured
pay_ftfxivsni7cw52,order_s52qsdgegok8g7,2026-01-17 13:11:43,443100,upi,0,0,setl_jrm8iuv8pwnbst,captured
pay_qpnkks7et3lqkv,order_rs6oe06s2dk7wt,2026-02-15 15:14:58,138800,netbanking,2637,475,setl_9hpnkvdkx29mhx,captured
pay_pyl71xbp9eqwt6,order_ntrv8uzz3rypib,2026-01-28 07:38:09,34800,upi,0,0,setl_nxu2v0awbwkxj5,captured
pay_bradlebp6c2jng,order_wlqu3yqidvgt7j,2026-01-14 15:07:22,577300,upi,0,0,setl_opdcf6j5wixc2v,captured
pay_ma15qe8g387ljf,order_vwpfxmirg5259k,2026-01-07 07:05:44,119600,upi,0,0,setl_jde75ge9flap8q,captured
pay_p4hp6va7u7020u,order_wmvbgdzd1n7tu5,2026-03-19 15:20:42,47600,card,952,171,setl_hjydfszyf4rzmu,captured
pay_s3i44ut5jxsft4,order_0yw9vsl9caewba,2026-01-21 22:59:03,36800,upi,0,0,setl_7u76rb7en0399o,captured
pay_34vhtpgj0pb4y0,order_lbsa9uqb0si9bf,2026-02-08 14:55:03,40500,upi,0,0,setl_x9629fsv80nszb,captured
pay_npskuqwhl9lejv,order_jcqp0m1n0dwg65,2026-03-12 15:24:19,291300,upi,0,0,setl_pjr716gfgceh8w,captured
pay_a82dx7gno61yw2,order_hgyt37gunxnb6e,2026-03-15 20:33:13,44500,wallet,979,176,setl_ob1zbkbpqox76q,captured
pay_70yn1qh1p8tds8,order_trzvuqhfg439kb,2026-02-06 09:49:28,39700,card,794,143,setl_x9629fsv80nszb,captured
pay_l4st1pihdhfy3o,order_qm2mbugnx1pdzv,2026-03-31 18:34:57,855300,upi,0,0,setl_63hjwsjao5sf4p,captured
pay_fryhnzwn81j66z,order_t0q55utv0g973e,2026-02-23 22:07:55,34300,card,686,123,setl_2ejmt21xr8n21l,captured
pay_d3z1rvg5xk57te,order_tn1rktmsihzt6t,2026-03-29 15:12:08,65000,upi,0,0,setl_wqkvxto3gxvlu7,captured
pay_dw351ms7k653z4,order_fr09653u0hob01,2026-01-15 13:57:58,780700,upi,0,0,setl_grv7k1qff39825,captured
pay_rplt17ie1k8pwu,order_0wpmeh7ppk0efx,2026-03-03 10:59:50,68100,upi,0,0,setl_s36ohm15574nxh,captured
pay_7hloa3uoz0r3wf,order_k08kvj9tkv7gt0,2026-03-04 16:07:00,113400,netbanking,2155,388,setl_id6lid416qfq61,captured
pay_dxmx4i6gt4zx1r,order_lj2msduak6rkry,2026-02-08 22:45:55,75300,wallet,1657,298,setl_x9629fsv80nszb,captured
pay_hzbuzb3teihdbz,order_wdpnlf220rno8b,2026-01-06 21:17:17,104600,upi,0,0,setl_8zu1ktsnub3qzg,captured
pay_u5guljr2dbp2aj,order_npct1u31aybtxs,2026-03-31 14:53:45,36700,netbanking,697,125,setl_63hjwsjao5sf4p,captured
pay_o8nn1spfpu9feh,order_iltv9nbgpx6uj6,2026-02-27 09:08:28,61200,card,1224,220,setl_wg96a9tv3603ep,captured
pay_wyl9tq2fxqbojl,order_9pvrrp11epc2b6,2026-01-03 15:21:10,84000,upi,0,0,setl_wepzs7szuqc9f6,captured
pay_2htw5mkvsio20h,order_l5p2hgwplsm2ms,2026-02-06 19:43:15,150400,wallet,3309,596,setl_x9629fsv80nszb,captured
pay_5sdy3dh5nh8fuz,order_khll7j1v19ulb6,2026-01-13 06:42:15,61100,netbanking,1161,209,setl_svzb0gabvczqv4,captured
pay_q8wjrrf14kfx2b,order_kyps5rqwmzf1ew,2026-02-06 16:29:51,139000,upi,0,0,setl_x9629fsv80nszb,captured
pay_9ci72vwvq09gqo,order_cn7pd0u6uo5jbf,2026-01-13 13:59:31,35100,upi,0,0,setl_svzb0gabvczqv4,captured
pay_gfccelhl7j02xm,order_0comx22l7bu4f9,2026-02-17 20:16:49,86500,card,1657,298,setl_9994rz2os2zywh,captured
pay_ot8zdfsjkn6bze,order_jb7b2ht2j07wz6,2026-01-11 18:39:30,312400,upi,0,0,setl_h9o3muublta3bw,captured
pay_sqvbypt9owmq6c,order_f0jif69oppec49,2026-03-24 15:52:22,57000,wallet,1254,226,setl_bjuqk7c3un19bl,captured
pay_eag0tww6q489x2,order_2cjs67omizfof4,2026-02-12 13:17:55,52000,wallet,1144,206,setl_blfhrgh8cu53a4,captured
pay_ov26cy9qc08kss,order_mdkulr1gwa3apk,2026-03-24 09:08:02,82300,card,1646,296,setl_bjuqk7c3un19bl,captured
pay_gpt4d30gzuske8,order_ip5tjsjtnvcxp2,2026-02-12 16:43:42,148100,card,2962,533,setl_blfhrgh8cu53a4,captured
pay_0g2p2nnzjgvz4r,order_2rj4cp4mefxjae,2026-03-14 11:48:19,777800,upi,0,0,setl_ob1zbkbpqox76q,captured
pay_dhe0vtd9ozfghl,order_zmjd2x70ludfik,2026-02-28 21:45:47,93800,upi,0,0,setl_wg96a9tv3603ep,captured
pay_d54jpuin9py72l,order_m5eg08w9sccfpd,2026-02-09 12:15:36,31300,upi,0,0,setl_s4l1ku1vti53ru,captured
pay_o2ep24ncl39ozb,order_4jtfd5u8ye2ek2,2026-03-15 12:17:29,71800,upi,0,0,setl_ob1zbkbpqox76q,captured
pay_nuhu7w1st95nh2,order_u19pnr57zh1v2l,2026-03-26 18:24:38,67700,netbanking,1286,231,setl_86tilepkwugepq,captured
pay_bja3n11z78ieoi,order_7qbfgq1gqfdhpv,2026-01-11 08:33:54,235600,netbanking,4476,806,setl_h9o3muublta3bw,captured
pay_t0x5y5wr5j6w3c,order_spvfe6o4clxr36,2026-03-28 19:11:47,107000,upi,0,0,setl_wqkvxto3gxvlu7,captured
pay_40y7bhqqn1yggt,order_obbov6hpz7fjvo,2026-03-13 11:00:03,119300,upi,0,0,setl_ob1zbkbpqox76q,captured
pay_aiy8p2ybpes8sn,order_wwiq3sp5drxsut,2026-02-18 15:36:28,131000,upi,0,0,setl_marwnoou4khb0k,captured
pay_iso3v85y41luoe,,2026-02-27 10:59:23,131400,wallet,2891,520,setl_wg96a9tv3603ep,captured
pay_nhtvrkch40fmfu,order_f39fxmsisw7lak,2026-03-22 10:17:35,396100,upi,0,0,setl_lkgzbjhy4tfgax,captured
pay_lnua56syraqf6v,order_hz2sg2zybxu0wu,2026-03-20 09:38:07,79400,netbanking,1509,272,setl_lkgzbjhy4tfgax,captured
pay_pc6orwxy6asir8,order_ppm3t99v29t6aa,2026-02-07 08:35:17,808600,card,16172,2911,setl_x9629fsv80nszb,captured
pay_ceq2at08t0940p,order_okaoj166jf12tl,2026-02-27 10:13:57,145400,upi,0,0,setl_wg96a9tv3603ep,captured
pay_z6f00yl9jz7676,order_5w1cw3sjfdbnx0,2026-03-19 09:00:25,197100,card,3942,710,setl_hjydfszyf4rzmu,captured
pay_eha6hedj1nqet1,order_e975x7zjoa2cwh,2026-01-12 21:56:28,339900,upi,0,0,setl_9ein7jcd4rdl3a,captured
pay_vc4jnhxvyprhbt,order_46mubqbx9aezu0,2026-03-24 22:03:10,72100,upi,0,0,setl_bjuqk7c3un19bl,captured
pay_pynn4zc49uxf7m,order_bvikc55xkohd88,2026-01-28 08:20:16,191600,upi,0,0,setl_nxu2v0awbwkxj5,captured
pay_xl0sf241yt7j4g,order_nnlc7j86cyjjqv,2026-01-14 14:01:53,70200,upi,0,0,setl_opdcf6j5wixc2v,captured
pay_aoqxveplzgr5nt,order_x0has8aynd4hv0,2026-01-31 14:55:00,100200,upi,0,0,setl_4sse8tbudyqcih,captured
pay_f8n721xsaixvzi,order_jnqh635d1f5klr,2026-03-16 19:45:31,50800,upi,0,0,setl_9ziplehvmcpcg3,captured
pay_xvpk38wdom3dhy,order_jbfshlqwzcna4w,2026-03-09 19:12:51,104400,card,2088,376,setl_6qsiife23ixpuu,captured
pay_dzbbx36j4qzvue,order_a4c84pvpla76it,2026-01-22 08:33:02,72800,upi,0,0,setl_olhoefx33wper0,captured
pay_c6wzk6qwqy67we,order_df0xy4s7my07op,2026-01-17 12:43:36,37900,card,758,136,setl_jrm8iuv8pwnbst,captured
pay_327d9g8uxyvd1n,order_8glo0m0bweot0l,2026-03-27 22:23:59,139600,netbanking,2652,477,setl_wqkvxto3gxvlu7,captured
pay_9p7l9efrt66cz6,order_vv634izhmizspm,2026-02-14 19:26:39,130300,card,2606,469,setl_9hpnkvdkx29mhx,captured
pay_3v5fldwotces2j,order_atu6d2jszx508a,2026-01-13 22:02:01,49900,upi,0,0,setl_svzb0gabvczqv4,captured
pay_l0al10zs82eyst,order_z80yv3om108dsp,2026-02-09 21:13:29,49700,card,994,179,setl_s4l1ku1vti53ru,captured
pay_ppqnetli1yrias,order_g82kua172mwy63,2026-03-11 07:38:49,113600,upi,0,0,setl_mi7tt2ol7lcfi6,captured
pay_kvcvhpn1naadaa,order_nmy8cnpit9nox5,2026-01-29 21:28:34,38300,card,766,138,setl_j502p555prthl8,captured
pay_506lcsym9xwevq,order_g6789st6vk0uw9,2026-02-27 08:51:41,54900,upi,0,0,setl_wg96a9tv3603ep,captured
pay_kqjo5yyyhci6uu,order_u68s4me3a92cdq,2026-02-04 07:19:52,75800,upi,0,0,setl_loeej8p0363err,refunded
pay_j66mp9072gunne,order_tkaa0r8x3u0ncz,2026-01-02 15:05:35,101600,upi,0,0,setl_wepzs7szuqc9f6,captured
pay_47f9zbj70e6194,order_gno1mz84aretj2,2026-03-22 09:40:00,527400,upi,0,0,setl_lkgzbjhy4tfgax,captured
pay_juqh4h2yea61tj,order_if8fgs9rpq9lll,2026-03-01 12:14:41,65000,upi,0,0,setl_wg96a9tv3603ep,captured
pay_okv0wu8c87mbol,order_da9ccbpd0l5wd7,2026-02-08 20:42:57,60200,netbanking,1144,206,setl_x9629fsv80nszb,captured
pay_89397xp5f4nl45,order_j75iz2or5exo2o,2026-03-29 10:07:08,201900,wallet,4442,800,setl_wqkvxto3gxvlu7,captured
pay_grfgdd189embjm,,2026-01-18 16:31:21,54400,card,1088,196,setl_jrm8iuv8pwnbst,captured
pay_701v4ikec26nrb,order_wgamoiatcaznwm,2026-02-06 10:38:16,62200,upi,0,0,setl_x9629fsv80nszb,captured
pay_6mxc5xz1z8x1w7,order_k2aqw4hi8llxwd,2026-01-15 12:45:53,60500,upi,0,0,setl_grv7k1qff39825,captured
pay_6vmaqnns5sjdc3,order_g2implvnyk0gqy,2026-02-01 19:02:27,110600,card,2212,398,setl_4sse8tbudyqcih,captured
pay_e0bcnvva2p2wmm,order_u20ab33zinuyuh,2026-02-01 19:52:54,48600,upi,0,0,setl_4sse8tbudyqcih,captured
pay_hb7e2bgd3mk388,order_9j85yqad0o6rwx,2026-03-15 12:05:48,62300,upi,0,0,setl_ob1zbkbpqox76q,captured
pay_tk77qj4atvt8tx,order_btnb210bi62xsn,2026-01-18 15:15:41,57400,upi,0,0,setl_jrm8iuv8pwnbst,captured
pay_by53q0j4mdv8ou,order_k6pi39zexrl4df,2026-02-12 20:15:12,103800,upi,0,0,setl_blfhrgh8cu53a4,captured
pay_7aan80njokqiju,order_sgoisiwayt87k5,2026-02-26 10:24:06,87700,netbanking,1666,300,setl_t8widn28c970o0,captured
pay_xa8cdt0brqg0d5,order_r39fz8sgbonobt,2026-03-03 20:17:55,61800,wallet,1360,245,setl_s36ohm15574nxh,captured
pay_s3yxjmuj1eesh4,order_9qkaocoqt1fe7b,2026-01-14 21:53:42,102100,card,2042,368,setl_opdcf6j5wixc2v,captured
pay_tjqnmwbrurzirx,order_b40s9rso51krxw,2026-03-01 06:50:35,237200,card,4744,854,setl_wg96a9tv3603ep,captured
pay_iar7go1cfmjbuf,order_gn180kzqdwitir,2026-03-18 16:56:33,300700,upi,0,0,setl_i779xkgycurgiw,captured
pay_mq2hi5v3r3lbwn,order_d97yhl0dtsiak7,2026-02-05 21:33:14,51000,upi,0,0,setl_9redif5czb1c2o,captured
pay_qi2a46sd2ambpl,order_io2i8su0tft1v9,2026-03-12 21:50:45,156300,upi,0,0,setl_pjr716gfgceh8w,captured
pay_xe4jlllqkrjx79,order_rjogse173b044m,2026-01-15 13:35:34,148100,wallet,3258,586,setl_grv7k1qff39825,captured
pay_sv78hhksnysr7b,order_qhbfejege3kmug,2026-02-19 09:42:59,318800,upi,0,0,setl_57dkr8we1ld4hf,captured
pay_dsct2856x498o7,order_epvubba261u36o,2026-03-14 06:52:43,154100,upi,0,0,setl_ob1zbkbpqox76q,captured
pay_pggnvno1gjaqo6,order_v69it2w6xnlxk9,2026-02-03 17:26:48,43100,upi,0,0,setl_cb3atkunlhj9mi,captured
pay_ijgkd9td93q8g1,order_fxai3yd620pb4k,2026-01-29 17:27:14,188700,upi,0,0,setl_j502p555prthl8,captured
pay_sezg41nlwpk5r2,order_hjf39ejcf3yw1u,2026-01-18 15:21:28,186600,card,3732,672,setl_jrm8iuv8pwnbst,captured
pay_miotrnmyo8v639,order_rtypcs8epl14ip,2026-01-17 17:00:33,273500,upi,0,0,setl_jrm8iuv8pwnbst,captured
pay_sauxsuaec5p071,order_cqfqur5ux180i6,2026-03-19 09:30:03,111000,wallet,2442,440,setl_hjydfszyf4rzmu,captured
pay_nvc3cn0mwjcd0s,order_ko1zg5dfzprmmc,2026-03-02 22:02:42,65200,upi,0,0,setl_gxt8aimmy71t26,captured
pay_h2bm523sbaf8fi,order_dewy4vwgqihjwo,2026-03-08 08:52:24,46500,netbanking,884,159,setl_8rcowtf1l5jtt6,captured
pay_zb9g3x7hofd7nk,order_yrhjr9rqh71cmq,2026-01-19 06:03:15,116100,netbanking,2206,397,setl_ckovgkmddyvf20,captured
pay_gt899y9rgahwzy,order_5n1rsoi0grbg4p,2026-01-09 20:16:10,54500,upi,0,0,setl_h9o3muublta3bw,captured
pay_dd32ye8vrfqipi,order_ux6k5dc19059l1,2026-02-12 11:11:58,82700,card,1654,298,setl_blfhrgh8cu53a4,captured
pay_yzrkc85fqvsoeb,order_troj95aiwvu88s,2026-02-06 19:02:48,131500,upi,0,0,setl_x9629fsv80nszb,refunded
pay_wxt3b2routliph,order_rfp47eaj6i295d,2026-01-26 14:09:50,126900,upi,0,0,setl_r7od0iq6cc73mp,captured
pay_8juz7i14j14wmp,order_3hsgfqa0wjb3y9,2026-01-23 06:29:10,291600,upi,0,0,setl_pe6faz7kvftyvi,captured
pay_wyp2gacdvkh4b1,order_oqchjxrn9jxtxc,2026-01-22 14:58:51,53200,upi,0,0,setl_olhoefx33wper0,captured
pay_jhhg4jl9dl5qr3,order_s9gqtr6kjq0fqq,2026-03-27 22:50:57,35300,upi,0,0,setl_wqkvxto3gxvlu7,captured
pay_a67mbov6y2ayaw,order_lkizh1fufahg9s,2026-01-05 07:48:16,251100,upi,0,0,setl_jb4iycka7ebxm4,captured
pay_d8r3llk1u48xlb,order_8cdsztvzy6cbkd,2026-03-05 15:28:45,162200,upi,0,0,setl_1pprr34her4zyz,refunded
pay_2pfzj8lmfh5txh,order_s0mcl01zuxoiwr,2026-03-08 12:09:58,69400,card,1388,250,setl_8rcowtf1l5jtt6,captured
pay_126njwdn2g7vsb,order_l9q04vxvynxniq,2026-01-22 22:14:15,148200,upi,0,0,setl_olhoefx33wper0,refunded
pay_u6ivqm62u6h1nl,order_szj8vdf3v6j7w3,2026-01-18 15:20:18,97200,upi,0,0,setl_jrm8iuv8pwnbst,captured
pay_0uyiptyw1eihvq,order_kl1y0hg4oycpoe,2026-02-26 10:49:19,174100,upi,0,0,setl_t8widn28c970o0,refunded
pay_8yna38rigogysf,order_vxm62lpkwvyjl7,2026-02-20 09:24:17,880800,upi,0,0,setl_qal9h36vfum300,captured
pay_hlb5fqr6qeyrjt,order_nvl3civycarpj7,2026-03-22 13:48:31,98500,upi,0,0,setl_lkgzbjhy4tfgax,captured
pay_x30yubyntm97o3,order_mrgnc6duthxp9d,2026-01-10 15:47:27,139700,upi,0,0,setl_h9o3muublta3bw,captured
pay_ut8597vewyt6m4,order_v4sftnahdmk6zb,2026-02-02 14:04:42,46000,upi,0,0,setl_l3k3kfcno0zwp9,captured
pay_6nplo1pk12cvw5,order_bv0uhdd4873s70,2026-02-20 13:37:19,101600,upi,0,0,setl_qal9h36vfum300,captured
pay_imzkzru6cj7pv9,order_b5q5m7phfx7mb9,2026-01-12 21:00:58,63000,card,1260,227,setl_9ein7jcd4rdl3a,captured
pay_1yidv70oivec59,order_fqszhm2lescze5,2026-03-03 20:56:59,71500,card,1430,257,setl_s36ohm15574nxh,captured
pay_s1acftj0dita9l,order_oa36lvhk8yylqz,2026-03-12 19:45:12,179300,wallet,3945,710,setl_pjr716gfgceh8w,captured
pay_eu91i0nq7y26br,order_du6n2w9twx8fwb,2026-02-02 11:45:14,30200,upi,0,0,setl_l3k3kfcno0zwp9,captured
pay_rkgjj0an8boo95,order_mqzi8jqqwgd2xq,2026-02-09 14:42:16,112400,upi,0,0,setl_s4l1ku1vti53ru,captured
pay_dly7g6svbnh5wc,order_ml6ucqxojt08no,2026-03-09 17:32:31,289400,card,5788,1042,setl_6qsiife23ixpuu,captured
pay_domyp84er4cozg,order_r4eyu7jd5ji4w2,2026-03-27 15:48:38,55000,card,1100,198,setl_wqkvxto3gxvlu7,captured
pay_jdk0n4ty3jymno,order_g6f1d9vhr71fga,2026-01-29 22:54:58,84300,upi,0,0,setl_j502p555prthl8,captured
pay_4h8qjy4qhrwrjv,order_9nz7bktn97pzij,2026-01-30 07:34:53,581700,upi,0,0,setl_4sse8tbudyqcih,captured
pay_rd62fty0372zpe,order_1w2b0akhz5rs9f,2026-03-23 07:44:09,76100,card,1891,340,setl_ihlz60xnvw9v27,captured
pay_23gg1jyrdlczow,order_ro1dopa2yac686,2026-02-12 13:06:40,49400,upi,0,0,setl_blfhrgh8cu53a4,captured
pay_38jq3lxr9p01va,order_tsmsxr11btxmv7,2026-03-17 20:13:28,52800,upi,0,0,setl_nf76s64rcbd6hk,captured
pay_0fjmnq9uag8e6l,order_eyrt4vbqbsap5e,2026-02-01 11:53:47,185100,upi,0,0,setl_4sse8tbudyqcih,captured
pay_pini5wu853hqsx,order_u7x4rq8g7qhdf2,2026-02-08 19:29:53,251600,upi,0,0,setl_x9629fsv80nszb,captured
pay_if41cta9mah4p4,order_xp7h47hy8hfp3g,2026-01-23 17:30:11,80800,upi,0,0,setl_pe6faz7kvftyvi,captured
pay_dflsnwlmjnlhc1,order_gs5ejsj1r4qxin,2026-03-01 14:16:11,121400,upi,0,0,setl_wg96a9tv3603ep,captured
pay_b7ouaertano3dy,order_zxbujuwsu9wjsx,2026-03-23 06:33:38,89500,wallet,1969,354,setl_ihlz60xnvw9v27,captured
pay_4orplks3cahotd,order_2ksr0xdyyzjwbd,2026-02-23 13:33:41,33900,netbanking,644,116,setl_2ejmt21xr8n21l,captured
pay_ejrd8gpsld9ghy,order_tvcr6eh9drlpkc,2026-02-14 07:59:45,121000,upi,0,0,setl_9hpnkvdkx29mhx,captured
pay_s089wrzq1bw1kj,order_nyarn47agig4ol,2026-03-22 16:25:04,49400,card,988,178,setl_lkgzbjhy4tfgax,captured
pay_xdw5mh5ijwdwj2,order_wfonehb0fvx850,2026-03-29 14:55:22,33400,upi,0,0,setl_wqkvxto3gxvlu7,captured
pay_fd83ztv7vibf86,order_cwyv8ape9odf0z,2026-03-30 22:11:17,370000,upi,0,0,setl_j85ptu7k9no41z,captured
pay_gfd9rg2upel7cg,order_d2igf2y2m41io6,2026-03-06 14:21:22,273400,card,5468,984,setl_8rcowtf1l5jtt6,captured
pay_i78hpk4eb34pqp,order_8r8zibse6apa7n,2026-03-14 09:09:23,129900,upi,0,0,setl_ob1zbkbpqox76q,refunded
pay_6y3c4gtsmgx4b7,order_u48myjvzvcoend,2026-03-30 07:29:04,389200,upi,0,0,setl_j85ptu7k9no41z,captured
pay_f7id3vd9z0v7a3,order_g8pnds7l3z76nl,2026-01-20 21:15:41,39600,upi,0,0,setl_i1ppblfh8tj5m7,captured
pay_0s1u0wrhgnkmqq,order_h1g18m9dy6ml6m,2026-01-26 21:07:33,31100,upi,0,0,setl_r7od0iq6cc73mp,captured
pay_ayvoaisewqtrnb,order_h9exlgg768r4ts,2026-02-10 15:22:11,355600,upi,0,0,setl_ex4ek002gc2r1u,captured
pay_9ygw1zkdxuyrbj,order_7vmyhrtomwhrcr,2026-02-18 07:47:42,143900,upi,0,0,setl_marwnoou4khb0k,captured
pay_7t6t3la4hhqvtu,order_g0y1w989auxd0h,2026-03-06 15:03:30,136800,upi,0,0,setl_8rcowtf1l5jtt6,captured
pay_us67dw6zlh0pze,order_e2ic3q8nrw8jn9,2026-03-06 11:22:30,71100,upi,0,0,setl_8rcowtf1l5jtt6,captured
pay_xz2kknp2q3ay2u,order_jr5kne14bq6xfg,2026-03-23 13:15:48,59900,upi,0,0,setl_ihlz60xnvw9v27,captured
pay_1guf3d7icvubf7,order_fiu5poj7sdf255,2026-01-21 11:31:14,34400,upi,0,0,setl_7u76rb7en0399o,captured
pay_prd3t54dtfghks,order_2iphngjkj4fqyz,2026-03-13 22:08:25,64100,upi,0,0,setl_ob1zbkbpqox76q,captured
pay_1n5deiog8ykpo1,order_cppcanayuz5fdt,2026-03-27 19:33:19,94000,upi,0,0,setl_wqkvxto3gxvlu7,captured
pay_x4g99o5fj9zzv8,order_uuboqh2eynb6g4,2026-02-12 17:12:39,271400,card,5428,977,setl_blfhrgh8cu53a4,captured
pay_q8w8j5j4v5foyn,order_qh1oq8wsxo4aj9,2026-01-02 08:18:00,657700,upi,0,0,setl_wepzs7szuqc9f6,captured
pay_9xw4v2k44g6b5e,order_gvl1yh9lgx011m,2026-01-03 16:08:46,498900,upi,0,0,setl_wepzs7szuqc9f6,captured
pay_s6s7jktvcwko5n,order_immkt97c3spkwn,2026-02-26 21:09:08,326700,upi,0,0,setl_t8widn28c970o0,captured
pay_jviqz1j7at671z,order_de2hif558xp280,2026-03-16 09:08:25,105400,netbanking,2003,361,setl_9ziplehvmcpcg3,captured
pay_8h54am5zpao5ns,order_l4d6jfw60bozn2,2026-02-07 08:35:39,79500,card,1590,286,setl_x9629fsv80nszb,captured
pay_k5y8qegqf2gnv8,order_16y092cxw35bad,2026-03-23 16:03:01,108700,wallet,2391,430,setl_ihlz60xnvw9v27,captured
pay_cqm38hsiqilmmh,order_pb37gn2ux44gay,2026-02-07 16:41:12,136500,netbanking,2594,467,setl_x9629fsv80nszb,captured
pay_jlp0lsan8xy3tz,order_mxavo25k3mvxoy,2026-01-06 14:05:23,329300,wallet,7245,1304,setl_8zu1ktsnub3qzg,captured
pay_lyn1a39lax9d6n,order_33bjz4ctskrs33,2026-02-26 07:04:56,59400,upi,0,0,setl_t8widn28c970o0,captured
pay_i6ywxcw4ywjnrs,order_wu93yv6wwdaq5f,2026-01-31 08:42:49,216200,upi,319,57,setl_4sse8tbudyqcih,captured
pay_s8i76861m42xur,order_jrkjkwe7n9uvvh,2026-02-03 09:10:05,36200,upi,0,0,setl_cb3atkunlhj9mi,captured
pay_41m2f4hga6yg67,order_rkv939oykricn5,2026-01-25 15:28:51,76000,upi,0,0,setl_pe6faz7kvftyvi,captured
pay_xyd6y08nqnhpjc,order_62n4hv64kazsq9,2026-03-14 14:46:40,326600,card,6532,1176,setl_ob1zbkbpqox76q,captured
pay_c14hg2jw7xjk9t,order_y8p3chpbgtc51s,2026-01-13 12:25:00,40000,upi,0,0,setl_svzb0gabvczqv4,captured
pay_q5x3ettuqxk5iq,order_6psr0kctgxlvl3,2026-02-06 14:22:04,31300,netbanking,595,107,setl_x9629fsv80nszb,captured
pay_mnknuzwmsr814z,order_rli6zeb6xbp7v8,2026-01-08 19:31:02,187700,upi,0,0,setl_xx3zh6x38f6k9i,captured
pay_8nbyl9butz55ue,order_wz4vw2uu2vwvth,2026-01-04 22:55:20,39200,card,784,141,setl_wepzs7szuqc9f6,captured
pay_ynynovpblt1cw0,order_yb8o9lxcp8l5kv,2026-03-20 21:22:38,120100,netbanking,2282,411,setl_lkgzbjhy4tfgax,captured
pay_rfyyrrz3vcht86,order_2vmk015g8wv5uk,2026-02-26 12:27:03,45800,upi,0,0,setl_t8widn28c970o0,captured
pay_hy7ogf6xq30tpj,order_3x9jka0s8n3hqt,2026-03-14 12:47:30,156300,upi,0,0,setl_ob1zbkbpqox76q,captured
pay_y91gdws6j2i4xf,order_7aaq420z06ww0v,2026-03-01 19:07:36,97100,wallet,2136,384,setl_wg96a9tv3603ep,captured
pay_05b32c6zdscagn,order_8modnu9a4bw4qh,2026-02-28 12:45:25,47400,upi,0,0,setl_wg96a9tv3603ep,captured
pay_snxlt20q9n4z0c,order_jjfesykcquucdn,2026-02-17 22:50:09,300800,upi,0,0,setl_9994rz2os2zywh,captured
pay_9kqzh7xzp37hw2,order_p5fju0q5huw6h6,2026-01-15 12:12:14,93100,upi,0,0,setl_grv7k1qff39825,captured
pay_w16f6vdar3tjwi,order_qav39794l5bdui,2026-02-06 12:27:54,543800,upi,0,0,setl_x9629fsv80nszb,captured
pay_dzd2hcalfk7zoi,order_0jn130ph1m5gnh,2026-02-13 10:39:51,58000,upi,0,0,setl_9hpnkvdkx29mhx,captured
pay_nvi9qvnj17hpck,order_ztvso5w7gtuzwg,2026-03-27 21:00:58,181400,upi,0,0,setl_wqkvxto3gxvlu7,captured
pay_4fzsck8ga060ps,order_n82g5siwilcj4d,2026-03-04 21:41:25,116000,upi,0,0,setl_id6lid416qfq61,captured
pay_39ehl97o1o3fad,order_izukrnnux4d9aa,2026-01-02 13:52:38,78400,card,1568,282,setl_wepzs7szuqc9f6,refunded
pay_qsls50bhzrnr25,order_uz1am7gerxb2d5,2026-02-09 06:27:45,57100,card,1142,206,setl_s4l1ku1vti53ru,captured
pay_e0sbc7mo46a6fr,order_alqc842ogvrf8v,2026-01-29 22:20:34,127400,upi,0,0,setl_j502p555prthl8,captured
pay_gpxbz9dc05vaiu,order_ejaljuwvot477o,2026-01-07 17:01:48,58100,netbanking,1104,199,setl_jde75ge9flap8q,captured
pay_rij82r52azglj3,order_g3q53052g4yci5,2026-01-07 13:33:54,58300,card,1166,210,setl_jde75ge9flap8q,captured
pay_1cd2dwry0z0gdp,order_x9e2ttcsr4j738,2026-01-22 13:29:16,64600,wallet,1421,256,setl_olhoefx33wper0,refunded
pay_5jrt8jd4j6n6p4,order_xg5z0tzw2a5384,2026-02-23 21:00:28,98100,upi,0,0,setl_2ejmt21xr8n21l,captured
pay_w79ww39fpnxvv5,order_8u8i0aywys5pmc,2026-03-30 20:12:00,37500,upi,0,0,setl_j85ptu7k9no41z,captured
pay_42mgginm4b2im3,order_59m2r64kl4k147,2026-03-04 12:46:07,284800,card,5696,1025,setl_id6lid416qfq61,captured
pay_9blcxh1jf18tls,order_i6f27j0t5jshnt,2026-01-05 12:44:33,77200,upi,0,0,setl_jb4iycka7ebxm4,refunded
pay_tmdcde4lgihlz8,order_i94wo8fxk5zlc1,2026-01-03 16:12:16,722400,upi,0,0,setl_wepzs7szuqc9f6,refunded
pay_7w2muyemsr2dtd,order_fwyarz2w2ju2qh,2026-01-06 08:55:57,101500,upi,0,0,setl_8zu1ktsnub3qzg,captured
pay_zhyb07bos0erqi,order_bcfwrqf50zcka7,2026-02-21 18:29:47,158700,upi,0,0,setl_qal9h36vfum300,captured
pay_i29h0h5gnyckys,order_hpkme9jsbay7hi,2026-02-19 12:36:29,77600,upi,0,0,setl_57dkr8we1ld4hf,captured
pay_wsc8t3fzctmhxe,order_65lzgqs0e0rw5h,2026-01-21 19:09:25,36200,upi,0,0,setl_7u76rb7en0399o,captured
pay_cvg8oe6jjsgaz6,order_6j13x9dqe74brm,2026-03-08 11:47:43,53300,card,1066,192,setl_8rcowtf1l5jtt6,captured
pay_x8je3upo95aqe2,order_k8kb5ca6vle13k,2026-03-02 10:19:53,54400,card,1088,196,setl_gxt8aimmy71t26,captured
pay_e06eenmji2jph3,order_oppnw7ws0k9zuv,2026-01-23 16:45:02,108800,card,2176,392,setl_pe6faz7kvftyvi,captured
pay_d25rsyhxer0vto,order_fy1lgmw6oba8cx,2026-02-11 16:38:47,51100,upi,0,0,setl_owvw9a3grfow7z,captured
pay_12nylw0iayt8zk,order_wgh0ucog9s4sz6,2026-02-02 08:17:31,126100,card,2522,454,setl_l3k3kfcno0zwp9,captured
pay_2biqg67xwe7ayv,order_6edzenuzmqbywy,2026-01-31 09:59:38,39300,upi,0,0,setl_4sse8tbudyqcih,captured
pay_uxzwq8a3quairo,order_4jsjkpzyx5zmg9,2026-02-10 22:14:41,66900,netbanking,1271,229,setl_ex4ek002gc2r1u,captured
pay_0dcnae8wlrrmda,order_i9au43jl10ijk9,2026-02-26 21:48:39,62600,upi,0,0,setl_t8widn28c970o0,captured
pay_71xeiipsn8gz31,order_8hpl0wjkh8x6ln,2026-01-22 19:41:48,62100,card,1242,224,setl_olhoefx33wper0,captured
pay_b7pdt0cfoap0r3,order_8jht35njed13ve,2026-02-07 10:18:36,335800,upi,0,0,setl_x9629fsv80nszb,captured
pay_nm5h7plzj0pejy,order_tscq6wwpml20ja,2026-01-02 07:20:52,89100,upi,0,0,setl_wepzs7szuqc9f6,captured
pay_mebtvbtdyprujj,order_1ar5maxeblmeq4,2026-03-08 22:02:11,98600,upi,0,0,setl_8rcowtf1l5jtt6,captured
pay_f9ys3s65iqk60d,order_icpesbc2y2ccuo,2026-03-12 15:59:07,90200,upi,0,0,setl_pjr716gfgceh8w,captured
pay_gg3ytzi0k8zymu,order_8dmf1oakrbbw3j,2026-02-22 06:33:34,149500,card,2990,538,setl_qal9h36vfum300,captured
pay_3m987l7irxh0gw,order_9y4x8k8ecz2mhx,2026-03-31 11:27:20,51200,upi,0,0,setl_63hjwsjao5sf4p,captured
pay_fex6cnb8r1b80h,order_8a2x4rywqse1ei,2026-03-20 08:08:22,35700,upi,0,0,setl_lkgzbjhy4tfgax,captured
pay_v6iw7yi1fo4506,order_nd1v24cju47cok,2026-03-28 15:49:09,130000,upi,0,0,setl_wqkvxto3gxvlu7,captured
pay_9i627ruev4b5oz,order_es1voh5k769hei,2026-02-23 15:56:54,160600,upi,0,0,setl_2ejmt21xr8n21l,captured
pay_cxj4zbthfxgy10,order_aidyc4gak38j3i,2026-02-13 18:49:44,66900,upi,0,0,setl_9hpnkvdkx29mhx,captured
pay_v7kiatcuh3zij8,order_bkkpdaatlfo43s,2026-02-12 18:32:49,91100,upi,0,0,setl_blfhrgh8cu53a4,captured
pay_dmbb70yb4tb22x,order_ud7eawnhrli221,2026-01-31 17:27:43,185100,upi,0,0,setl_4sse8tbudyqcih,captured
pay_t4mxaxlecoe5ck,order_an07i0fhq1zxz0,2026-03-19 10:08:25,74400,upi,0,0,setl_hjydfszyf4rzmu,captured
pay_u6894ea7ad9o4d,order_728iz6ciazb27d,2026-03-16 17:30:34,47700,upi,0,0,setl_9ziplehvmcpcg3,captured
pay_h2hadl4vmen0oj,order_30f9q6yths7o34,2026-01-01 16:03:47,661000,upi,0,0,setl_2lzlm5imf0kd5q,refunded
pay_h3wf2cbzi3t027,order_0it9iq3y6pr4ce,2026-02-19 22:15:24,98400,upi,0,0,setl_57dkr8we1ld4hf,captured
pay_pbwuljcq9er6wp,order_qg8ioj50fjmz9l,2026-02-10 18:11:42,115800,card,2316,417,setl_ex4ek002gc2r1u,captured
pay_lfyhx93y3prxeo,order_fc92gcj8n5fnes,2026-02-19 18:31:33,42800,netbanking,813,146,setl_57dkr8we1ld4hf,captured
pay_ahjf4w5t0zyynk,order_9ec6q7npmpfyvg,2026-01-27 19:03:00,148500,card,2970,535,setl_lmc6qbtpgvhqfs,captured
pay_d6326ms5ob1iwg,order_sxag5xa8manav8,2026-01-06 14:35:21,299100,upi,0,0,setl_8zu1ktsnub3qzg,captured
pay_v4qmzkmnwon62r,order_uho4kz567z25pu,2026-01-26 19:36:20,610700,upi,0,0,setl_r7od0iq6cc73mp,captured
pay_xyq00hwo6camku,order_lajo7j3322clbz,2026-02-03 14:15:38,199900,wallet,4398,792,setl_cb3atkunlhj9mi,captured
pay_j5dbiqlp027lj7,order_6esnny604omu6z,2026-01-30 12:17:59,191900,card,3838,691,setl_4sse8tbudyqcih,captured
pay_t9dutua6hgf41t,order_kt001e8dhnf6yz,2026-03-16 22:53:04,58200,card,1164,210,setl_9ziplehvmcpcg3,captured
pay_rwsopchw7trdwl,order_938xztz88esmsa,2026-03-31 15:11:59,122000,card,2440,439,setl_63hjwsjao5sf4p,captured
pay_aw7yo1yp87woxc,order_t1d431iple86ce,2026-02-25 12:33:12,39800,upi,0,0,setl_fjubwhj4nuw113,captured
pay_r4noxs0q46mkyr,order_s83qcsrsoue80n,2026-03-09 13:42:19,199600,wallet,4391,790,setl_6qsiife23ixpuu,captured
pay_5q65gkctura9vp,order_3jz01t7yo7gyaw,2026-01-02 07:53:18,148600,wallet,3269,588,setl_wepzs7szuqc9f6,captured
pay_fm1akdu7pq4ozw,order_lir4e5lx9ty0us,2026-03-13 10:51:19,84300,upi,0,0,setl_ob1zbkbpqox76q,captured
pay_i8gdqe8zsuwvyo,order_by8e8zxuk6aea4,2026-01-20 11:53:21,253100,upi,0,0,setl_i1ppblfh8tj5m7,refunded
pay_s518vv68b65itl,order_28nuig0b0xeqgz,2026-01-29 16:28:10,76200,upi,0,0,setl_j502p555prthl8,captured
pay_0bqrlp7akxhmgr,order_0yga57tjnzkw5q,2026-01-16 16:03:14,84900,upi,0,0,setl_jrm8iuv8pwnbst,captured
pay_iwi9eomn7ifzg5,order_enbpidezhii8j7,2026-02-10 20:05:48,136100,upi,0,0,setl_ex4ek002gc2r1u,captured
pay_nm6ihor74sqgxf,order_mdbnmwpszsq8l2,2026-02-25 10:17:59,52700,upi,0,0,setl_fjubwhj4nuw113,captured
pay_gipvd95wqqta2f,order_rcov5yhdsfg733,2026-01-05 14:56:52,340200,netbanking,6464,1164,setl_jb4iycka7ebxm4,captured
pay_9tx6umzwktcgpw,order_y3ik62eqzqa7ns,2026-03-19 15:15:57,137800,netbanking,2618,471,setl_hjydfszyf4rzmu,captured
pay_xkkggmq06dhahr,order_zv20jb59gv2165,2026-02-17 12:39:01,84100,card,1682,303,setl_9994rz2os2zywh,captured
pay_qfsdfiqfgb7k23,order_x544w4qd7g09yq,2026-03-24 08:21:13,110800,upi,0,0,setl_bjuqk7c3un19bl,captured
pay_7krnndx1xia5ie,order_lfjpt1kxwc0d6s,2026-01-07 16:37:28,116700,netbanking,2217,399,setl_jde75ge9flap8q,captured
pay_xpjffp2g93aqwm,order_lsf7qcqzl3k225,2026-03-24 13:27:49,228800,netbanking,4347,782,setl_bjuqk7c3un19bl,captured
pay_m8sq0tt39zyxtw,order_7c893mbao7yt6p,2026-01-09 19:59:37,66400,upi,0,0,setl_h9o3muublta3bw,captured
pay_d930k64yazg1f7,order_x86wkme7zzue0l,2026-02-24 15:42:19,138500,upi,0,0,setl_dlrkavuq1t51a1,captured
pay_gi32yq2f63v075,order_cpqmpgtrfvqhl0,2026-02-27 10:21:17,114800,upi,0,0,setl_wg96a9tv3603ep,captured
pay_khq11tbw8g1saf,order_sfdslukfuy4gnp,2026-01-02 12:33:32,33200,upi,0,0,setl_wepzs7szuqc9f6,captured
pay_34ynw5jjfgwzdm,order_2dc4o20ny1bdhy,2026-02-18 07:16:42,74500,upi,0,0,setl_marwnoou4khb0k,captured
pay_5baznnxeh4yawt,order_spgy6rfbx0n8nj,2026-02-23 20:33:33,55500,upi,0,0,setl_2ejmt21xr8n21l,captured
pay_diop5rhwlsi606,order_u8s38h5d4mx9gw,2026-02-01 21:16:41,125300,upi,0,0,setl_4sse8tbudyqcih,captured
pay_fxwknlsk2gugif,order_ahylhkclv2fyzm,2026-01-04 22:07:21,93400,card,1868,336,setl_wepzs7szuqc9f6,captured
pay_99978wt0pj276d,order_q2kipc2ls80sy7,2026-03-26 20:33:25,143200,wallet,3150,567,setl_86tilepkwugepq,captured
pay_zmwiqkdfb8chjd,order_038cjotvxme004,2026-02-23 06:06:13,62400,upi,0,0,setl_2ejmt21xr8n21l,captured
pay_rw0ytjnsixidag,order_6v4erkj8hd6h1p,2026-02-19 16:02:42,130700,upi,0,0,setl_57dkr8we1ld4hf,captured
pay_dy7gh0h9km7gb0,order_s2rou3x52xiy20,2026-02-07 06:40:42,102600,upi,0,0,setl_x9629fsv80nszb,captured
pay_sp07fcqfycqq1b,order_p2hffht72p4tmi,2026-02-23 09:08:50,79500,upi,0,0,setl_2ejmt21xr8n21l,captured
pay_4ubqebhm95pd7j,order_f7zlokdk34b5wu,2026-02-27 20:20:52,310000,upi,0,0,setl_wg96a9tv3603ep,captured
pay_sq7oopvt2efs57,order_qlj7seeemykur1,2026-02-02 18:44:52,49000,upi,0,0,setl_l3k3kfcno0zwp9,captured
pay_sz7obfb6y4lo1t,order_4b7yc9o5k6df25,2026-01-12 14:36:21,220300,wallet,4847,872,setl_9ein7jcd4rdl3a,captured
pay_0xekjfd8fzjwdr,order_2eb5so1p3ay4k6,2026-01-31 08:36:34,298800,netbanking,5677,1022,setl_4sse8tbudyqcih,captured
pay_0hxge0dd2unail,order_pvnh9mvni7dahy,2026-01-21 12:51:13,87900,upi,0,0,setl_7u76rb7en0399o,captured
pay_yor1djkr0sx48s,order_6o6nq3pqje4dv2,2026-01-04 15:50:16,77400,upi,0,0,setl_wepzs7szuqc9f6,captured
pay_k1xu3ljk1g39rf,order_bk4b5p0wbri3u6,2026-03-17 17:35:45,145700,upi,0,0,setl_nf76s64rcbd6hk,refunded
pay_4q5cri76ab8qbm,order_fxlwuysw9l5giu,2026-03-21 16:41:41,219300,netbanking,4167,750,setl_lkgzbjhy4tfgax,captured
pay_wg9ub0u9loryca,order_vwiomuw0ybtq9v,2026-02-23 14:35:39,65500,upi,0,0,setl_2ejmt21xr8n21l,captured
pay_b6rnh4thd44esg,order_thfu838ll2qqfr,2026-03-05 20:19:00,70600,upi,0,0,setl_1pprr34her4zyz,captured
pay_3xah8jq7kntjs1,order_c1bhqkhbf5wvvk,2026-03-15 16:45:09,98900,upi,0,0,setl_ob1zbkbpqox76q,captured
pay_pkkxi2tsf23to5,order_t01fophjhrcyul,2026-02-05 22:53:07,66500,card,1330,239,setl_9redif5czb1c2o,captured
pay_q8lwnu08vfqhbd,order_dm5l97hj2bvlz7,2026-01-23 14:38:36,93600,netbanking,1778,320,setl_pe6faz7kvftyvi,captured
pay_1z8aff283boc9z,order_fx9trmq5liz5a5,2026-01-05 13:04:36,151200,upi,0,0,setl_jb4iycka7ebxm4,captured
pay_lwp5vqu6aymw7v,order_j94251oq964e14,2026-02-19 18:57:38,123800,upi,0,0,setl_57dkr8we1ld4hf,captured
pay_167jskmzaav3jd,order_sg9npekzblxel3,2026-02-09 15:29:14,53200,upi,0,0,setl_s4l1ku1vti53ru,captured
pay_2jgoet94320l65,order_01si0x3r6p7a11,2026-02-21 08:40:29,95700,upi,0,0,setl_qal9h36vfum300,captured
pay_bi4z6rmiggq727,order_yg9coe5ih36c76,2026-03-20 13:32:51,121800,card,2436,438,setl_lkgzbjhy4tfgax,captured
pay_bgc88lzx9j2zwd,order_a991kjhqjv1r5x,2026-03-30 13:43:55,313800,upi,0,0,setl_j85ptu7k9no41z,captured
pay_wvviq3kylxmrzg,order_6mmdesiq3f86mn,2026-02-26 12:14:35,90600,upi,0,0,setl_t8widn28c970o0,captured
pay_6823gckmw16jlg,order_iiazkwaox9dq01,2026-01-02 07:13:46,95200,card,1904,343,setl_wepzs7szuqc9f6,captured
pay_a0bwebxsbsqwho,order_pew51b51qy0lxe,2026-02-11 11:55:56,59100,netbanking,1123,202,setl_owvw9a3grfow7z,captured
pay_kqkptujs2w4dcr,order_k13hc9tl8nvmw2,2026-02-02 21:31:47,112200,upi,0,0,setl_l3k3kfcno0zwp9,captured
pay_211cv7ecw5722a,order_ohgg0ygqg5iwwg,2026-02-07 09:20:47,71700,card,1434,258,setl_x9629fsv80nszb,captured
pay_ho0v6ridzm5c3t,order_ghttguqktfi7bd,2026-02-02 13:43:27,64800,upi,0,0,setl_l3k3kfcno0zwp9,captured
pay_2b9xm85mmn45wx,order_hamzvnuira9u9v,2026-02-18 12:57:26,284100,upi,0,0,setl_marwnoou4khb0k,captured
pay_fm4qb8mzm3zft5,order_q7wtduqylsryri,2026-03-21 13:16:20,112000,upi,0,0,setl_lkgzbjhy4tfgax,captured
pay_c5fdr5p1aycew5,order_makmfz6vhuvwev,2026-03-09 17:06:51,83500,wallet,1837,331,setl_6qsiife23ixpuu,captured
pay_6f1v2g8vz3gvp2,order_oqx2t7xnxq413y,2026-03-25 18:06:14,58300,upi,0,0,setl_d932kldoq526i0,captured
pay_qdjivuueuk7gcq,order_gblcae26rladub,2026-02-08 13:25:23,340400,card,6808,1225,setl_x9629fsv80nszb,captured
pay_v5ks36xnyljdhc,order_kslmvfbutfh46c,2026-02-28 14:41:32,36400,upi,0,0,setl_wg96a9tv3603ep,captured
pay_htjwar3ruzndo4,order_75xbz7ededc0us,2026-01-29 13:44:07,38600,upi,0,0,setl_j502p555prthl8,captured
pay_1nj3s6jh2f0fgv,order_d191ao5md157bd,2026-02-02 22:35:56,737500,upi,0,0,setl_l3k3kfcno0zwp9,captured
pay_1of7h2suu4ywpc,order_immzvmvdk5e9d7,2026-02-20 12:17:14,83400,card,1668,300,setl_qal9h36vfum300,captured
pay_yk47zvxvl5sdb0,order_trvq2yjlz3ji82,2026-03-29 17:59:09,761600,upi,0,0,setl_wqkvxto3gxvlu7,captured
pay_bxebb8zqx0lu0x,order_drm9ypblf1f78i,2026-01-17 15:55:41,48300,wallet,1063,191,setl_jrm8iuv8pwnbst,refunded
pay_4h8h2hgrtxk08b,order_2dvtzrzjazvx8a,2026-03-10 18:39:40,32100,card,642,116,setl_cy02355rxf3dgx,captured
pay_rfk6ozdigmwz1m,order_0yhbgozps6frg7,2026-03-05 11:33:22,342800,netbanking,6513,1172,setl_1pprr34her4zyz,captured
pay_uyv2efqyrruie3,order_ofnnp2saraqhuk,2026-03-18 12:54:17,36900,upi,0,0,setl_i779xkgycurgiw,captured
pay_7ydk3eqmgy6fje,order_3zly0soaiyd7m3,2026-02-25 08:42:34,32900,card,658,118,setl_fjubwhj4nuw113,refunded
pay_ur46a9b5676a6x,order_ke3kbxly7zsg6o,2026-03-30 16:42:26,76100,upi,0,0,setl_j85ptu7k9no41z,captured
pay_cxdupath2soznj,order_glr3g7ikhqvnwg,2026-01-11 14:49:39,56400,card,1128,203,setl_h9o3muublta3bw,captured
pay_qsvbc2fkdf63bb,order_1hnljtd2kskrmd,2026-03-07 12:44:57,112700,upi,0,0,setl_8rcowtf1l5jtt6,captured
pay_rs1pnp6g2732bc,order_ohkfwoyjkaqr7e,2026-01-19 07:20:25,80300,upi,0,0,setl_ckovgkmddyvf20,captured
pay_lvl50a13gxa8l6,order_q0pdar402qbm70,2026-02-02 07:06:15,348500,netbanking,6622,1192,setl_l3k3kfcno0zwp9,captured
pay_cxh76cs4ddlwox,order_08wh431g06g380,2026-02-15 13:22:57,34000,card,680,122,setl_9hpnkvdkx29mhx,captured
pay_a4lo3220hrvccc,order_4y30kg0rp1em57,2026-02-06 12:53:37,51200,upi,0,0,setl_x9629fsv80nszb,captured
pay_te74b21z7q06ry,order_c5l7q5l30m3axs,2026-01-30 15:24:47,57100,card,1142,206,setl_4sse8tbudyqcih,captured
pay_n40z2uqi8xbjh2,order_mbt4wpyqc2fkrf,2026-01-22 06:52:59,175500,upi,0,0,setl_olhoefx33wper0,captured
pay_0kqajw1l95k04n,order_bzvhhlw1e0q5ge,2026-02-27 22:33:40,55700,upi,0,0,setl_wg96a9tv3603ep,captured
pay_ie8zgp7x7a001f,order_xki8h86x9fqvrj,2026-03-30 21:47:13,62300,upi,0,0,setl_j85ptu7k9no41z,captured
pay_mxvee7qmgku4kb,order_apbwol5y0gfqoj,2026-01-19 19:16:07,68800,netbanking,1307,235,setl_ckovgkmddyvf20,captured
pay_4d06el5klpy1i6,order_u2nwa8vbsamlvt,2026-03-30 14:44:42,43000,upi,0,0,setl_j85ptu7k9no41z,captured
pay_spxz2lwn5zq7r1,order_xef1n5imhbaeru,2026-03-09 14:28:27,286300,upi,0,0,setl_6qsiife23ixpuu,captured
pay_9mz0y5wii8xv0n,order_gi4pqsad6pvadp,2026-03-03 18:58:06,898600,upi,0,0,setl_s36ohm15574nxh,captured
pay_b5pgevw8vivz7i,order_osnsln5666d6sk,2026-03-30 18:21:01,212100,netbanking,4030,725,setl_j85ptu7k9no41z,captured
pay_esz5aavsshdosr,order_nt85ftjq8pyulc,2026-01-07 15:02:14,58400,card,1168,210,setl_jde75ge9flap8q,captured
pay_s8oebvkuwdm5is,order_yy6doo4o51uteq,2026-03-23 17:08:39,295500,card,5910,1064,setl_ihlz60xnvw9v27,captured
pay_d7njvfyadjrk1l,order_1rgsr7z68f0bqu,2026-01-26 19:52:17,204200,upi,0,0,setl_r7od0iq6cc73mp,captured
pay_1lpadk5dv25noh,order_i0kba1836gmkqf,2026-01-25 18:19:14,82200,upi,0,0,setl_pe6faz7kvftyvi,captured
pay_amp0zorr1r04gp,order_yic802lldd8qe5,2026-02-23 07:55:13,102200,upi,0,0,setl_2ejmt21xr8n21l,refunded
pay_2gknp2cr3tnwsj,order_0jbmgkadynzn78,2026-01-14 06:07:47,171700,upi,0,0,setl_opdcf6j5wixc2v,captured
pay_4xn6fc1h68t6hb,order_czh2v7xhxijzyx,2026-01-28 14:09:13,214000,upi,0,0,setl_nxu2v0awbwkxj5,captured
pay_d0dm2bni815vcu,order_5hweue3z3qvv31,2026-02-18 07:52:28,120300,upi,0,0,setl_marwnoou4khb0k,captured
pay_0gyw12m0d77f6x,order_adb9u5pcrt97zd,2026-02-11 11:25:55,99600,upi,0,0,setl_owvw9a3grfow7z,captured
pay_7pdy9q6y495cyg,order_fzxa5gvi03h8eb,2026-03-18 11:11:36,349200,upi,0,0,setl_i779xkgycurgiw,captured
pay_a4hgqo4fs5j7d8,order_qmd5bmh69tdb35,2026-02-20 22:37:25,621400,upi,0,0,setl_qal9h36vfum300,captured
pay_07a1vdrvvlkviz,order_qz6ielzsks5tyi,2026-01-31 16:40:10,735000,upi,0,0,setl_4sse8tbudyqcih,captured
pay_6cxdlhct465lls,order_u58p46kztc4h7p,2026-01-29 18:34:59,44800,upi,0,0,setl_j502p555prthl8,refunded
pay_gvq54hpm9ydx4a,order_je5fj50amg3obr,2026-02-26 12:53:23,68800,upi,0,0,setl_t8widn28c970o0,captured
pay_4rmsijsnp6styq,order_iwa7b5e6684rsc,2026-03-19 06:58:18,179700,upi,0,0,setl_hjydfszyf4rzmu,captured
pay_qd1tl58zm25qkv,order_qw6z4y3vgraboj,2026-01-31 07:36:19,38800,card,776,140,setl_4sse8tbudyqcih,captured
pay_b8ljhosgdbrkme,order_jzlr11m9vmo7g4,2026-01-26 16:58:12,515000,upi,0,0,setl_r7od0iq6cc73mp,captured
pay_5akcvny6der809,order_qkt0eze07gq2ab,2026-02-06 16:23:22,403200,upi,0,0,setl_x9629fsv80nszb,refunded
pay_z7r73bk6qq1c6v,order_r1slz9t0h2a117,2026-03-30 18:21:50,325200,upi,0,0,setl_j85ptu7k9no41z,captured
pay_5ujx79x0qdhy3h,order_douf9sqmn3yeuy,2026-01-19 10:10:55,50500,upi,0,0,setl_ckovgkmddyvf20,captured
pay_d6qtq0dckynlyq,order_444uhpf38y7vej,2026-03-29 13:05:48,49300,upi,0,0,setl_wqkvxto3gxvlu7,captured
pay_m0u46cx8dth02z,order_inuz18kvsgvc2b,2026-02-11 07:59:58,57100,upi,354,64,setl_owvw9a3grfow7z,captured
pay_qvo0n4opglauxi,order_94ezth86tsys5d,2026-02-25 13:14:48,37100,upi,0,0,setl_fjubwhj4nuw113,captured
pay_3q4wfntygmndoj,order_tq8vgghzoq0y03,2026-02-26 10:01:19,130800,card,2616,471,setl_t8widn28c970o0,captured
pay_4qim5mw80dc478,order_hahr4eg3d15mgj,2026-01-29 16:58:04,248400,upi,0,0,setl_j502p555prthl8,captured
pay_9a7vw6rzsv7i39,order_nzijqk9uqho8ku,2026-03-09 19:23:57,67400,upi,0,0,setl_6qsiife23ixpuu,captured
pay_csewrfp7xtd24g,order_cxwrru1v09fdyt,2026-03-18 08:57:19,48600,netbanking,923,166,setl_i779xkgycurgiw,captured
pay_nomwmp464o9um1,order_gbf88t8lytq889,2026-03-02 18:21:55,164700,upi,0,0,setl_gxt8aimmy71t26,captured
pay_l7xxurflsvbyqs,order_126pyepqx47ktn,2026-02-10 20:33:49,128500,wallet,2827,509,setl_ex4ek002gc2r1u,captured
pay_ci4le340utj5f2,order_80lrpsc34rg9ta,2026-02-14 09:29:51,78800,upi,0,0,setl_9hpnkvdkx29mhx,captured
pay_1q5rnartem4m0u,order_rs8gjzcc4gvfz8,2026-01-30 13:00:34,251600,upi,0,0,setl_4sse8tbudyqcih,captured
pay_7syqcilj4lakmg,order_8dyal3yexorx4b,2026-02-27 07:34:13,50400,card,1008,181,setl_wg96a9tv3603ep,captured
pay_gma3wrx2q4e0k1,order_ix2njcv73vvqfd,2026-03-15 19:59:46,232300,card,4646,836,setl_ob1zbkbpqox76q,captured
pay_vvb4a6h8z57dnu,order_76pviq6dcvuew0,2026-03-30 09:06:33,73400,upi,0,0,setl_j85ptu7k9no41z,captured
pay_rc5tau67dbggis,order_7i9u24iyl4pcfo,2026-01-18 11:55:06,124100,wallet,2730,491,setl_jrm8iuv8pwnbst,captured
pay_goff2vzue6sbgp,order_lsscnqeef7et3y,2026-01-27 08:10:47,477400,upi,0,0,setl_lmc6qbtpgvhqfs,captured
pay_r0ay91sfgc45ad,order_3rha3miiicfxk1,2026-01-02 11:20:52,33800,card,676,122,setl_wepzs7szuqc9f6,captured
pay_jtvmrowelauump,order_hdwawy74yfgbr3,2026-02-15 20:22:00,75200,netbanking,1429,257,setl_9hpnkvdkx29mhx,captured
pay_ys4jtguh98amt2,order_hpi8bvcilt92u1,2026-01-27 14:18:11,52200,card,1044,188,setl_lmc6qbtpgvhqfs,captured
pay_7vf5638yztxp5u,order_q5apdzd3885uzn,2026-03-17 20:08:18,848300,upi,0,0,setl_nf76s64rcbd6hk,captured
pay_4scaz9xfy33w8b,order_l9rsrula6jwv8c,2026-02-05 12:38:52,52100,wallet,1146,206,setl_9redif5czb1c2o,captured
pay_a5983vqhdnrnxm,order_j26vy38n24q1hu,2026-03-11 12:42:04,70400,upi,0,0,setl_mi7tt2ol7lcfi6,captured
pay_scxv1hg2jzhrxz,order_5kghhfmxd9utyy,2026-02-18 11:04:19,132600,upi,0,0,setl_marwnoou4khb0k,captured
pay_46o75uh0u7qeb8,order_in4mjivnsgx8sm,2026-01-31 15:48:32,553000,netbanking,10507,1891,setl_4sse8tbudyqcih,captured
pay_4k7mvnbpvhjizw,order_xiipl6nwmf5jbv,2026-02-15 16:43:56,313400,upi,0,0,setl_9hpnkvdkx29mhx,captured
pay_n3qbnb3qil66et,order_etq3aho2dpg269,2026-02-14 14:22:54,70000,upi,0,0,setl_9hpnkvdkx29mhx,captured
pay_3qam4va992rk5h,order_sc075zzg7ebtxn,2026-03-27 14:52:14,65100,card,1302,234,setl_wqkvxto3gxvlu7,captured
pay_lreqj6e4p7sejn,order_9g50gficb0t5mu,2026-03-28 12:44:59,98900,upi,0,0,setl_wqkvxto3gxvlu7,captured
pay_4a2ezaqc2ufotr,order_ysnccg8kduyy2i,2026-01-23 16:39:08,864500,netbanking,16426,2957,setl_pe6faz7kvftyvi,captured
pay_hqoee34bkag2f9,order_tloipp3hkp4to5,2026-02-25 20:07:48,66600,card,1332,240,setl_fjubwhj4nuw113,captured
pay_ak48kinzawuhzg,order_8ghqyv0twf8njy,2026-02-19 19:55:59,100100,wallet,2202,396,setl_57dkr8we1ld4hf,captured
pay_o8vbj3zybfhfgh,order_zz5lp6js66z6o5,2026-01-13 13:45:33,243900,upi,0,0,setl_svzb0gabvczqv4,captured
pay_cjzlqr33t2vk6p,order_g4rnryx78c822r,2026-03-16 17:14:00,50800,upi,0,0,setl_9ziplehvmcpcg3,captured
pay_gfq3mr1wkjtgf2,order_psfzocn2h6ljms,2026-03-18 21:01:22,493500,card,9870,1777,setl_i779xkgycurgiw,captured
pay_tj4b95sotuxrjn,order_02ndnbc68kco5g,2026-02-04 15:50:38,74200,upi,0,0,setl_loeej8p0363err,captured
pay_9z7soql5wa2v3u,order_k48o7wi6wfjgkb,2026-03-02 18:30:08,90100,upi,0,0,setl_gxt8aimmy71t26,captured
pay_oq530yfhwqx2qw,order_9fqs9g1yv6tr63,2026-01-06 21:24:14,77300,card,1546,278,setl_8zu1ktsnub3qzg,captured
pay_8gn4ed1ihgi6gb,order_awo4fljwo79nmr,2026-03-18 10:26:33,51200,upi,0,0,setl_i779xkgycurgiw,captured
pay_nm60uv0ghy8og9,order_bi3g19ylofolto,2026-02-28 20:19:44,130400,upi,0,0,setl_wg96a9tv3603ep,captured
pay_lwwsok30ofup3x,order_9dqfq7nnnljazv,2026-03-07 15:53:38,37100,card,742,134,setl_8rcowtf1l5jtt6,captured
pay_2y2v99v6bwvmal,order_oj5yewqprdz5ke,2026-01-04 21:21:50,63300,upi,0,0,setl_wepzs7szuqc9f6,captured
pay_n6a51w340jjt9z,order_203wv6i60hripc,2026-01-31 18:12:10,84800,upi,0,0,setl_4sse8tbudyqcih,captured
pay_7jfhxdoaszrmun,order_g8c5l0nkbnwodi,2026-02-07 13:17:00,212300,upi,0,0,setl_x9629fsv80nszb,captured
pay_6r44yf1ykxk62y,order_gj3c660g2mdyoi,2026-03-21 15:25:17,88100,netbanking,1674,301,setl_lkgzbjhy4tfgax,captured
pay_mscnqek9fg19eh,order_m89kp8yvujpxbr,2026-02-21 21:13:54,337200,card,6744,1214,setl_qal9h36vfum300,captured
pay_41zu1btb5ueax7,order_vmknimf9cvjq69,2026-02-04 12:07:35,70700,card,1414,255,setl_loeej8p0363err,refunded
pay_lfz6lra2f7gzdz,order_1ut77vxxkkl9u3,2026-02-23 10:07:32,106800,upi,0,0,setl_2ejmt21xr8n21l,captured
pay_7efwk3scvwwjd6,order_1psgjkp9wkbdat,2026-03-03 17:41:06,183200,card,3664,660,setl_s36ohm15574nxh,captured
pay_kzzrzg7hoi9800,order_imn6aflkcoky0p,2026-03-15 12:25:47,148500,upi,0,0,setl_ob1zbkbpqox76q,captured
pay_in69mhhh9eg23f,order_2f9s47c32asklf,2026-03-11 17:39:55,85500,upi,0,0,setl_mi7tt2ol7lcfi6,captured
pay_eg96l17uvydqmo,order_qn47qz3ymygmdr,2026-01-07 16:37:13,50800,upi,0,0,setl_jde75ge9flap8q,refunded
pay_jfsas3iuu9y25t,order_49fge0tdl209rq,2026-03-07 09:42:16,322700,upi,0,0,setl_8rcowtf1l5jtt6,captured
pay_fg54sypbkidhj5,order_76xx9wai0itpr8,2026-02-03 20:09:15,176000,upi,0,0,setl_cb3atkunlhj9mi,captured
pay_7le202xy5h3gkz,order_5sfnklsdyyitvs,2026-03-31 17:14:25,578300,upi,0,0,setl_63hjwsjao5sf4p,captured
pay_vv0ypyjyi8te88,order_t5ru8czzzderf5,2026-03-30 18:22:42,494300,upi,0,0,setl_j85ptu7k9no41z,captured
pay_wx6n6825qs7mi2,order_2yg65eg0l1w7iw,2026-02-06 08:38:42,142000,netbanking,2401,432,setl_x9629fsv80nszb,captured
pay_0e6066lavqiyh7,order_dehwg1vs48u65a,2026-02-27 17:31:29,111300,upi,0,0,setl_wg96a9tv3603ep,captured
pay_wbu9etzjm4hyxh,order_1avfan2d43oyky,2026-02-15 12:53:32,146300,upi,0,0,setl_9hpnkvdkx29mhx,captured
pay_5a0ps0yd033pc9,order_w1o82ljhe5nbzl,2026-03-09 13:55:05,44400,card,888,160,setl_6qsiife23ixpuu,captured
pay_wio69d1o3d3oe8,order_4kvw88yat6jeh8,2026-03-21 07:20:11,245900,upi,0,0,setl_lkgzbjhy4tfgax,captured
pay_wncfa70diog7tb,order_9dl5w7s0mzc3ie,2026-02-16 10:58:34,69000,card,1380,248,setl_hyo0coscm1600j,captured
pay_q4m8cmg9k93ms9,order_1vknn75wyp37nh,2026-03-29 16:30:15,140100,card,2802,504,setl_wqkvxto3gxvlu7,captured
pay_euki8dw3md1x1r,order_3zapvliu4wkko2,2026-03-23 17:36:29,148700,upi,0,0,setl_ihlz60xnvw9v27,captured
pay_gdm16qcf9i3png,order_h70exckw83op5c,2026-02-14 10:59:03,78600,upi,0,0,setl_9hpnkvdkx29mhx,captured
pay_8ieni3hhk09nhf,order_ytsgda68ykxj4j,2026-03-06 07:40:39,58600,upi,0,0,setl_8rcowtf1l5jtt6,captured
pay_nf4j96jz2egpla,order_k3o8aqlkto2qva,2026-03-31 12:05:56,121400,upi,0,0,setl_63hjwsjao5sf4p,captured
pay_hkjrhw6f1059u9,order_nhcpdr2atrk1h2,2026-01-08 21:02:25,245500,card,4910,884,setl_xx3zh6x38f6k9i,captured
pay_chhfmwwdnesw3o,order_aym4dj4azvlhoj,2026-01-03 10:21:08,60600,netbanking,1151,207,setl_wepzs7szuqc9f6,captured
pay_84a9ybwbc3je9s,order_tbvz00y1ppvurx,2026-01-11 19:45:40,40500,upi,0,0,setl_h9o3muublta3bw,captured
pay_7oaboclvkab8dw,,2026-02-02 12:23:55,88600,upi,0,0,setl_l3k3kfcno0zwp9,captured
pay_kuw19jd1sa354o,order_c5840o3d1zuu7m,2026-02-19 18:00:36,448600,upi,0,0,setl_57dkr8we1ld4hf,captured
pay_dxml3io6dk02vd,order_kmxb38o8b14v9h,2026-01-15 18:06:50,76900,upi,0,0,setl_grv7k1qff39825,captured
pay_jk76wyoe42rz2c,order_14egtgs3ew19gk,2026-01-04 06:22:37,49500,upi,0,0,setl_wepzs7szuqc9f6,captured
pay_v8asp9uxw1h1v3,order_jrncevqre81gek,2026-03-31 17:30:57,101000,upi,0,0,setl_63hjwsjao5sf4p,captured
pay_e9rfiyoga91iy2,order_5uxukka25biqqu,2026-02-15 10:09:30,69500,upi,0,0,setl_9hpnkvdkx29mhx,captured
pay_qr2ny5dkeyofyo,order_k05ve88maoe782,2026-01-02 10:31:27,147000,upi,0,0,setl_wepzs7szuqc9f6,captured
pay_h31q60ih7v3k6g,order_i5gfzy2gy1yerx,2026-02-03 19:52:34,197400,card,3948,711,setl_cb3atkunlhj9mi,captured
pay_fuftej76yececj,order_j003kr90p1ly61,2026-01-12 16:04:06,105900,upi,0,0,setl_9ein7jcd4rdl3a,captured
pay_9i2z23ylyu1zxb,order_tw0p8n5116ozim,2026-03-27 20:39:31,39100,upi,0,0,setl_wqkvxto3gxvlu7,captured
pay_hihz7rpf782dwt,order_jdxobqu5tl776q,2026-02-22 09:48:41,30800,upi,0,0,setl_qal9h36vfum300,captured
pay_yo7pifsa8flb2p,order_3euqfqu3cxzonq,2026-03-13 07:27:43,636500,upi,0,0,setl_ob1zbkbpqox76q,captured
pay_wvxhdjiay2uip4,order_gqtl34i2llzkxj,2026-02-26 11:09:05,181500,upi,0,0,setl_t8widn28c970o0,captured
pay_l8qtozn05fqyff,order_c16j1kr6phmlns,2026-02-07 06:43:48,115500,upi,0,0,setl_x9629fsv80nszb,captured
pay_8rs50ta9urzzk9,order_vpbkxs9zhiw6o7,2026-03-29 13:35:18,36200,upi,0,0,setl_wqkvxto3gxvlu7,captured
pay_pqacmpk8e95jf8,order_zwtn53ysvcyt50,2026-03-16 17:42:43,124600,upi,0,0,setl_9ziplehvmcpcg3,captured
pay_3d54kpxnsfq3ms,order_ahlyrg4melmjy3,2026-02-17 14:00:11,67400,upi,0,0,setl_9994rz2os2zywh,captured
pay_injnhka89xtdaj,order_wlfgrhalhgaj1k,2026-02-01 07:28:09,58700,card,1174,211,setl_4sse8tbudyqcih,captured
pay_0fzdwk0rc61ghf,order_7tap7diuljduwg,2026-03-25 08:15:03,69100,upi,0,0,setl_d932kldoq526i0,captured
pay_9wyrh72q87rxl9,order_kbpyz5ms6u0mgf,2026-03-16 16:41:20,314700,upi,0,0,setl_9ziplehvmcpcg3,captured
pay_f22foieapzynvk,order_j9co01lt80lpgd,2026-01-08 07:37:16,304400,netbanking,5784,1041,setl_xx3zh6x38f6k9i,captured
pay_3638d1y5vuw394,order_mb1nd1bsaj15ky,2026-02-01 14:38:52,75500,upi,0,0,setl_4sse8tbudyqcih,captured
pay_9r6l01s7oolqn3,order_5ol6ru1wvuwmr0,2026-01-24 13:48:08,143000,upi,0,0,setl_pe6faz7kvftyvi,captured
pay_nsi81t7mnx2pz8,order_novcq24za7slyl,2026-01-23 17:41:00,51000,card,1020,184,setl_pe6faz7kvftyvi,captured
pay_4jw2xi6jaa84cy,order_40k1vt43xfthsg,2026-02-21 14:48:00,32200,upi,0,0,setl_qal9h36vfum300,captured
pay_53ymc4jqzo0u3q,order_9nenra7oalpc80,2026-03-05 17:58:42,148800,upi,0,0,setl_1pprr34her4zyz,captured
pay_3zovin63m1sucl,order_0lai9270fan0xz,2026-02-03 13:36:54,318300,upi,301,54,setl_cb3atkunlhj9mi,captured
pay_t7cysd7ejsr4qd,order_cjrahfzuch1qfy,2026-01-30 19:08:39,38900,upi,0,0,setl_4sse8tbudyqcih,captured
pay_a3m3l0yw2g6cr0,order_5nsa5rldy7j2rr,2026-03-16 11:00:41,69200,netbanking,1315,237,setl_9ziplehvmcpcg3,captured
pay_wyymltj01eo4vi,order_emww6i8mxq4g4y,2026-01-15 13:57:13,74300,netbanking,1412,254,setl_grv7k1qff39825,captured
pay_5iub7skqlh5xb6,order_xh5t1wxa2z60kj,2026-03-03 17:59:47,85700,netbanking,1628,293,setl_s36ohm15574nxh,refunded
pay_kxf3tlx37ii47z,order_19u8z0simfra12,2026-01-04 19:32:11,41000,upi,0,0,setl_wepzs7szuqc9f6,captured
pay_gcbx2s0dau3npl,order_718vho9vqaxath,2026-02-27 09:54:00,798000,card,15960,2873,setl_wg96a9tv3603ep,captured
pay_6k7l8vpqlda9fs,order_7yhaedi9u4xu0u,2026-03-06 16:50:05,65700,upi,0,0,setl_8rcowtf1l5jtt6,captured
pay_7qltbdx8513sr0,order_hqfu15yhfwu0as,2026-01-30 15:07:23,125200,upi,0,0,setl_4sse8tbudyqcih,captured
pay_nsavng0rk5t5c1,order_5fse6xwc77csqz,2026-02-28 07:58:52,66200,upi,0,0,setl_wg96a9tv3603ep,captured
pay_n7fkrdageoqxcl,order_qm9o6pbqb0jeal,2026-01-20 17:19:09,53800,card,1076,194,setl_i1ppblfh8tj5m7,captured
pay_xe2smgdo0i6wuk,order_c8xjxxy3f29bpv,2026-01-31 07:32:33,32200,upi,0,0,setl_4sse8tbudyqcih,captured
pay_ky6tii0s0n6dyd,order_xsnig1lv9jhe1e,2026-03-01 11:40:10,70300,wallet,1547,278,setl_wg96a9tv3603ep,captured
pay_qh174gelf49e80,order_y93yd0ccmcgec9,2026-03-04 18:04:56,841600,card,16832,3030,setl_id6lid416qfq61,captured
pay_uzrho9ln2ajtra,order_0hxrsi06mivsi9,2026-02-20 21:25:59,787000,upi,0,0,setl_qal9h36vfum300,captured
pay_7yvwehaqsxd30n,order_1ulbkagp0u4alq,2026-02-25 13:30:21,53700,card,1074,193,setl_fjubwhj4nuw113,captured
pay_xec2f7qnkwopth,order_3vg6zu1tt1r4ir,2026-02-28 06:58:59,167400,upi,0,0,setl_wg96a9tv3603ep,captured
pay_imdwlhtfpkmy78,order_kbi1satq3atkxq,2026-02-21 09:49:19,114900,netbanking,2183,393,setl_qal9h36vfum300,captured
pay_jbragidv251p1v,order_g7kt5p9909ojg0,2026-03-24 06:21:04,74500,card,1490,268,setl_bjuqk7c3un19bl,captured
pay_es26kmchq2rvwt,order_rkg674aexuueu3,2026-03-14 17:45:21,47500,netbanking,903,163,setl_ob1zbkbpqox76q,captured
pay_f3unpxgedh4v1o,order_mbimw4vkkhen0n,2026-01-24 12:47:13,119900,upi,0,0,setl_pe6faz7kvftyvi,refunded
pay_yyt7vw5f4wixjo,order_6ounpx4hf3mwlo,2026-01-10 18:02:06,213700,upi,0,0,setl_h9o3muublta3bw,captured
pay_eqcyubocchtbat,order_590csuxggkdgvt,2026-02-26 17:56:24,116800,upi,0,0,setl_t8widn28c970o0,captured
pay_p9z48rvjgu2nfb,order_fl4osr3abehgag,2026-01-31 16:30:50,60600,netbanking,1151,207,setl_4sse8tbudyqcih,captured
pay_u4t0do997kjz8s,order_yipryc58v3sdm5,2026-01-20 09:03:47,88900,upi,0,0,setl_i1ppblfh8tj5m7,captured
pay_lziptywft27xjg,order_wjp13r23lgbz4j,2026-03-23 10:01:09,73000,upi,0,0,setl_ihlz60xnvw9v27,captured
pay_i1tt965k1zb8lc,order_ppjz6cdg0k64q6,2026-01-11 16:38:56,129200,upi,0,0,setl_h9o3muublta3bw,captured
pay_39p2xal9iboyjd,order_8qpe2j6ejpknur,2026-03-30 10:11:30,75700,upi,0,0,setl_j85ptu7k9no41z,captured
pay_li4q32fd9f3avp,order_pn9qb0h81kv39s,2026-01-16 19:19:33,59500,upi,0,0,setl_jrm8iuv8pwnbst,captured
pay_wxf3ss3zq2rb1m,order_jmhrmdckslxman,2026-02-24 20:40:26,111800,upi,0,0,setl_dlrkavuq1t51a1,captured
pay_jf8ekhplgl9oej,order_jvqq4ok7ch6gn4,2026-03-16 08:51:43,77200,card,1544,278,setl_9ziplehvmcpcg3,captured
pay_bncrywz4pa1y7o,order_f7zggq3cykuae7,2026-01-08 14:33:07,84000,netbanking,1596,287,setl_xx3zh6x38f6k9i,captured
pay_upiixblovk3dgj,order_z2urr9oeejxwio,2026-01-07 12:44:51,320600,upi,0,0,setl_jde75ge9flap8q,captured
pay_jr666r1tbdyyad,order_o8izhwm48frxwh,2026-01-30 14:14:26,116300,upi,0,0,setl_4sse8tbudyqcih,captured
pay_ulapepss0u6bw8,order_inrr0k5hv2bayu,2026-01-22 13:39:45,47500,upi,0,0,setl_olhoefx33wper0,captured
pay_7u1ka4aymvt58t,order_3orom4ns9uxwi0,2026-01-28 07:26:57,36700,upi,0,0,setl_nxu2v0awbwkxj5,captured
pay_bru2tasbd0szn7,order_59rkyz9uzb0gva,2026-03-10 12:34:57,121500,netbanking,2309,416,setl_cy02355rxf3dgx,captured
pay_m8obzemauxsn1o,order_r8r7l8j057jzth,2026-01-05 19:00:25,33100,upi,0,0,setl_jb4iycka7ebxm4,refunded
pay_fc5zz9nisa3pi7,order_uwtp5a0tfkotgi,2026-02-10 07:01:16,34400,card,688,124,setl_ex4ek002gc2r1u,captured
pay_z630yimvgz3njg,order_07phtxaj2s5lfg,2026-02-11 22:08:45,37400,upi,0,0,setl_owvw9a3grfow7z,captured
pay_3rq51udfb4v9i0,order_1xgl9xyk9siqoj,2026-02-27 20:03:24,63900,card,1278,230,setl_wg96a9tv3603ep,captured
pay_xj1k7qhr6wxcmx,order_5m8xlf23qily8l,2026-02-01 21:07:40,71300,upi,0,0,setl_4sse8tbudyqcih,captured
pay_902cw43de5h9lv,order_qivj4lv4sqw0pt,2026-02-06 10:26:04,88700,upi,0,0,setl_x9629fsv80nszb,captured
pay_kvqp93ktlpvqh6,order_0dk18o5flf1msw,2026-03-19 08:32:31,131600,card,2632,474,setl_hjydfszyf4rzmu,captured
pay_ansyyuqvbyb13o,order_1bx4cgmdbtpka3,2026-01-29 14:35:59,134900,upi,0,0,setl_j502p555prthl8,captured
pay_o8ldqv0dp5ulrw,order_wlklojdhs508tz,2026-01-21 10:53:45,34800,netbanking,661,119,setl_7u76rb7en0399o,captured
pay_oo4rl4jk4lqpm9,order_yeijulcv0z5izq,2026-02-28 15:43:27,47400,upi,0,0,setl_wg96a9tv3603ep,captured
pay_oari6491z3gzg1,order_jaufrwljn4wvhs,2026-03-31 19:00:58,259200,upi,0,0,setl_63hjwsjao5sf4p,captured
pay_3kydq4i0vx7td5,order_vgcdo5cd8tlhky,2026-02-26 17:51:52,93100,upi,0,0,setl_t8widn28c970o0,captured
pay_6pqtebvkxzce8m,order_zvwo608bmm4tvu,2026-01-16 16:48:44,111000,card,2220,400,setl_jrm8iuv8pwnbst,captured
pay_qy02xgoqd31i88,order_i5g0owt3ibsmx1,2026-02-01 13:16:57,666900,upi,0,0,setl_4sse8tbudyqcih,captured
pay_z3zxgjzxgjtu4v,order_htxhfscyyfqh97,2026-01-18 12:05:57,37300,card,746,134,setl_jrm8iuv8pwnbst,captured
pay_7o3dleo0jdv6qt,order_ni06dv998uw8u5,2026-03-08 18:29:31,237100,upi,0,0,setl_8rcowtf1l5jtt6,captured
pay_iggf5h1tirh3ji,order_c62axkvw6wepeg,2026-01-26 20:45:58,99900,upi,0,0,setl_r7od0iq6cc73mp,captured
pay_jlurmmipb3n1o9,order_ulgkes48f41ksu,2026-02-06 14:36:41,36700,wallet,807,145,setl_x9629fsv80nszb,captured
pay_vdi4rva3dsou3o,order_949nf8vmz7xl90,2026-02-19 06:25:32,131800,upi,0,0,setl_57dkr8we1ld4hf,captured
pay_960f4sauuj0xp0,order_bygvv39n4wg3fl,2026-03-13 07:33:56,345900,upi,0,0,setl_ob1zbkbpqox76q,captured
pay_l1xiknudjbomji,order_vowafc5yb0ci3t,2026-03-21 15:19:23,70600,upi,0,0,setl_lkgzbjhy4tfgax,captured
pay_rer8drum3vxaan,order_h27zh2wextaadw,2026-03-29 18:20:38,235800,upi,0,0,setl_wqkvxto3gxvlu7,captured
pay_f1r2a1pse1i2bu,order_d6mu5lhayj2zi0,2026-01-11 20:39:34,134700,wallet,2963,533,setl_h9o3muublta3bw,captured
pay_6i7t81mpp69a4m,order_vx2l8l7ud624oi,2026-02-10 06:22:53,57600,netbanking,1094,197,setl_ex4ek002gc2r1u,captured
pay_6vhm10b48kialy,order_r5hrezx0bxeegi,2026-03-31 09:25:35,238700,card,4774,859,setl_63hjwsjao5sf4p,captured
pay_jvxsogch486uv3,order_c86kq7bfgs2qda,2026-03-29 07:25:59,109900,upi,0,0,setl_wqkvxto3gxvlu7,captured
pay_wet3bl52l5b7d5,order_zc8odpkkw0rxki,2026-01-01 11:29:44,34200,upi,0,0,setl_2lzlm5imf0kd5q,captured
pay_mi673hwqcu66fs,order_m6c8crjyyxxh5b,2026-02-23 18:26:09,270700,upi,0,0,setl_2ejmt21xr8n21l,refunded
pay_n2wqwglcgh58ow,order_ipoewevmb1xqwp,2026-03-10 08:31:25,33300,netbanking,633,114,setl_cy02355rxf3dgx,captured
pay_3q0xl8dbu4j4r6,order_sk1g3dbioapnxb,2026-01-17 15:00:35,119800,card,2396,431,setl_jrm8iuv8pwnbst,captured
pay_tko1a9qqlgq78c,order_aa3ovemmjclng9,2026-02-12 13:30:05,64300,upi,0,0,setl_blfhrgh8cu53a4,captured
pay_kap5cn4mirkbet,order_frjusmkbwgjewu,2026-01-05 17:13:37,47900,card,1271,229,setl_jb4iycka7ebxm4,captured
pay_wmg2mz5u32309s,order_7yumhtx0k272re,2026-01-31 11:03:23,135200,upi,0,0,setl_4sse8tbudyqcih,captured
pay_1vefh39vf8joof,order_xm8xy3uiuhfewd,2026-02-28 11:27:13,227700,upi,0,0,setl_wg96a9tv3603ep,captured
pay_7lrabkxfe5wlfa,order_1cdbvl02d3fmhh,2026-01-22 06:38:13,56300,upi,0,0,setl_olhoefx33wper0,captured
pay_p1r7md78pv7dp7,order_ifo32gc2sytb4r,2026-03-08 15:15:20,48000,upi,0,0,setl_8rcowtf1l5jtt6,captured
pay_duqljd2r7bvcri,order_1xm7lil337zcd0,2026-01-20 18:32:15,289500,upi,0,0,setl_i1ppblfh8tj5m7,captured
pay_rp0ycn5fwnuk3b,order_6shfquhe85yic2,2026-03-30 09:36:32,828600,upi,0,0,setl_j85ptu7k9no41z,captured
pay_g03jwpsklfjrz9,order_g3x6l7ob7ii7bj,2026-02-01 08:47:03,68900,card,1378,248,setl_4sse8tbudyqcih,captured
pay_7spkiz9x3uwfnq,order_66l6d3mhe3w07e,2026-03-18 19:49:50,59600,upi,0,0,setl_i779xkgycurgiw,captured
pay_zvzqwj2pvacrgu,order_6zp3ehsjio19rf,2026-02-17 16:09:25,54400,upi,0,0,setl_9994rz2os2zywh,captured
pay_z6d5v5bke0y5a0,order_i842dhr33udnyg,2026-02-27 15:58:20,61800,upi,0,0,setl_wg96a9tv3603ep,captured
pay_j1gtb8sj5lq0o6,order_rrby7xramvtqwn,2026-01-06 17:08:53,840600,upi,0,0,setl_8zu1ktsnub3qzg,captured
pay_zuoqkp0qhsmm0s,order_98gylworp36yvg,2026-03-09 22:53:06,77200,upi,0,0,setl_6qsiife23ixpuu,captured
pay_gkv15jxz6n7xbw,order_g2uhdhoael1azi,2026-03-06 06:52:20,45900,card,918,165,setl_8rcowtf1l5jtt6,captured
pay_8fb5j2raqs8u3q,order_w2puwcicnazg4a,2026-01-04 12:34:13,75000,wallet,1650,297,setl_wepzs7szuqc9f6,captured
pay_rm6eap0dtryone,order_oracj7k7qx7sov,2026-02-25 22:31:15,80500,upi,0,0,setl_fjubwhj4nuw113,captured
pay_lt6uv1sp6xyozd,order_zjca0pqizgnpt0,2026-03-30 09:10:05,206500,upi,0,0,setl_j85ptu7k9no41z,captured
pay_b6j8ipncz6bfyl,order_obsf31243agj73,2026-02-13 06:23:29,131300,upi,0,0,setl_9hpnkvdkx29mhx,captured
pay_8nmcu0f0w2tf12,order_u61rhcfn0feh95,2026-03-01 09:05:38,47200,upi,0,0,setl_wg96a9tv3603ep,captured
pay_zot1bqyyr0s26f,order_qe68qhf62rd276,2026-01-19 21:39:42,291800,upi,0,0,setl_ckovgkmddyvf20,captured
pay_p0a9rfu69tmzkr,order_zxuftt7aksuifw,2026-03-08 19:54:27,66900,upi,0,0,setl_8rcowtf1l5jtt6,captured
pay_lepey1440b6n7o,order_hpw6yscmx2gsko,2026-01-31 08:12:29,73900,wallet,1626,293,setl_4sse8tbudyqcih,captured
pay_0b92ykfdjvbk13,order_ee2hdf6wlusp1j,2026-03-13 16:20:26,244800,card,4896,881,setl_ob1zbkbpqox76q,captured
pay_3dwj8e9d6h9opc,order_fhxfatjljokg0q,2026-01-22 21:52:20,119500,upi,0,0,setl_olhoefx33wper0,captured
pay_3p9vv579kyuv0n,order_nnfoapg655upzw,2026-01-11 19:53:07,70000,upi,0,0,setl_h9o3muublta3bw,captured
pay_vt5xqizjsrch57,order_fgdtl9x5nf0pai,2026-03-29 21:01:50,39600,upi,0,0,setl_wqkvxto3gxvlu7,captured
pay_u56d1jcm2an32h,order_ymg1nj6j8dn945,2026-02-02 16:34:01,299000,upi,0,0,setl_l3k3kfcno0zwp9,captured
pay_h6bvz2j0oby4wy,order_dlcq42h5dxy0jk,2026-01-14 20:37:23,56300,card,1126,203,setl_opdcf6j5wixc2v,captured
pay_vkyyns76u8zuin,order_uw6dpfj350yeet,2026-03-11 21:33:16,47500,netbanking,903,163,setl_mi7tt2ol7lcfi6,captured
pay_714m0pbwd4sui4,order_ekt56lu9uak59a,2026-03-23 09:19:35,118900,upi,0,0,setl_ihlz60xnvw9v27,captured
pay_z0llb3ua6n7e3n,order_oalphpxeno2fbl,2026-02-15 09:52:41,48800,upi,0,0,setl_9hpnkvdkx29mhx,captured
pay_fhjrz1g6vk8smt,order_7u2g30xzo57jq0,2026-01-20 09:42:48,138800,netbanking,2637,475,setl_i1ppblfh8tj5m7,captured
pay_exeyulcbxjdegc,order_x8mtdr8mpe0ty7,2026-01-16 06:39:13,106000,card,2120,382,setl_jrm8iuv8pwnbst,captured
pay_swg18itiz50fbu,order_9hywlbq816fdn8,2026-03-11 14:02:47,134700,upi,0,0,setl_mi7tt2ol7lcfi6,captured
pay_5vvqjl41hhyr1x,order_u60cni5nphq4q8,2026-03-23 11:07:12,129200,upi,0,0,setl_ihlz60xnvw9v27,captured
pay_5eqfmfk8vmes5n,order_tblbjevcljg2rz,2026-03-06 21:37:16,69200,netbanking,1315,237,setl_8rcowtf1l5jtt6,captured
pay_m7aa4luvf10h1o,order_hubfzg50iveyzm,2026-03-17 22:22:24,269100,upi,0,0,setl_nf76s64rcbd6hk,captured
pay_2t9np8lbowcp60,order_p88gdetd1ymso0,2026-01-23 06:34:53,45700,wallet,1005,181,setl_pe6faz7kvftyvi,captured
pay_9x800j468g47ef,order_6puurkrwrpuv0i,2026-03-06 20:03:00,45400,card,908,163,setl_8rcowtf1l5jtt6,captured
pay_m24ocy2yz6diya,order_08wxi9emk36595,2026-02-27 11:19:24,214600,upi,0,0,setl_wg96a9tv3603ep,captured
pay_62qvp23kpujddq,order_ujocsbktppjory,2026-02-16 10:03:04,48600,card,972,175,setl_hyo0coscm1600j,captured
pay_rfc4ouh7wgl603,order_21kddx06zp3za3,2026-03-18 18:03:12,46000,card,920,166,setl_i779xkgycurgiw,captured
pay_gjh89dp2udhj3c,order_fqwv1jix2h0a1m,2026-03-24 22:22:39,268200,wallet,5900,1062,setl_bjuqk7c3un19bl,captured
pay_iraj6uuzwit266,order_a4z4q6z2syyv8t,2026-01-04 08:16:39,72400,upi,0,0,setl_wepzs7szuqc9f6,refunded
pay_kzf2y7p44c9qq3,order_fxzpybfn2dd7lj,2026-03-01 16:20:27,37500,upi,0,0,setl_wg96a9tv3603ep,captured
pay_s2h1rb9pg270ou,order_gs70vw4cypeaev,2026-03-25 07:05:35,60100,upi,0,0,setl_d932kldoq526i0,captured
pay_bugchuyvfrfksg,order_undww7y07y9yrr,2026-01-01 08:39:55,65500,upi,0,0,setl_2lzlm5imf0kd5q,captured
pay_minkg3m6dp9mca,order_4nlkdmxhd5mnzi,2026-02-27 20:52:15,710700,upi,0,0,setl_wg96a9tv3603ep,captured
pay_du2molhnggyrn1,order_fe6vlhi5iw2cf8,2026-03-30 17:55:27,76800,upi,0,0,setl_j85ptu7k9no41z,captured
pay_ycc0pu5kgqezjz,order_6ajlny9p42tzkv,2026-01-27 18:51:48,323600,card,6472,1165,setl_lmc6qbtpgvhqfs,captured
pay_3w6n32wga4mekl,order_noktcxyy0s97at,2026-01-05 18:08:42,78900,upi,0,0,setl_jb4iycka7ebxm4,refunded
pay_3g8z689kgm6i9j,order_yyfxgufaz385iz,2026-03-22 09:26:33,78800,upi,0,0,setl_lkgzbjhy4tfgax,captured
pay_rf7nfn0ekh66g4,order_5ssxppm19x5o0u,2026-01-14 13:30:45,50200,card,1004,181,setl_opdcf6j5wixc2v,captured
pay_7q0skol4cpvhny,order_7ff0n2ahx743qf,2026-01-22 06:24:19,70600,card,1412,254,setl_olhoefx33wper0,captured
pay_qqw64gw3u1aw0c,order_osmfx83sirxelv,2026-03-28 12:48:51,140400,wallet,3089,556,setl_wqkvxto3gxvlu7,captured
pay_b78yb90nfsqtob,order_r2rkkpkmhhe6mi,2026-02-14 21:09:30,232500,upi,0,0,setl_9hpnkvdkx29mhx,refunded
pay_0a2dk42xwvmnfw,order_4msmx6ctpi7mjt,2026-02-08 18:27:58,30500,upi,0,0,setl_x9629fsv80nszb,captured
pay_tsethzey6xp1ry,order_tc33em9c97xgre,2026-02-10 17:37:18,43200,card,864,156,setl_ex4ek002gc2r1u,captured
pay_4j0jcnvf6a1jms,order_hxc32qvx517suf,2026-03-27 07:24:58,386500,card,7730,1391,setl_wqkvxto3gxvlu7,captured
pay_ch8z23mk1twqu4,order_uq2ffm5dadtktg,2026-03-07 16:20:10,124900,upi,0,0,setl_8rcowtf1l5jtt6,captured
pay_9hm2v9wl0rqyc8,order_pqlg3hd7ljfscc,2026-01-30 11:14:48,40200,upi,0,0,setl_4sse8tbudyqcih,captured
pay_uas5ribfjvjnsh,order_oukksm0mtk9obn,2026-02-09 17:37:34,109200,upi,0,0,setl_s4l1ku1vti53ru,captured
pay_pu36u5z1wuqa2y,order_xek86c1blxt5fq,2026-03-18 09:29:18,47000,upi,0,0,setl_i779xkgycurgiw,captured
pay_c034i3tel3dnlv,order_7jpzwu61a9g5gd,2026-01-18 09:10:29,37500,upi,0,0,setl_jrm8iuv8pwnbst,captured
pay_c3kayf0su9r69k,order_gchszg74yybz7d,2026-01-20 14:27:05,130200,upi,0,0,setl_i1ppblfh8tj5m7,captured
pay_p0dyy8l9n4jig2,order_hk3bzf3x1sclmi,2026-02-27 13:11:46,159800,upi,0,0,setl_wg96a9tv3603ep,captured
pay_ztuh4pcmvra013,order_ga05jt2oi6xsgh,2026-03-03 07:10:56,121100,upi,0,0,setl_s36ohm15574nxh,captured
pay_qa2m386h881c3b,order_60q59jkiyotodu,2026-03-22 12:29:27,110200,wallet,2424,436,setl_lkgzbjhy4tfgax,captured
pay_9sn8udybx0d2pt,order_r2sgcikh70igko,2026-02-19 16:16:37,233300,netbanking,4433,798,setl_57dkr8we1ld4hf,captured
pay_4d2z345aw58wbq,order_uve9uusrpfvhxx,2026-01-18 07:22:33,30200,upi,0,0,setl_jrm8iuv8pwnbst,captured
pay_735a87sgrx77n8,order_gfmcimbd7ip4op,2026-02-26 13:32:01,342700,card,6854,1234,setl_t8widn28c970o0,captured
pay_nvtr6gfn2prc2n,order_e8koqjbqjoj25x,2026-02-09 06:32:27,431000,card,8620,1552,setl_s4l1ku1vti53ru,captured
pay_g7j0vycmq5ujs0,order_bdqsu677tw5t27,2026-03-31 09:02:06,118500,upi,0,0,setl_63hjwsjao5sf4p,captured
pay_u4ycfh1kskngr2,order_6b197xk8gud03k,2026-02-19 11:56:07,79400,card,797,143,setl_57dkr8we1ld4hf,captured
pay_m8jll1p8ngj94k,order_s02ov4qzft0y8x,2026-01-12 22:47:26,44800,netbanking,851,153,setl_9ein7jcd4rdl3a,captured
pay_6zf1qsuuic39r6,order_zaag37mww1w92o,2026-03-04 14:49:21,285100,upi,0,0,setl_id6lid416qfq61,captured
pay_l0erdsmzcjievr,order_85qzcx57lhuul5,2026-02-17 08:35:36,33600,card,672,121,setl_9994rz2os2zywh,captured
pay_6g4j7jbtc74h5y,order_6158juqgmy0qaa,2026-02-04 15:33:58,60600,netbanking,1151,207,setl_loeej8p0363err,captured
pay_ea91w35wdmq35w,order_4kc6c5nlqtkxwu,2026-02-24 11:24:39,83500,upi,0,0,setl_dlrkavuq1t51a1,captured
pay_o9fwzt0ag1m44w,order_ele9rsz8u7di57,2026-03-17 16:06:06,75200,card,1504,271,setl_nf76s64rcbd6hk,captured
pay_wrz2kfa850knxc,order_7tsv9uupjclqrs,2026-01-04 17:03:11,56600,upi,0,0,setl_wepzs7szuqc9f6,captured
pay_z60ghmuoi036k1,order_0z82uxvh0bopfj,2026-01-24 13:08:09,297700,upi,0,0,setl_pe6faz7kvftyvi,captured
pay_agtfxhl2ljeq5t,order_n1mknz1e4iagss,2026-01-29 10:35:48,130400,card,2608,469,setl_j502p555prthl8,captured
pay_9jjk2o35iyyeem,order_nxz2ifbb864m6z,2026-02-09 17:23:38,53400,netbanking,1015,183,setl_s4l1ku1vti53ru,captured
pay_x5ue9w36hoqh36,order_aust1juj04w3ya,2026-02-28 17:40:52,111700,netbanking,2122,382,setl_wg96a9tv3603ep,captured
pay_4tvf5ueyqbqnrv,order_2qe7pspcr4nkrs,2026-03-31 09:03:26,74300,card,1486,267,setl_63hjwsjao5sf4p,captured
pay_5b0elg20ycwn05,order_q1o40vcao6yqiw,2026-01-31 20:54:29,896700,card,17934,3228,setl_4sse8tbudyqcih,captured
pay_vyz83lyyb8h7mb,order_54uag3lw6en68l,2026-01-08 19:12:11,55300,upi,0,0,setl_xx3zh6x38f6k9i,captured
pay_z4qdyhhztkm2pr,order_bzstjdifskkoxw,2026-03-24 13:05:53,821500,upi,0,0,setl_bjuqk7c3un19bl,captured
pay_3pq92jf7pcjifj,order_80e50w3j6unx9v,2026-01-31 17:39:50,43800,upi,0,0,setl_4sse8tbudyqcih,captured
pay_ojwys3trwbppjg,order_t78awdbymvutm8,2026-03-22 11:39:35,316900,upi,0,0,setl_lkgzbjhy4tfgax,captured
pay_im61xp1yrs9j1h,order_xlwf8ao5id0stw,2026-03-29 10:10:36,76300,upi,0,0,setl_wqkvxto3gxvlu7,captured
pay_z4urzq7d1lr8pk,order_gxb0igpcmk4dzj,2026-03-05 16:01:44,51200,card,1024,184,setl_1pprr34her4zyz,captured
pay_smx94wckk8sx45,order_ovvrjmnv8t1wir,2026-03-21 22:41:49,323500,upi,0,0,setl_lkgzbjhy4tfgax,captured
pay_0p1epyu26ot8au,order_rrkrfr30vp97te,2026-01-24 19:51:57,675200,upi,0,0,setl_pe6faz7kvftyvi,captured
pay_h3rnsh50z0oo4z,order_zttneqb6qhct7w,2026-03-20 18:06:56,281500,upi,0,0,setl_lkgzbjhy4tfgax,captured
pay_fwk570v5o3oiqx,order_cr434nsnzx6uk2,2026-02-27 14:07:29,69100,card,1382,249,setl_wg96a9tv3603ep,captured
pay_3dlek9d13wz1rc,order_oxs12dabfjf7l2,2026-02-06 12:24:19,56200,upi,0,0,setl_x9629fsv80nszb,captured
pay_eud0uzqyudejtv,order_mvh3wm8g95m22v,2026-01-24 14:17:01,53900,netbanking,1024,184,setl_pe6faz7kvftyvi,captured
pay_5ecegkp41r903o,order_zixctdxtwoa3qu,2026-01-28 06:19:48,73000,upi,0,0,setl_nxu2v0awbwkxj5,captured
pay_k973d7qth5g80b,order_6clu342wyvqpw1,2026-01-06 18:05:32,74300,upi,0,0,setl_8zu1ktsnub3qzg,captured
pay_53osv6app0wm9k,order_9l8y3kc7jcjm3c,2026-01-25 19:03:05,103700,card,2074,373,setl_pe6faz7kvftyvi,captured
pay_s3d9ek7wyq3uqg,order_6jz5yf9xfl4pry,2026-03-11 09:43:20,134200,card,2684,483,setl_mi7tt2ol7lcfi6,captured
pay_fw28pmzv816f5b,order_v9wv1waj5kgm2h,2026-01-15 06:56:16,377900,upi,0,0,setl_grv7k1qff39825,captured
pay_9td7dzn0h9q8zv,order_082s4rbhx95yys,2026-01-18 10:32:50,58100,wallet,1278,230,setl_jrm8iuv8pwnbst,captured
pay_vlf9vlehqsi9kr,order_4mu5942m75cghj,2026-01-08 12:45:27,34700,upi,0,0,setl_xx3zh6x38f6k9i,captured
pay_m61w10jzks20qt,order_bbn95q0mv6e80t,2026-03-10 13:57:46,77000,wallet,1694,305,setl_cy02355rxf3dgx,captured
pay_8usxssujbd3bdq,order_1j6iqf5idepv6x,2026-02-24 18:50:33,325800,upi,0,0,setl_dlrkavuq1t51a1,captured
pay_82ztfk828oh39z,order_1gbgf478a6b9k7,2026-02-02 13:13:33,57200,wallet,1258,226,setl_l3k3kfcno0zwp9,captured
pay_8o4it0su40i6ul,order_nzo88y6itp1j1i,2026-02-19 07:04:50,36600,upi,0,0,setl_57dkr8we1ld4hf,captured
pay_r74mwub8ighnvi,order_1gjow77sdjr558,2026-03-05 15:58:37,141700,upi,0,0,setl_1pprr34her4zyz,captured
pay_yxvnxxmyjevhz5,order_1pfxifboochzls,2026-02-16 17:24:48,76000,upi,0,0,setl_hyo0coscm1600j,captured
pay_t2ccmzdxyez0p9,order_px25e2aclr8uub,2026-03-26 21:24:52,118600,card,2372,427,setl_86tilepkwugepq,captured
pay_2l3l7wod1a0d6x,order_9au8p2tl1nrce1,2026-01-29 16:28:04,124000,upi,0,0,setl_j502p555prthl8,captured
pay_k1ujicluebl937,order_33d5xvqfr62mhs,2026-01-22 21:07:57,523300,upi,0,0,setl_olhoefx33wper0,captured
pay_7sea395e67q3cn,order_njkjtmjtri41kv,2026-01-02 10:59:37,55500,upi,0,0,setl_wepzs7szuqc9f6,captured
pay_r0zs930fpeo4y7,order_ycuzf09bopk8jf,2026-01-21 08:40:50,231900,upi,0,0,setl_7u76rb7en0399o,captured
pay_l09za3m3qgept6,order_3ffap2kqy44u96,2026-03-29 10:53:14,31600,upi,0,0,setl_wqkvxto3gxvlu7,captured
pay_8jly1g8qszixjo,order_6h8612l39j0bl2,2026-01-20 09:02:11,235900,upi,0,0,setl_i1ppblfh8tj5m7,captured
pay_9i4cuu8y5hrd7j,order_7zb9ymbdaehytj,2026-03-03 19:26:44,40500,wallet,891,160,setl_s36ohm15574nxh,captured
pay_xmnlkvozngeixx,order_gbi27ra6el5pvj,2026-01-19 13:02:31,235600,upi,0,0,setl_ckovgkmddyvf20,captured
pay_bn4gmadwnj1yts,order_qz91ogxrbxsuh6,2026-03-16 06:40:33,124900,upi,0,0,setl_9ziplehvmcpcg3,refunded
pay_h6lyjf9gz7coyq,order_kgkw1dfg72k1i6,2026-02-26 18:25:22,336500,upi,0,0,setl_t8widn28c970o0,captured
pay_gz54lhgbyur0yq,order_012x1as2x6wlk2,2026-02-17 06:07:38,86000,upi,0,0,setl_9994rz2os2zywh,captured
pay_mka7gip4rrgx8b,order_rxt79rdpyqfnpa,2026-03-20 08:43:44,151100,upi,0,0,setl_lkgzbjhy4tfgax,captured
pay_mt77vwkda2pria,order_jilc0hir2kb4jl,2026-03-19 14:10:48,94800,card,1896,341,setl_hjydfszyf4rzmu,captured
pay_4z4vu7so00e3rs,order_81ho6p5cf7c5o6,2026-02-01 09:12:12,593400,upi,0,0,setl_4sse8tbudyqcih,captured
pay_toh679oid7afxb,order_3zqwypbtmn7crt,2026-01-15 13:28:53,148600,upi,0,0,setl_grv7k1qff39825,captured
pay_05ivjr6savlmes,order_47jigqtje268v0,2026-01-29 06:01:50,49700,card,994,179,setl_j502p555prthl8,captured
pay_18wato44truo8q,order_8fwrynustf6d4e,2026-02-28 19:30:38,111500,upi,0,0,setl_wg96a9tv3603ep,captured
pay_3t92ti4fri15zp,order_c4c0b8ziw38375,2026-03-03 11:18:38,33300,wallet,733,132,setl_s36ohm15574nxh,captured
pay_qmx9w0dng4du07,order_d4pbiebmc6w6fn,2026-02-07 06:06:04,96200,upi,0,0,setl_x9629fsv80nszb,captured
pay_pre6tc4x3gkc5t,order_5zrkhjs3thl3pe,2026-03-12 21:42:24,119600,upi,0,0,setl_pjr716gfgceh8w,captured
pay_e406n3z0nipd3p,order_gwicp6lp80zhfe,2026-01-12 12:32:10,299700,upi,0,0,setl_9ein7jcd4rdl3a,captured
pay_70qpvb17sk69a0,order_sg9dtba5udmluq,2026-01-01 19:15:43,120300,card,2406,433,setl_2lzlm5imf0kd5q,captured
pay_cd0wkgkpqwdxf2,order_rqjzwd4dqe1eh1,2026-03-01 16:18:58,319300,upi,0,0,setl_wg96a9tv3603ep,captured
pay_oxchmq1qro36wt,order_tsuo1isko7vsg5,2026-03-24 06:27:32,345600,upi,0,0,setl_bjuqk7c3un19bl,captured
pay_mno3in1014ez2e,order_il6thdge4z31dj,2026-03-08 08:14:00,41800,netbanking,794,143,setl_8rcowtf1l5jtt6,captured
pay_1dsgck4s2tpaet,order_yphj32n227tszl,2026-02-17 12:20:21,52500,upi,0,0,setl_9994rz2os2zywh,captured
pay_wgbpkcvoqwq6xn,order_a0rkurdlp1wry2,2026-01-19 15:11:09,100500,upi,0,0,setl_ckovgkmddyvf20,captured
pay_kawkvv2azu5hw5,order_7tha6pig16z2kc,2026-02-18 08:11:27,118600,upi,0,0,setl_marwnoou4khb0k,captured
pay_bj8exbp6eezzjx,order_008bykf6q05je1,2026-03-13 12:53:47,95800,upi,0,0,setl_ob1zbkbpqox76q,captured
pay_iqos3661mi4793,order_p1tz4mtk6wj7xc,2026-02-23 17:35:35,57500,upi,0,0,setl_2ejmt21xr8n21l,captured
pay_u70fn2dhzhy422,order_8soult8q5mwtb1,2026-03-12 11:27:01,310800,card,6216,1119,setl_pjr716gfgceh8w,captured
pay_xepwc2rbr6vhkj,order_4v3ktwtw1xbjkf,2026-03-09 21:01:31,733800,upi,0,0,setl_6qsiife23ixpuu,captured
pay_4misgvfd6p77yq,order_larrrr8b638of0,2026-02-28 06:19:55,30400,upi,0,0,setl_wg96a9tv3603ep,captured
pay_r4groulbcajeth,order_vvcq0qwyopxe1k,2026-03-25 16:38:27,81300,upi,0,0,setl_d932kldoq526i0,captured
pay_uhpxxlg1z7s612,order_279ht5lw3nvx36,2026-01-12 13:56:26,32200,upi,0,0,setl_9ein7jcd4rdl3a,captured
pay_ywazpqzsitxm9l,order_o21rrxnmjdsrib,2026-02-01 11:42:31,49300,upi,0,0,setl_4sse8tbudyqcih,captured
pay_niwwxivtuqga2o,order_2ypd9bh2px2f64,2026-03-11 19:52:23,819700,upi,0,0,setl_mi7tt2ol7lcfi6,captured
pay_1bc5prgwnnu1h2,order_ehw527b90uxq8c,2026-01-03 08:57:38,182200,netbanking,3462,623,setl_wepzs7szuqc9f6,captured
pay_ldkpueoh9n85r6,order_8d4k4kdpn2b2n3,2026-01-16 19:38:29,51400,upi,0,0,setl_jrm8iuv8pwnbst,captured
pay_hj2dwavwddpkza,order_2ciiqqis5jtyks,2026-02-07 16:11:07,43200,upi,0,0,setl_x9629fsv80nszb,captured
pay_ugakiinlsds6d8,order_i7d46qxlk7zoxi,2026-02-04 13:43:23,60800,netbanking,1155,208,setl_loeej8p0363err,captured
pay_mivjxy29e25ldw,order_hm2odzpt07yokh,2026-02-13 18:43:18,49000,netbanking,931,168,setl_9hpnkvdkx29mhx,captured
pay_23xasluo2us64r,order_1vtvc34uiado92,2026-01-22 10:18:13,68300,upi,0,0,setl_olhoefx33wper0,captured
pay_djwxfalcoegyz9,order_kukakzv8b399of,2026-03-26 22:51:30,102500,upi,0,0,setl_86tilepkwugepq,captured
pay_30giia1czpdshk,order_ax2pbec4mtn7za,2026-02-15 07:06:15,124400,upi,0,0,setl_9hpnkvdkx29mhx,captured
pay_quy25ohhsjyscq,order_dbc75fj5mfj9xs,2026-03-15 18:16:30,47500,upi,0,0,setl_ob1zbkbpqox76q,captured
pay_b56do537k4xvj5,order_qkzgwv82gzs3wj,2026-03-09 09:16:49,44900,upi,0,0,setl_6qsiife23ixpuu,captured
pay_el54eyetmwux82,order_9di5lze6stsegs,2026-01-03 06:13:23,88700,card,1774,319,setl_wepzs7szuqc9f6,captured
pay_k8akxon9upu4cu,order_n8jjy67s9xptg5,2026-02-07 09:36:04,64400,upi,0,0,setl_x9629fsv80nszb,captured
pay_81934nevnlt3a0,order_bl8q9zlm8qo78r,2026-03-26 07:16:08,32800,netbanking,623,112,setl_86tilepkwugepq,captured
pay_y0ix968h73yzk0,order_ye012sfxbto7q3,2026-03-02 19:40:41,73200,upi,0,0,setl_gxt8aimmy71t26,captured
pay_lka9suwitxp76l,order_ukms65r9vp030f,2026-03-25 17:05:31,133100,upi,0,0,setl_d932kldoq526i0,captured
pay_eebtnb7am9r8o8,order_ly3nm7caabe97u,2026-02-10 07:35:36,700100,upi,0,0,setl_ex4ek002gc2r1u,captured
pay_np22i4lujbrrau,order_3e2a5sli2uhz9r,2026-03-04 20:17:41,75700,upi,0,0,setl_id6lid416qfq61,captured
pay_qlrci4c0w4iaxt,order_ecaqijd5dj937k,2026-01-28 22:03:31,46600,upi,0,0,setl_nxu2v0awbwkxj5,captured
pay_nxxdkh4mili2ov,order_4r1a1h6hzctb2d,2026-02-17 14:07:02,68200,upi,0,0,setl_9994rz2os2zywh,captured
pay_n373aeati1wy75,order_x0rybl4t0419lp,2026-01-15 11:27:16,51700,card,1034,186,setl_grv7k1qff39825,captured
pay_hepzp28h0xblge,order_vxaoxyzp6ft2vh,2026-03-09 18:26:34,127700,netbanking,2426,437,setl_6qsiife23ixpuu,captured
pay_j2op0arcae9es8,order_gg871b177oern7,2026-01-01 08:08:19,59800,card,1196,215,setl_2lzlm5imf0kd5q,captured
pay_6yxgbd3c3x5kxh,order_978mv7grtmf213,2026-02-19 14:23:41,356800,card,7136,1284,setl_57dkr8we1ld4hf,captured
pay_rj021nmsj62e1o,order_s5i01df9lc4zp5,2026-02-18 19:20:48,39700,upi,0,0,setl_marwnoou4khb0k,captured
pay_58t8whdh32nejk,order_nnvdcimpkn23yu,2026-02-03 13:25:01,891100,upi,0,0,setl_cb3atkunlhj9mi,captured
pay_tjv8vooxho2z6j,order_y6vp7vkcq537sa,2026-01-05 19:59:41,537300,upi,0,0,setl_jb4iycka7ebxm4,captured
pay_gb96fze5pgcevk,order_u1dd79jr2srhsd,2026-03-22 10:37:54,77500,upi,0,0,setl_lkgzbjhy4tfgax,captured
pay_j7v2ajlay1zdzt,order_8aevzgoyrrac78,2026-01-18 11:05:18,73300,upi,0,0,setl_jrm8iuv8pwnbst,captured
pay_xjl73r1j1urmg5,order_c1e344k05cg3y7,2026-03-28 17:35:30,288400,card,5768,1038,setl_wqkvxto3gxvlu7,captured
pay_lcgc3zy246grwi,order_pf9bmo9sklg59r,2026-01-02 17:16:10,108300,card,2166,390,setl_wepzs7szuqc9f6,captured
pay_29avp8lchbw5dt,order_15uy4ybl19m5fd,2026-03-26 18:28:55,56700,upi,0,0,setl_86tilepkwugepq,captured
pay_27oro4d4eve0z5,order_jo5pv9834ay5w7,2026-01-03 20:44:37,46400,card,928,167,setl_wepzs7szuqc9f6,captured
pay_2rcqcnj0l77rgo,order_rpcdqv3qchc2hy,2026-03-11 16:54:14,101600,netbanking,1930,347,setl_mi7tt2ol7lcfi6,captured
pay_ag42e01vkmpin6,order_tfcw9m13yktrbp,2026-01-18 18:50:25,110400,upi,0,0,setl_jrm8iuv8pwnbst,refunded
pay_mmxnwp05aahw2o,order_x3uc63awqku6fu,2026-03-19 15:06:05,169900,upi,0,0,setl_hjydfszyf4rzmu,captured
pay_nqm5vlnt1q1cqq,order_c8zo2ecxl758z1,2026-01-26 13:44:46,72300,netbanking,1374,247,setl_r7od0iq6cc73mp,captured
pay_utidk3k96s2thm,order_u2s2g9olklhbhs,2026-02-26 18:16:52,107500,card,2150,387,setl_t8widn28c970o0,captured
pay_6qivgaxh38pgfx,order_5hf3rj8jhhxry2,2026-02-06 15:19:25,72100,card,1442,260,setl_x9629fsv80nszb,captured
pay_zcfno0es9w6eto,order_1dirdsn9zgi5zv,2026-02-12 20:50:42,112900,upi,0,0,setl_blfhrgh8cu53a4,captured
pay_f0f2ckya6xrc54,order_j7nvqeqeudeobr,2026-01-25 10:19:12,853700,upi,0,0,setl_pe6faz7kvftyvi,captured
pay_5malkk9e8yi3ie,order_souyygnjo5dj1h,2026-02-11 09:51:14,217800,card,4356,784,setl_owvw9a3grfow7z,captured
pay_giqxch600e0wtm,order_n5h7ynv97ubyn2,2026-02-12 18:23:38,725700,upi,0,0,setl_blfhrgh8cu53a4,captured
pay_k1v63kz5pnxiz2,order_8ymls0h7wxfa39,2026-01-09 07:18:11,97700,upi,0,0,setl_h9o3muublta3bw,captured
pay_vzge2lr87tu4ib,order_vuax4dub228i26,2026-02-24 14:02:28,53700,upi,0,0,setl_dlrkavuq1t51a1,captured
pay_g4ltgnhpvgouu5,order_w440boa0g0s5cu,2026-03-15 16:28:29,318000,upi,0,0,setl_ob1zbkbpqox76q,captured
pay_ayzjxwgag1i27t,order_rzx4gug594z8uf,2026-01-16 13:24:16,176700,upi,0,0,setl_jrm8iuv8pwnbst,captured
pay_eqq5s7uebg9mjx,order_3iebxvt3g2gz83,2026-01-03 19:32:01,38500,upi,0,0,setl_wepzs7szuqc9f6,captured
pay_73et3pur7z9rqm,order_nfs0gwr800vd92,2026-01-19 10:50:27,259600,upi,0,0,setl_ckovgkmddyvf20,captured
pay_ec1flayllnld1z,order_6wgdli0rf3js21,2026-03-30 17:46:52,35600,upi,0,0,setl_j85ptu7k9no41z,captured
pay_ffrjzu1i5m9mpu,order_c10ybdc1zi27cr,2026-02-04 16:27:55,37300,upi,0,0,setl_loeej8p0363err,captured
pay_9t3fjxw9om8goi,order_x5m9rak2ozdc1j,2026-03-03 15:39:19,258600,upi,0,0,setl_s36ohm15574nxh,captured
pay_nvwd2l97ynuuci,order_62qmtot6k0py5g,2026-02-26 09:41:03,121200,upi,0,0,setl_t8widn28c970o0,captured
pay_slnmz2ti4vh51o,order_fqle2a6c5er69o,2026-03-02 15:50:14,137300,upi,0,0,setl_gxt8aimmy71t26,captured
pay_d3ocv0xswij76a,order_j7s1nq2smpxr41,2026-02-14 15:39:05,141900,upi,0,0,setl_9hpnkvdkx29mhx,captured
pay_2xzymyjmppm1u0,order_e6nbi0k897zkxv,2026-02-27 16:30:31,67700,netbanking,1286,231,setl_wg96a9tv3603ep,captured
pay_6l70fuu0oeq8r8,order_q90w00rqinotw4,2026-02-09 18:35:57,55900,upi,0,0,setl_s4l1ku1vti53ru,captured
pay_lencz31aju914h,order_bvmysulgzdz6hl,2026-03-24 17:03:17,92800,upi,0,0,setl_bjuqk7c3un19bl,captured
pay_ro7srgiy9abv2l,order_iiw88h1lrmdwfm,2026-02-26 14:59:37,95900,upi,0,0,setl_t8widn28c970o0,captured
pay_ecmu7aohk5grat,order_abo4ejsubxuotb,2026-02-05 07:52:51,43400,upi,0,0,setl_9redif5czb1c2o,captured
pay_omgd6unql1rexi,order_ro6y5uvpny1s5h,2026-03-03 17:05:42,534700,upi,0,0,setl_s36ohm15574nxh,refunded
pay_eys6iouf8l94qy,order_ewfw16jz8e1220,2026-01-14 16:56:58,172200,upi,0,0,setl_opdcf6j5wixc2v,captured
pay_yjr0dwmucivtob,order_majjo58mav3m2b,2026-03-20 09:31:24,136400,upi,0,0,setl_lkgzbjhy4tfgax,captured
pay_b14f1do37obfu7,order_niicn08tgyxygw,2026-01-13 16:44:45,74100,upi,0,0,setl_svzb0gabvczqv4,captured
pay_7olzzsng9b3ed5,order_5gfuzmd86g3kgw,2026-01-30 09:49:07,158300,upi,0,0,setl_4sse8tbudyqcih,captured
pay_nom6iz7oramuy6,order_fwrinmd2psv1yt,2026-02-26 06:11:19,70500,upi,0,0,setl_t8widn28c970o0,captured
pay_42j8zcb06r8c08,order_62biyd2bwe30tl,2026-02-15 15:08:13,896100,card,17922,3226,setl_9hpnkvdkx29mhx,refunded
pay_vorinhnhjjaqzg,order_w1wgl2lty41xqz,2026-01-04 17:53:20,32600,upi,0,0,setl_wepzs7szuqc9f6,captured
pay_8q5q37uwcftlxx,order_l15txlkyj92m2d,2026-01-03 15:25:02,57400,card,1148,207,setl_wepzs7szuqc9f6,captured
pay_lp4ve1dxoqx490,order_z2ym8drhp4d7ea,2026-01-05 09:19:12,127000,card,2540,457,setl_jb4iycka7ebxm4,captured
pay_w1tdo9vxvsk202,order_5ajsasx99bk6n2,2026-03-11 17:08:58,132900,upi,0,0,setl_mi7tt2ol7lcfi6,captured
pay_gios6tn9ca5ioj,order_h1ftdvbi2jyek2,2026-01-03 17:26:09,69700,wallet,1533,276,setl_wepzs7szuqc9f6,captured
pay_h0o4t8hgw8vqp0,order_ns1l2tyiq8pc0f,2026-03-01 12:16:33,115800,netbanking,2200,396,setl_wg96a9tv3603ep,captured
pay_vv1s8zubtq90db,order_06i55th2vhlina,2026-03-24 13:23:52,31800,card,636,114,setl_bjuqk7c3un19bl,captured
pay_8cz6tjkecj06hk,order_uz1hhzcp5soxqd,2026-03-05 08:00:56,121700,netbanking,2312,416,setl_1pprr34her4zyz,captured
pay_bwzig9krulymu3,order_qvgbou5rylouca,2026-03-03 21:54:08,100400,upi,0,0,setl_s36ohm15574nxh,captured
pay_cqzf7kdz5ozekq,order_mwn30ev5gly19z,2026-02-04 14:54:11,74700,upi,0,0,setl_loeej8p0363err,captured
pay_3w8a4rld4zbwmr,order_cr07x8wp5lhgmw,2026-01-31 15:27:39,239300,upi,0,0,setl_4sse8tbudyqcih,captured
pay_kgiu08jb6ztv8l,order_ux47uuuouwg0qg,2026-01-22 20:24:22,76500,upi,0,0,setl_olhoefx33wper0,captured
pay_tg5f1mow6q8pge,order_idreq11s0l3fwx,2026-03-22 06:29:43,212800,upi,0,0,setl_lkgzbjhy4tfgax,captured
pay_gt6ah1bk4rk4ka,order_01yh4k6z567ct1,2026-03-25 18:26:14,68900,upi,0,0,setl_d932kldoq526i0,captured
pay_jk7j7g6ig40t9s,order_urj3zd9z07hfpt,2026-03-20 18:42:30,53800,card,1076,194,setl_lkgzbjhy4tfgax,captured
pay_xa47273w1db022,order_8ikvtgx1qgs0nc,2026-03-29 22:46:13,92500,upi,0,0,setl_wqkvxto3gxvlu7,captured
pay_gfuz5c8i9hi148,order_uk0kqnwu7hesw0,2026-01-31 13:44:35,29900,card,598,108,setl_4sse8tbudyqcih,captured
pay_pkjwmvsoziwl95,order_pkyzlt8d4i6fyr,2026-01-04 11:06:56,114300,upi,0,0,setl_wepzs7szuqc9f6,captured
pay_evswicv5p4myr0,order_dngpps84l0xxh1,2026-01-09 19:45:03,111500,card,2230,401,setl_h9o3muublta3bw,captured
pay_lq2jygp9peuo96,order_hjyzpsmz6hxgda,2026-03-15 17:43:57,217000,upi,0,0,setl_ob1zbkbpqox76q,captured
pay_w51h2ksr8nk0lv,order_h9nrw6htuxvrtx,2026-01-29 16:32:08,62200,wallet,1368,246,setl_j502p555prthl8,captured
pay_wwal5gk6kspq73,order_61o8smaq51ljlm,2026-02-27 18:24:54,244700,card,4894,881,setl_wg96a9tv3603ep,captured
pay_fssu26vzjrtarh,order_bsdgv318p5glgs,2026-03-13 13:03:07,269700,wallet,5933,1068,setl_ob1zbkbpqox76q,captured
pay_nbhm7h3bsdkeb5,order_y1exfldcj8vamj,2026-03-21 17:03:58,169500,netbanking,3221,580,setl_lkgzbjhy4tfgax,captured
pay_hucftihrk7q2zj,order_057sudg8cgvag3,2026-02-20 18:10:03,110500,card,2210,398,setl_qal9h36vfum300,captured
pay_l0sy3ie15eoirn,order_1kubrga28rwsu1,2026-01-30 08:56:16,238800,card,4776,860,setl_4sse8tbudyqcih,captured
pay_wk7yeq8t1nh2qe,order_9fcr2yamd896vk,2026-01-15 08:46:00,112000,upi,0,0,setl_grv7k1qff39825,captured
pay_9ksxxxioddfwtx,order_zhutx0v9ntp568,2026-02-10 13:38:41,164400,upi,0,0,setl_ex4ek002gc2r1u,captured
pay_uxceowgczvty2j,order_f7hqzizwiwj6yh,2026-03-01 07:19:18,157100,upi,0,0,setl_wg96a9tv3603ep,captured
pay_09z6qajzjmr7qo,order_82slybc720vj26,2026-03-28 12:01:46,42400,upi,0,0,setl_wqkvxto3gxvlu7,captured
pay_funft7savnh5z8,order_qspqybk1bfdsa2,2026-01-29 18:14:58,50000,upi,0,0,setl_j502p555prthl8,captured
pay_exb7ted24xhr3a,order_wy7r58z9q2jhkg,2026-02-26 11:20:30,144100,upi,0,0,setl_t8widn28c970o0,captured
pay_dhilhgsnjuclt6,order_bclygq9cam022d,2026-03-31 19:06:03,198200,upi,0,0,setl_63hjwsjao5sf4p,captured
pay_8qqpw111ytmvr4,order_wgkd6wt501vpcq,2026-03-31 18:44:04,51400,upi,0,0,setl_63hjwsjao5sf4p,captured
pay_qlq49gmj7jof8e,order_jl5duwlkf5a74b,2026-02-26 11:09:13,61500,upi,0,0,setl_t8widn28c970o0,captured
pay_cn1gaj0eo8805x,order_zrrcutayffquaw,2026-01-20 12:44:48,72400,netbanking,1376,248,setl_i1ppblfh8tj5m7,captured
pay_ksorvyvbvolhlz,order_wiqc43mkocx6ww,2026-02-23 07:16:09,66700,card,1334,240,setl_2ejmt21xr8n21l,captured
pay_ii4h6fz00ijts6,order_3vbbsqgxkfei2k,2026-02-25 10:58:27,134300,netbanking,2552,459,setl_fjubwhj4nuw113,captured
pay_cxozc42lpf3pl9,order_jiedgf79mkqlny,2026-01-29 07:56:08,63400,upi,0,0,setl_j502p555prthl8,captured
pay_udndaa9rbzc4gt,order_6zrzglz3pselbk,2026-01-24 07:16:48,34400,upi,0,0,setl_pe6faz7kvftyvi,captured
pay_gt3j7e0z355o7d,order_gccsjd2qrn9gii,2026-01-02 22:03:07,125800,upi,0,0,setl_wepzs7szuqc9f6,captured
pay_6ybbmmsp4pi07b,order_rvtbekfgw70afm,2026-03-09 19:15:34,214000,netbanking,4066,732,setl_6qsiife23ixpuu,captured
pay_15jga3q8o3tvm6,order_1g4h9hfszr6af9,2026-01-05 07:20:24,264900,upi,0,0,setl_jb4iycka7ebxm4,captured
pay_2louiyyw1gs75p,order_9ted7awrxw9byq,2026-01-25 06:52:31,114300,card,2286,411,setl_pe6faz7kvftyvi,captured
pay_fwndn2capiq2l1,order_4wxk7r3ph0sx6s,2026-01-30 09:00:07,814000,upi,0,0,setl_4sse8tbudyqcih,captured
pay_n636jhl0rnsle0,order_4iqpr16muxnum4,2026-01-05 20:07:49,48800,upi,0,0,setl_jb4iycka7ebxm4,captured
pay_3fp74c7o8iuhtw,order_vk07o36cxkw6kv,2026-02-28 12:37:47,45600,upi,0,0,setl_wg96a9tv3603ep,captured
pay_s138veiy3xaa2c,order_a748txfnw4bl15,2026-02-27 16:21:19,67600,upi,0,0,setl_wg96a9tv3603ep,captured
pay_x9wh1h48826fpq,order_bn2tnczgf7139x,2026-02-28 22:27:50,79100,upi,0,0,setl_wg96a9tv3603ep,captured
pay_a98egj6jy9f68q,order_k3mi4cj8eh9q2k,2026-03-25 10:28:43,50200,upi,0,0,setl_d932kldoq526i0,captured
pay_mb8vtgrnx3xz5e,order_cxyuuajx4n72nz,2026-01-21 19:06:51,64200,upi,0,0,setl_7u76rb7en0399o,captured
pay_m2n5e9s4dvxygv,order_ykla9qj8gj65j9,2026-03-21 13:50:10,78000,upi,0,0,setl_lkgzbjhy4tfgax,captured
pay_iy6nrv4laoll44,order_m9h4cyoxh4fyc2,2026-03-08 20:48:36,822500,upi,0,0,setl_8rcowtf1l5jtt6,refunded
pay_8x1e8qoni6jqkc,order_t3gnxodz9vly0x,2026-01-06 13:37:32,116900,upi,0,0,setl_8zu1ktsnub3qzg,captured
pay_mfu9h8k0r10hku,order_cxx6gwkviqphhf,2026-02-02 11:12:42,63800,upi,0,0,setl_l3k3kfcno0zwp9,captured
pay_ih8znnz6zshkmz,order_omb7fyt7drbvpr,2026-01-04 16:32:16,67900,upi,0,0,setl_wepzs7szuqc9f6,captured
pay_pfnatiu03lukb1,order_11wkxujpyj48g8,2026-03-03 16:28:44,96300,card,1926,347,setl_s36ohm15574nxh,captured
pay_ut0145vwxwxaj5,order_0ydq7wy2fodqje,2026-01-31 20:02:58,116000,card,2320,418,setl_4sse8tbudyqcih,captured
pay_znfychav37vqkx,order_d3ve3nfswmkxku,2026-01-18 19:34:30,314700,upi,0,0,setl_jrm8iuv8pwnbst,captured
pay_evgrd68giggulz,order_l41j8qwoo3rw5a,2026-01-30 18:11:14,104100,card,2082,375,setl_4sse8tbudyqcih,captured
pay_qy1ixmf8i182dd,order_q9e6dajr8p5z1b,2026-02-04 18:34:41,808700,netbanking,15365,2766,setl_loeej8p0363err,captured
pay_m3c4cad8245xyw,order_fdakutqd8scxdf,2026-03-28 17:47:14,69500,card,1390,250,setl_wqkvxto3gxvlu7,captured
pay_lbja99l3qpdsxj,order_yt3r6dx4i961cs,2026-02-23 19:43:34,41100,upi,0,0,setl_2ejmt21xr8n21l,captured
pay_r9qrcdby0qnebj,order_75tosmib10kit8,2026-03-23 13:56:57,349800,upi,0,0,setl_ihlz60xnvw9v27,captured
pay_rxipagj4tfzql8,order_boqu2gim6opukd,2026-03-03 09:39:04,132800,netbanking,2523,454,setl_s36ohm15574nxh,captured
pay_8ys3mq5y3er1tp,order_mziwyjtxq8f3nt,2026-03-28 16:36:41,33500,netbanking,1297,233,setl_wqkvxto3gxvlu7,captured
pay_jis6a66ldq9x3l,order_0bkffbezmlyjx2,2026-01-31 09:44:57,60800,upi,0,0,setl_4sse8tbudyqcih,captured
pay_0q0xkga6ewumfg,order_k8wk4ww3645jns,2026-02-15 20:55:09,100200,upi,0,0,setl_9hpnkvdkx29mhx,captured
pay_pmfryb2kwbi62s,order_nhurma4jl4vwkk,2026-02-28 08:32:20,107300,card,2146,386,setl_wg96a9tv3603ep,captured
pay_8kvlbnrmzdv8q5,order_9o6pbqn0o0f35h,2026-03-13 20:28:09,52600,upi,0,0,setl_ob1zbkbpqox76q,captured
pay_xaojynbchaijh8,order_b6yek7usb4503n,2026-03-03 12:28:17,107100,card,2142,386,setl_s36ohm15574nxh,refunded
pay_bojep5hr13s5ge,order_b3it3m2ljihzu6,2026-02-17 07:50:38,74900,card,1498,270,setl_9994rz2os2zywh,captured
pay_svgq9j4bha20np,order_v2bkirnqok4mmx,2026-02-17 15:45:24,98400,upi,0,0,setl_9994rz2os2zywh,captured
pay_cqnl1fzinlgbk1,order_sp3aqlfo5k3zc0,2026-01-05 13:49:56,132400,card,2648,477,setl_jb4iycka7ebxm4,captured
pay_talp96njsslac7,order_wbdj7l8a8gfuuf,2026-01-30 10:15:03,130300,upi,0,0,setl_4sse8tbudyqcih,captured
pay_idhamdydmmm3bi,order_yax8ncxnxnhq19,2026-01-30 11:14:15,136900,upi,0,0,setl_4sse8tbudyqcih,captured
pay_ar7hrt8wkcm6s2,order_5cx4a1p3jdw8ox,2026-03-17 19:56:57,61900,card,1238,223,setl_nf76s64rcbd6hk,captured
pay_daoug2dej1j3ff,order_z7jpc4w7mdejtv,2026-03-27 22:26:52,48700,upi,0,0,setl_wqkvxto3gxvlu7,captured
pay_zyyketgbuhm5nd,order_kdehym5ad2bmw1,2026-02-26 12:56:02,50600,upi,0,0,setl_t8widn28c970o0,captured
pay_v7qt0nxklxtwwv,order_yl5cmy69relt40,2026-02-20 08:24:35,92100,card,1842,332,setl_qal9h36vfum300,captured
pay_hr7ucwntg42ycs,order_h3ekkucduwvwft,2026-02-12 19:04:12,62900,netbanking,1195,215,setl_blfhrgh8cu53a4,captured
pay_t5w1t3phuhx3rr,order_uqtitrs0yz6i0m,2026-01-12 20:16:22,46000,upi,0,0,setl_9ein7jcd4rdl3a,captured
pay_p90u7y4fo6twkb,order_zkfxq4ie6rnx5j,2026-03-08 22:19:05,31500,upi,0,0,setl_8rcowtf1l5jtt6,captured
pay_ivognnjfdmzyd7,order_yr5mrjuv25daez,2026-03-30 12:26:03,144200,upi,0,0,setl_j85ptu7k9no41z,captured
pay_joy8bbb21ntcrb,order_rig2kia1pv092y,2026-01-12 09:32:34,112800,card,2256,406,setl_9ein7jcd4rdl3a,captured
pay_mt6jrqw96apn92,order_okw2ibk2lyayez,2026-02-03 12:18:27,65400,card,1308,235,setl_cb3atkunlhj9mi,captured
pay_3e7wj4qf1k758t,order_097t2ln8tmyooj,2026-03-30 16:59:26,70700,upi,0,0,setl_j85ptu7k9no41z,captured
pay_8yalz166mqziu5,order_h9hj50pberivnl,2026-03-20 06:52:37,58200,wallet,1280,230,setl_lkgzbjhy4tfgax,captured
pay_f5zucllk6rwsj5,order_fri1dk2x8skmbp,2026-03-17 15:04:25,32800,upi,0,0,setl_nf76s64rcbd6hk,captured
pay_jm48yhrmdr6jzw,order_dooww5yullrrv7,2026-03-07 22:30:44,42100,upi,0,0,setl_8rcowtf1l5jtt6,captured
pay_7ffm132o4cjth5,order_ybltljdi6b8utp,2026-03-21 22:43:58,76800,upi,0,0,setl_lkgzbjhy4tfgax,captured
pay_st2pbhl1j1l2by,order_4877fvlzcxtht0,2026-01-30 14:48:05,148400,upi,0,0,setl_4sse8tbudyqcih,captured
pay_ff5wza7p08g9fz,order_jskgscz2avwduw,2026-01-19 09:32:12,252300,upi,0,0,setl_ckovgkmddyvf20,captured
pay_j4otb9lx4u0f2v,order_9w2s7nqre6tlfc,2026-03-24 22:55:27,116600,upi,0,0,setl_bjuqk7c3un19bl,captured
pay_s1730bqn4064vp,order_96nys9p1bkrebb,2026-01-23 09:56:49,128600,upi,0,0,setl_pe6faz7kvftyvi,captured
pay_8iaed4ehjhi5q0,order_q4sq14u9b7n59m,2026-01-13 15:09:34,533700,upi,0,0,setl_svzb0gabvczqv4,captured
pay_xrgzrfh0a5npow,order_ocdchzp5fhivwt,2026-03-12 11:34:03,64500,card,1290,232,setl_pjr716gfgceh8w,captured
pay_ge8nxuv8yi5yp6,order_aeqhe4nihj49ur,2026-03-01 07:06:15,299600,card,5992,1079,setl_wg96a9tv3603ep,captured
pay_d3hepe2dzf30sl,order_w5327asn2u8yh9,2026-02-01 19:39:14,69400,card,1388,250,setl_4sse8tbudyqcih,captured
pay_fltdfnl4n1cfk8,order_b2cyroc2b5g6h0,2026-01-06 19:50:16,59000,netbanking,1121,202,setl_8zu1ktsnub3qzg,captured
pay_3scm2gmfrjmnwp,order_mlgqqd30pnluwg,2026-01-31 20:47:36,194000,netbanking,3686,663,setl_4sse8tbudyqcih,captured
pay_birsj841pnhtgo,order_qqnqoibz0aqvaw,2026-02-03 17:49:53,74700,upi,0,0,setl_cb3atkunlhj9mi,captured
pay_y8m67y8awa7yuk,order_mvmsa1oq3ri8b8,2026-01-16 21:14:13,133000,upi,0,0,setl_jrm8iuv8pwnbst,captured
pay_uljow41dgx7hh0,order_2j142chexcteeu,2026-02-01 17:14:55,179100,netbanking,3403,613,setl_4sse8tbudyqcih,captured
pay_nv77qzjjcc7mix,order_jg8mz2x383yszs,2026-03-31 19:54:39,60600,card,1212,218,setl_63hjwsjao5sf4p,captured
pay_rl3ghrods6ytaw,order_i4b0vsxoov3xxn,2026-02-10 13:20:18,123300,card,2466,444,setl_ex4ek002gc2r1u,captured
pay_w0vbyxpxtz3o91,order_y6demu28juojpq,2026-02-19 20:41:51,69600,wallet,1531,276,setl_57dkr8we1ld4hf,captured
pay_6gcxuegjbfz9rx,order_j0iy0faz5pn705,2026-02-24 06:45:33,48700,wallet,1071,193,setl_dlrkavuq1t51a1,captured
pay_9aqo2mngowj78n,order_co24i8f5x3ca1d,2026-02-05 06:37:31,343400,upi,0,0,setl_9redif5czb1c2o,captured
pay_3zi1gpjfv2eeso,order_2yakryr579yorh,2026-03-11 07:34:30,71400,netbanking,1357,244,setl_mi7tt2ol7lcfi6,captured
pay_x8kjgmjdxxu990,order_3f2l66yhcv97ro,2026-01-27 15:03:34,62400,upi,0,0,setl_lmc6qbtpgvhqfs,captured
pay_at558b99sztgsh,order_z87ho9rjixl0si,2026-01-19 22:32:16,895300,upi,0,0,setl_ckovgkmddyvf20,captured
pay_j7rjcg36s87c6w,order_catdtvwutnlf61,2026-03-05 09:17:15,34300,upi,0,0,setl_1pprr34her4zyz,captured
pay_peodz8e5pnwsl4,order_jl4mweomd7kwko,2026-01-29 11:36:55,104900,upi,0,0,setl_j502p555prthl8,captured
pay_v3i7ox3uev6556,order_ghwtdv7woip621,2026-02-07 15:37:57,266600,wallet,5865,1056,setl_x9629fsv80nszb,captured
pay_scneevwzvogtzr,,2026-03-11 14:22:36,76400,card,1528,275,setl_mi7tt2ol7lcfi6,refunded
pay_8za5bz450sp970,order_qo56xjag1j06tj,2026-02-07 07:59:15,121700,upi,0,0,setl_x9629fsv80nszb,captured
pay_r6gkzfze4usbms,order_7ymi3jtmimy3p2,2026-03-05 15:12:20,54400,netbanking,1034,186,setl_1pprr34her4zyz,captured
pay_286q4nbwi7hc3c,order_feti92n7mbb3lh,2026-02-04 19:24:01,107200,upi,0,0,setl_loeej8p0363err,captured
pay_o6g7i9ilw9t3wd,order_jljjke87sa4lo4,2026-01-29 07:18:44,608900,upi,0,0,setl_j502p555prthl8,captured
pay_wkhwyrqzilicvk,order_mwbbyny8zyedpo,2026-03-12 20:03:07,105700,upi,0,0,setl_pjr716gfgceh8w,captured
pay_kyp0ehwr0xwznu,order_zs6h72g5a5y7nm,2026-02-23 09:35:26,825200,card,16504,2971,setl_2ejmt21xr8n21l,captured
pay_ymi13gjapp3kr0,order_0ueoluk8jg2o8q,2026-01-13 14:57:04,230000,upi,0,0,setl_svzb0gabvczqv4,captured
pay_4c6y057vprap1j,order_znw28x39fhzu16,2026-02-27 12:53:37,114500,upi,0,0,setl_wg96a9tv3603ep,captured
pay_cm91nxf7r4jq9m,order_h4zd6qllg521vc,2026-02-10 07:29:25,86900,upi,0,0,setl_ex4ek002gc2r1u,captured
pay_crms3oxnv8vrzy,order_iny3ii0iueqqzo,2026-01-23 16:08:54,286300,upi,0,0,setl_pe6faz7kvftyvi,captured
pay_uvfuqjdm13fi3x,order_z6dzxz6s79ojma,2026-02-05 19:34:49,295600,upi,0,0,setl_9redif5czb1c2o,captured
pay_qpnctcwsx4stn9,order_dzpc6afy14y1sf,2026-03-25 21:34:46,306800,netbanking,5829,1049,setl_d932kldoq526i0,captured
pay_7kfctrajo819v9,order_7sgttbbjkux3j1,2026-02-16 13:45:55,60000,upi,0,0,setl_hyo0coscm1600j,captured
pay_oyj27cq2pck0r1,order_bflf4kutnqowmp,2026-01-23 08:50:38,60400,upi,0,0,setl_pe6faz7kvftyvi,refunded
pay_p2hot6ht5je40i,order_rkvecd4abm5b2w,2026-03-08 12:13:11,54400,upi,0,0,setl_8rcowtf1l5jtt6,captured
pay_pgj6k05wcpd1x7,order_vhfnflxk2r93e4,2026-02-15 16:48:53,186400,upi,0,0,setl_9hpnkvdkx29mhx,captured
pay_ustsm545rli6vp,order_aowph92ki1nfw0,2026-02-20 09:03:16,188600,upi,0,0,setl_qal9h36vfum300,captured
pay_xw2ubetqlkbhhu,order_odgvx70el3cnxw,2026-03-05 13:31:03,78200,upi,0,0,setl_1pprr34her4zyz,captured
pay_7tlsd0cuh52bxe,order_5k2vop91cg597e,2026-01-25 15:52:46,58800,card,1176,212,setl_pe6faz7kvftyvi,captured
pay_e3jgq4zzwj0dao,order_ykk9ius93koak8,2026-03-09 07:40:54,252500,upi,0,0,setl_6qsiife23ixpuu,captured
pay_ggdonb6agdqd22,order_v4kru9pqycffcp,2026-02-10 10:50:37,43900,upi,0,0,setl_ex4ek002gc2r1u,captured
pay_3m88oeqcm9n3vw,order_u3pfgbbyct8lb9,2026-03-04 20:41:22,775100,upi,0,0,setl_id6lid416qfq61,captured
pay_zkqccdc57iqzly,order_q1vo5kikdix9ta,2026-01-09 18:49:23,34700,upi,0,0,setl_h9o3muublta3bw,captured
pay_8s203zmbxp6ask,order_pz2lwa07fdgzfq,2026-01-01 18:05:17,138800,upi,0,0,setl_2lzlm5imf0kd5q,captured
pay_yomtf1n5a4mobx,order_smqdp54hu0409m,2026-03-22 15:15:41,301800,upi,0,0,setl_lkgzbjhy4tfgax,captured
pay_aoq6d2q98e0xj7,order_isjjkx2c3k7k4h,2026-03-28 19:08:16,707200,wallet,15558,2800,setl_wqkvxto3gxvlu7,captured
pay_dak2n5pofclvgr,order_4hgd8xze7kvckp,2026-01-21 17:02:59,83800,card,1676,302,setl_7u76rb7en0399o,captured
pay_fqy57i238klbcv,order_f4gzoyin9ah4wh,2026-01-05 08:04:40,134800,card,2696,485,setl_jb4iycka7ebxm4,captured
pay_lfxj0cr8qubvoe,order_w1w03z0mh59c9o,2026-02-14 17:47:33,41900,card,838,151,setl_9hpnkvdkx29mhx,captured
pay_r59yc2dbw1ggzq,order_flwfvpjpk2pvuz,2026-01-29 10:31:02,75400,netbanking,1433,258,setl_j502p555prthl8,captured
pay_n6emb9ldajlp1e,order_yxy71twlkyhoiy,2026-02-18 09:59:28,72700,wallet,1599,288,setl_marwnoou4khb0k,captured
pay_001h36ovd6el8a,order_fu7frcjimzdqye,2026-01-06 21:07:59,116200,upi,0,0,setl_8zu1ktsnub3qzg,captured
pay_jw2hhm2d7q21c5,order_phurnen9c97oic,2026-01-30 09:14:01,99000,card,1980,356,setl_4sse8tbudyqcih,captured
pay_ws58sia32ubyre,order_5rl2qilb8pfazf,2026-02-15 12:30:30,68400,wallet,1505,271,setl_9hpnkvdkx29mhx,captured
pay_1krzp7s1w7dsbc,order_wzlfclmt67h6de,2026-01-31 12:52:31,590800,card,11816,2127,setl_4sse8tbudyqcih,captured
pay_hv489wce84776e,order_rrjjycj45yqtya,2026-01-07 07:22:41,126800,upi,0,0,setl_jde75ge9flap8q,captured
pay_qkwv3aq4h5saef,order_ia4h77z6332e11,2026-02-12 13:44:38,39800,upi,0,0,setl_blfhrgh8cu53a4,captured
pay_9camfvw1i2nmoc,order_4d21qof628xy2g,2026-03-13 17:38:03,47100,card,942,170,setl_ob1zbkbpqox76q,captured
pay_vacz8d7z4x40fr,order_dc7bc3rsh16807,2026-01-25 21:53:27,883000,upi,0,0,setl_pe6faz7kvftyvi,captured
pay_9ynzmv5umywv8k,order_tk9ffvpk8rcgsu,2026-01-18 16:05:19,64300,wallet,1415,255,setl_jrm8iuv8pwnbst,captured
pay_k4tfkntk92md1w,order_akbl3v3hsucguw,2026-01-23 07:09:51,95800,card,1916,345,setl_pe6faz7kvftyvi,captured
pay_an4nedbxy259zu,order_pcha6d2yjm22c6,2026-03-04 15:29:07,60000,upi,0,0,setl_id6lid416qfq61,captured
pay_igsiz1s2q6rvs9,order_yctcx1p3ijm5cz,2026-02-08 16:44:24,102400,upi,0,0,setl_x9629fsv80nszb,captured
pay_ny1ssaahsmfo1q,order_nfakned3pjv1e2,2026-02-19 12:12:16,277200,card,5544,998,setl_57dkr8we1ld4hf,captured
pay_c638id76qd1sgk,order_b9knwhfvpfx5h4,2026-02-04 06:51:29,128900,card,2578,464,setl_loeej8p0363err,captured
pay_gld9pbynx01zkg,order_ld44ayi4uxo7ss,2026-01-07 06:17:35,49300,upi,0,0,setl_jde75ge9flap8q,captured
pay_04l9fpit26dgdb,order_8tokfuhhap96k5,2026-03-11 13:46:35,31500,upi,0,0,setl_mi7tt2ol7lcfi6,refunded
pay_xmpos73za43r6m,order_1fketuv9574vu3,2026-01-09 11:25:01,136700,netbanking,2597,467,setl_h9o3muublta3bw,captured
pay_g0z74b12yeedo4,order_ncw82dhlb712ru,2026-03-16 11:18:59,56200,upi,0,0,setl_9ziplehvmcpcg3,captured
pay_t4grz2ytvlnk3n,order_hm1sb2mp75zk5c,2026-02-21 12:01:16,49400,upi,0,0,setl_qal9h36vfum300,captured
pay_do5aqvd2w2jiby,order_604wnjwrw9eife,2026-01-24 07:42:10,79300,card,1586,285,setl_pe6faz7kvftyvi,captured
pay_56m6qa20tk5kua,order_lk2prr4cht1jm7,2026-01-12 15:51:25,495800,wallet,10908,1963,setl_9ein7jcd4rdl3a,captured
pay_01tswj50kxmjr5,order_fvyg11h3ep8l7g,2026-03-15 18:10:18,120800,card,2416,435,setl_ob1zbkbpqox76q,captured
pay_n8gi58eli8oh5v,order_6ag27bmzsns6tm,2026-02-19 12:48:27,76900,upi,0,0,setl_57dkr8we1ld4hf,captured
pay_afqjojevxp1t52,order_tjg140tq093mu1,2026-01-29 07:41:28,183000,upi,0,0,setl_j502p555prthl8,captured
pay_t1kxhqhde69y22,order_4e02gx9hgzeyhf,2026-02-26 09:01:14,35600,upi,0,0,setl_t8widn28c970o0,captured
pay_jtry7sfe5qmdb1,order_03rv3kvnihv6b6,2026-01-09 20:47:50,38000,upi,0,0,setl_h9o3muublta3bw,captured
pay_mhkkbeoaizba8l,order_fypu816f9mmzrm,2026-02-05 21:59:19,70000,card,1400,252,setl_9redif5czb1c2o,captured
pay_6kueys30tyqgbk,order_906pm4wesv04p2,2026-01-28 22:02:43,257100,card,5142,926,setl_nxu2v0awbwkxj5,captured
pay_5b0ipn18sfv1p1,order_c7bzuvil5gwt9w,2026-02-08 21:52:21,134600,card,2692,485,setl_x9629fsv80nszb,captured
pay_hyhu06yih1epkl,order_mwyv2o967n8s9x,2026-01-31 17:28:30,178400,upi,0,0,setl_4sse8tbudyqcih,captured
pay_vjthzpt5151zta,order_talaiaexpjvkpa,2026-02-08 06:04:52,71300,upi,0,0,setl_x9629fsv80nszb,captured
pay_fi44h4qc1bcgw1,order_d3u715a6r6thj2,2026-01-16 11:23:17,48800,upi,0,0,setl_jrm8iuv8pwnbst,captured
pay_b34cjtkk1b7oo4,order_vwj72ntmqlil35,2026-03-18 21:50:31,136600,upi,0,0,setl_i779xkgycurgiw,captured
pay_nbfc3s5qe4hk13,order_aoz87lqjlhxwql,2026-02-11 22:49:46,54800,upi,0,0,setl_owvw9a3grfow7z,captured
pay_us5jykftqwc57z,order_ssrxz09wvl1jdj,2026-01-04 16:13:42,561300,wallet,12349,2223,setl_wepzs7szuqc9f6,captured
pay_vjjmy07sftv381,order_ndvzmxlpa4tc2b,2026-02-23 21:14:57,35400,card,708,127,setl_2ejmt21xr8n21l,captured
pay_9xx3pr7wcn9voo,order_gnz17rsrdudvai,2026-02-27 06:44:15,329100,card,6582,1185,setl_wg96a9tv3603ep,captured
pay_diksvwwz4ggr3c,order_3mrtlks5jd8v00,2026-02-12 16:22:42,148600,upi,0,0,setl_blfhrgh8cu53a4,captured
pay_4ulxz20ay6xc0l,order_kem64l5cshor7a,2026-01-29 18:14:03,37000,upi,0,0,setl_j502p555prthl8,captured
pay_ey4iblddpvlsz5,order_n71zqrejyvvozu,2026-02-23 13:07:18,82200,upi,0,0,setl_2ejmt21xr8n21l,captured
pay_4qpvj6n7bydcvt,order_33lxjhq9010zpu,2026-01-03 07:56:08,99000,card,1980,356,setl_wepzs7szuqc9f6,captured
pay_e1sc8c0ilrhb3d,order_6s7t7gzi1ka77l,2026-02-07 13:12:44,745300,upi,0,0,setl_x9629fsv80nszb,captured
pay_pgjacldcyd1crs,order_t9ffskmlf00oos,2026-02-12 22:44:29,114800,upi,0,0,setl_blfhrgh8cu53a4,captured
pay_s6kchyy5tet7mu,order_tg0uib60ut67sc,2026-02-24 07:38:04,77600,upi,0,0,setl_dlrkavuq1t51a1,captured
pay_8a8m64ivzywzzj,order_lob0lzehkbhfvn,2026-03-27 18:33:54,45800,netbanking,870,157,setl_wqkvxto3gxvlu7,captured
pay_q45rjgqtn73emw,order_qehb9o9kny5o79,2026-01-08 12:13:33,289300,upi,0,0,setl_xx3zh6x38f6k9i,captured
pay_p53nzibcflnbjx,order_r37b6rthd2llwv,2026-03-09 14:18:05,73500,upi,0,0,setl_6qsiife23ixpuu,captured
pay_j1krhn7purn1xl,order_ejjgcqwi7xiibp,2026-03-29 20:32:56,111300,wallet,2449,441,setl_wqkvxto3gxvlu7,captured
pay_cvdzhgjosxrv7r,order_cbwqlnockab52h,2026-01-19 15:34:15,59800,card,1196,215,setl_ckovgkmddyvf20,captured
pay_fno22l0bta4bov,order_xixs6g6n4xwfhu,2026-03-29 18:33:30,44100,upi,0,0,setl_wqkvxto3gxvlu7,captured
pay_9wusv7nbjgjdg3,order_mw601c4nr3vcmc,2026-03-25 08:11:11,66700,card,1334,240,setl_d932kldoq526i0,captured
pay_sgey31duittgr4,order_1c4ggdsazubdde,2026-03-30 14:00:05,73000,card,1926,347,setl_j85ptu7k9no41z,captured
pay_e6jhl56i5n1avo,order_qf9ytlp3sx98ua,2026-02-08 09:17:46,72100,upi,0,0,setl_x9629fsv80nszb,refunded
pay_wkzyniqyvlvcc8,order_at0dkze78iu7az,2026-02-04 10:15:17,108000,upi,0,0,setl_loeej8p0363err,captured
pay_vqmp1s85yf59s3,order_fzxjf7x5ocq424,2026-01-11 19:28:12,68500,upi,0,0,setl_h9o3muublta3bw,captured
pay_njfn8z8a2577pg,order_e6ljy6lbw9a7rb,2026-03-01 12:13:40,64400,card,1288,232,setl_wg96a9tv3603ep,captured
pay_pyzluxon77beyu,order_vpjybp9aykg2g5,2026-03-30 09:35:50,75800,upi,0,0,setl_j85ptu7k9no41z,captured
pay_7zw9unz0xyznvn,order_gk1wf5jl70yqbf,2026-01-07 11:25:38,71900,upi,0,0,setl_jde75ge9flap8q,captured
pay_qlwmj2omlmymfb,order_egh4j33zr6vxfx,2026-01-31 10:06:26,89400,card,1788,322,setl_4sse8tbudyqcih,captured
pay_7bg2yg84znj755,order_ud39l88srt2cha,2026-03-05 11:21:42,132500,upi,0,0,setl_1pprr34her4zyz,captured
pay_clljm4yow03t11,order_tnq0qfdil2ioes,2026-01-01 14:05:55,49600,card,992,179,setl_2lzlm5imf0kd5q,captured
pay_lmm9xy6vtq6gfl,order_0ynot3piws8k2p,2026-03-25 20:38:16,225600,upi,0,0,setl_d932kldoq526i0,captured
pay_zm4zeklj1vskrk,order_aa037xa3dcoxtx,2026-02-05 21:20:34,336300,upi,0,0,setl_9redif5czb1c2o,captured
pay_zftek600u3g61k,order_6m192729bcws0o,2026-01-06 21:33:03,125100,upi,0,0,setl_8zu1ktsnub3qzg,captured
pay_671ossctds2be0,order_r9le3i77lj204k,2026-01-08 19:24:19,76400,netbanking,1452,261,setl_xx3zh6x38f6k9i,captured
pay_ywi8toog23wpsn,order_qsanhz2mw4qizj,2026-02-08 07:26:39,84800,netbanking,1611,290,setl_x9629fsv80nszb,captured
pay_wyy4jlq6zte025,order_ivkp2h5mbox0xm,2026-01-20 18:10:25,70900,upi,0,0,setl_i1ppblfh8tj5m7,captured
pay_is2kb3jire8i5d,order_dtvd6cl6rvxzac,2026-03-20 17:44:44,37000,upi,0,0,setl_lkgzbjhy4tfgax,captured
pay_28f6pz7atiuo5m,order_ducebozohfljlc,2026-03-27 20:26:08,55600,upi,0,0,setl_wqkvxto3gxvlu7,captured
pay_h6qhmpiuuf6gbf,order_cek5791yl993q9,2026-03-26 21:56:59,37000,upi,0,0,setl_86tilepkwugepq,captured
pay_tzb1dyhxvtiwx0,order_obrh436d92ksxm,2026-03-10 16:11:29,50200,netbanking,954,172,setl_cy02355rxf3dgx,captured
pay_ooi0keh9e2gy0z,order_3gjseejvd8d9c2,2026-01-09 12:14:03,139400,netbanking,2649,477,setl_h9o3muublta3bw,captured
pay_e7cd1e70zj2s8c,order_8cibiypnj8qdjr,2026-03-14 07:34:16,39000,card,780,140,setl_ob1zbkbpqox76q,captured
pay_rdtem29rkagtl9,order_bhphxqmh31o3w8,2026-02-19 21:02:36,102600,upi,0,0,setl_57dkr8we1ld4hf,captured
pay_9lbk7hdyw5tniz,order_lo11bydgp9llnm,2026-02-24 18:45:15,37800,upi,0,0,setl_dlrkavuq1t51a1,captured
pay_nedz6qq6a3mcrg,order_uptetuhbfnfko8,2026-01-13 17:23:46,31800,wallet,700,126,setl_svzb0gabvczqv4,captured
pay_o47r8kqk9tfwkd,order_5x0tbnz5kcludx,2026-02-15 19:53:10,58600,upi,0,0,setl_9hpnkvdkx29mhx,captured
pay_bzoefbl3485haz,order_6h2klirghcwbou,2026-01-15 14:43:34,46400,upi,0,0,setl_grv7k1qff39825,captured
pay_0cnfggtci601j4,order_2aat1gh80ibwjo,2026-01-30 14:36:52,34900,upi,0,0,setl_4sse8tbudyqcih,captured
pay_9l2hqcxa1pmbci,order_917eeynnx1bkb7,2026-03-12 15:30:04,123400,card,2468,444,setl_pjr716gfgceh8w,captured
pay_env4vonnkwciia,order_l2qw84zgmsuy49,2026-03-22 15:15:32,114900,card,2298,414,setl_lkgzbjhy4tfgax,captured
pay_zmzslj10xcx2ne,order_e8dhy47d35lt5f,2026-03-30 21:47:20,78900,card,1578,284,setl_j85ptu7k9no41z,captured
pay_82k7se6m46um93,order_ingdbbuddsl4xm,2026-03-31 20:39:02,40900,wallet,900,162,setl_63hjwsjao5sf4p,captured
pay_p498d2lal4xy2w,order_pxfrvozlor6iug,2026-03-12 13:14:32,134600,upi,0,0,setl_pjr716gfgceh8w,captured
pay_mre2kfdiaqqwuu,order_dwa46mmzpjgfko,2026-01-24 20:03:53,60200,card,1204,217,setl_pe6faz7kvftyvi,captured
pay_4463ditp3abni9,order_wmb919yiv8usik,2026-03-22 21:45:31,74600,upi,0,0,setl_lkgzbjhy4tfgax,captured
pay_n1x0haslddfoxq,order_vdk7i6v73c7hml,2026-03-10 12:49:22,44500,upi,0,0,setl_cy02355rxf3dgx,captured
pay_0vwq9hmve88nt8,order_sjoaag3lgkgfp1,2026-01-03 08:05:08,119900,upi,0,0,setl_wepzs7szuqc9f6,captured
pay_oo53vlok32ttmy,order_30uuj9b4fptbi7,2026-01-07 17:58:01,80000,card,1600,288,setl_jde75ge9flap8q,captured
pay_ipydks8w868nwa,order_0bfhycz5reh11d,2026-02-26 07:32:42,71000,upi,0,0,setl_t8widn28c970o0,captured
pay_kk1ybj8q3ixave,order_8jikt38w3tf3g4,2026-01-07 20:24:15,46000,upi,0,0,setl_jde75ge9flap8q,captured
pay_edd52o839ffglj,order_rmux6ejkamvgr2,2026-02-14 11:40:42,140900,upi,0,0,setl_9hpnkvdkx29mhx,captured
pay_g2oc241ezn898w,order_janwtchq0bxmfl,2026-03-07 21:00:05,55300,upi,0,0,setl_8rcowtf1l5jtt6,captured
pay_uw9i05k5tbn7k0,order_e9b4b71em3fq4f,2026-02-14 13:40:07,67400,card,1348,243,setl_9hpnkvdkx29mhx,captured
pay_mrsygxo3ps8q7j,order_oxezggbznwv376,2026-01-14 21:52:52,43900,card,878,158,setl_opdcf6j5wixc2v,captured
pay_t1atirw5e1z11x,order_1qomcfllwfbutd,2026-02-22 12:23:45,134900,card,2698,486,setl_qal9h36vfum300,captured
pay_8muokzo0uay0zq,order_64017wrlt0to4w,2026-01-27 12:50:12,109400,wallet,2407,433,setl_lmc6qbtpgvhqfs,captured
pay_3kqlrlbno7srnt,order_kgaqayjbwhl4h6,2026-02-13 15:30:12,57800,upi,0,0,setl_9hpnkvdkx29mhx,refunded
pay_utrkj8iu1zx7eh,order_v2llmxipr6nwb9,2026-01-09 21:32:06,52200,upi,0,0,setl_h9o3muublta3bw,captured
pay_cetcadahn69j0w,order_vkuofl65gix7rx,2026-03-25 15:25:56,376000,netbanking,7144,1286,setl_d932kldoq526i0,captured
pay_m4aovbfal9mf8v,order_pbmw8pjxgisduh,2026-01-08 14:47:40,50200,upi,0,0,setl_xx3zh6x38f6k9i,captured
pay_kzi75d8ug8omto,order_mkixiixwovtxr2,2026-02-12 15:53:32,180300,upi,0,0,setl_blfhrgh8cu53a4,captured
pay_tg4zbmmlqttgjh,order_6emfxm64jicgky,2026-02-19 07:25:41,133400,upi,0,0,setl_57dkr8we1ld4hf,captured
pay_qihm7goarchiil,order_v0c3ee3xteccty,2026-03-27 07:02:51,137200,upi,0,0,setl_wqkvxto3gxvlu7,captured
pay_vqidz59ywqwnmi,order_e37euix79dzojh,2026-01-13 13:25:13,48100,upi,0,0,setl_svzb0gabvczqv4,captured
pay_ie6lo3rev2s4qc,order_fyx1416tzzy79f,2026-03-30 22:25:55,261900,upi,0,0,setl_j85ptu7k9no41z,captured
pay_ivkc5whx7mciow,order_ix058fox8c6gnq,2026-03-11 21:23:22,89000,upi,0,0,setl_mi7tt2ol7lcfi6,captured
pay_fc3acau6gr9ym2,order_hl9vzvqr9b1586,2026-03-15 16:49:15,207300,upi,0,0,setl_ob1zbkbpqox76q,captured
pay_ao1chf6xe99yn4,order_oixdym5ab8j6pf,2026-03-11 11:11:28,177600,upi,0,0,setl_mi7tt2ol7lcfi6,captured
pay_olfz1jt8dve3ob,order_7avxddzgdiyf0c,2026-01-12 11:58:44,269100,wallet,5920,1066,setl_9ein7jcd4rdl3a,captured
pay_yeqtg0kd6e1qlk,order_cih0674s8xyle1,2026-02-10 18:11:31,55500,card,1110,200,setl_ex4ek002gc2r1u,captured
pay_hsfvyiv2ri13gp,order_cv5z6bms5gq1xw,2026-02-23 11:51:05,183100,card,3662,659,setl_2ejmt21xr8n21l,refunded
pay_7t26dqud4l8tb4,order_i8q5we9md4wt7w,2026-02-07 21:30:50,34200,card,684,123,setl_x9629fsv80nszb,captured
pay_oa40c37ox99ruk,order_pzhpp9z67nt78g,2026-02-16 20:30:02,53700,upi,0,0,setl_hyo0coscm1600j,captured
pay_g0msepbsgcwwts,order_0389qk5xmobn4q,2026-03-20 10:33:33,182400,card,3648,657,setl_lkgzbjhy4tfgax,captured
pay_xn9cy32xcp4xfd,order_ldn7m8f247rlje,2026-02-17 21:18:21,63600,upi,0,0,setl_9994rz2os2zywh,captured
pay_2ni019mgddi27w,order_rdkt6rtx2676yn,2026-01-02 18:15:30,47800,wallet,1052,189,setl_wepzs7szuqc9f6,captured
pay_qszpxrt4epfepp,order_2a3wdo2e418rk5,2026-01-05 08:50:49,145600,upi,0,0,setl_jb4iycka7ebxm4,captured
pay_9w5ncllqkxrbwc,order_dzejf3lpkmhklm,2026-02-23 08:25:05,43300,upi,0,0,setl_2ejmt21xr8n21l,captured
pay_2merw77exod5cs,order_z6et7gf9w6ku17,2026-01-31 17:56:01,30600,card,612,110,setl_4sse8tbudyqcih,refunded
pay_baxx0y2ms9cw78,order_00avc1ijkdi6hp,2026-01-08 06:31:25,143700,upi,0,0,setl_xx3zh6x38f6k9i,captured
pay_z4l9ex81u9psn4,order_ee8r8aiep65zsy,2026-01-13 15:00:28,55200,upi,0,0,setl_svzb0gabvczqv4,captured
pay_wt204i1qwdgb25,order_dpu7c679m7ncxl,2026-01-06 16:35:00,227400,netbanking,4321,778,setl_8zu1ktsnub3qzg,captured
pay_3h51ndojs7574t,order_p4sddalmnr1ohi,2026-03-16 07:18:10,164400,card,3288,592,setl_9ziplehvmcpcg3,captured
pay_qydlrwp8ukppa2,order_j7xyw6xm0w4ea4,2026-02-27 18:13:09,151800,upi,0,0,setl_wg96a9tv3603ep,captured
pay_n73e82tzf9s4yl,order_jgyld3yiettxi6,2026-02-10 15:35:24,68200,card,1364,246,setl_ex4ek002gc2r1u,refunded
pay_hxh40bu2ladwq3,order_bk2vkuuepihv7s,2026-02-15 15:42:02,330900,card,6618,1191,setl_9hpnkvdkx29mhx,captured
pay_mok0u0t8feh3vj,order_8x6niv2741x8as,2026-02-25 13:20:12,351700,netbanking,6682,1203,setl_fjubwhj4nuw113,captured
pay_esu86gmdfjcojx,order_da86olk7sufhmz,2026-01-27 09:12:14,658400,upi,0,0,setl_lmc6qbtpgvhqfs,captured
pay_simrk7gs1qewnx,order_8bcmtino5xs2x0,2026-01-21 16:48:54,208900,upi,0,0,setl_7u76rb7en0399o,captured
pay_ru15jfrfxcyu7y,order_o7abtajyiwzmhg,2026-03-29 09:43:25,51000,netbanking,969,174,setl_wqkvxto3gxvlu7,captured
pay_froo5znokvc9j9,order_te7vvwn7wi8fek,2026-02-12 17:39:56,172600,upi,0,0,setl_blfhrgh8cu53a4,captured
pay_7bxceqhsdmmq3c,order_61kcx7rtgypp09,2026-01-29 11:50:20,32100,upi,0,0,setl_j502p555prthl8,captured
pay_ya17adaon7asrm,order_c5lc0syq621mlj,2026-03-30 13:51:50,43200,card,864,156,setl_j85ptu7k9no41z,captured
pay_byfnd6tga7evki,order_ok50t05pyztyxz,2026-01-19 13:17:45,701200,upi,0,0,setl_ckovgkmddyvf20,captured
pay_cptz0av2lv6934,order_ysedvosf5vx1b6,2026-01-29 13:53:34,142000,card,2840,511,setl_j502p555prthl8,captured
pay_bjx2odp3tkoaaj,order_9soxcduzgbh412,2026-01-11 19:33:56,309700,card,6194,1115,setl_h9o3muublta3bw,captured
pay_hvjjqs8mf5k64g,order_hqz8ms1gr6l517,2026-03-09 11:19:38,301900,card,6038,1087,setl_6qsiife23ixpuu,captured
pay_l4hqg0mie954if,order_yxou7wi49j2635,2026-03-31 07:35:36,54500,card,1090,196,setl_63hjwsjao5sf4p,captured
pay_v92xv6hhnq9eet,order_6ibj6wxghfl3kt,2026-01-01 09:33:09,149200,upi,0,0,setl_2lzlm5imf0kd5q,captured
pay_1v44vexg2a8uax,order_crcolb78ea2ldh,2026-03-06 16:33:45,116400,upi,0,0,setl_8rcowtf1l5jtt6,refunded
pay_idcx8bt2ytn1cq,order_w7d4vsiyf5kvmt,2026-01-13 22:31:00,392800,card,7856,1414,setl_svzb0gabvczqv4,captured
pay_oi55jhjsbi6ym8,order_ci15ulwa16if3s,2026-01-19 15:04:01,76500,upi,0,0,setl_ckovgkmddyvf20,captured
pay_bqov4fdri3dw6j,order_8zdo3hov8dtt2s,2026-03-24 12:07:26,38700,upi,0,0,setl_bjuqk7c3un19bl,captured
pay_id5xjmttiviwa3,order_fymgfg4wvb2u9v,2026-03-14 18:32:28,61300,card,1226,221,setl_ob1zbkbpqox76q,captured
pay_bv64pq8ro7c6u5,order_7ncg4zgngs42ag,2026-01-17 22:45:33,49300,netbanking,937,169,setl_jrm8iuv8pwnbst,captured
pay_vxl2wjdst7ne3s,order_8yjmekri9m0d39,2026-01-31 13:19:47,59700,card,1194,215,setl_4sse8tbudyqcih,captured
pay_9r5xw7vl4e1vmp,order_jwvlxz9atarfs1,2026-02-03 13:53:55,346900,upi,0,0,setl_cb3atkunlhj9mi,captured
pay_1zt67hkyxmq4s8,order_hz37f626a0hu79,2026-01-08 20:08:43,62800,card,1256,226,setl_xx3zh6x38f6k9i,captured
pay_4rf5ypjko6n3fl,order_lgvq5nfubnq0e1,2026-01-13 12:06:47,43300,upi,0,0,setl_svzb0gabvczqv4,captured
pay_54s6hcmiden50s,order_jyoyn3x3zzwknb,2026-02-14 06:45:31,79700,upi,0,0,setl_9hpnkvdkx29mhx,captured
pay_dbxjkqcm1l0laq,order_wq8qlvrn9vy7sn,2026-02-27 13:08:18,290800,upi,0,0,setl_wg96a9tv3603ep,captured
pay_0aoi8gdl17t5sg,order_whxsavylejw5q0,2026-01-03 15:15:47,51200,upi,0,0,setl_wepzs7szuqc9f6,captured
pay_mux7966ppa08qo,order_2oi8tkhlytu3ab,2026-01-07 15:17:22,348900,netbanking,6629,1193,setl_jde75ge9flap8q,captured
pay_gj1ssdqnhum8s1,order_9t2eqowl7ks8a4,2026-01-17 21:41:38,61900,upi,0,0,setl_jrm8iuv8pwnbst,captured
pay_9dbvzwclelpzqn,order_wgto7hxcat5j2m,2026-01-02 08:14:52,240900,upi,0,0,setl_wepzs7szuqc9f6,captured
pay_vddulmrrbkti0m,order_opeoprltwru3qc,2026-01-05 18:20:09,147300,upi,0,0,setl_jb4iycka7ebxm4,captured
pay_lj63oh8em6y1z7,order_cyiin1x3tlsx1g,2026-02-23 15:45:53,278400,upi,0,0,setl_2ejmt21xr8n21l,captured
pay_8mwze0j1jsxxlv,order_9ez8mdzhsbp8so,2026-01-30 18:18:31,65700,upi,0,0,setl_4sse8tbudyqcih,captured
pay_ifdhxphhpxaly2,order_tpsk503u6p0g13,2026-02-07 18:36:15,483400,upi,0,0,setl_x9629fsv80nszb,captured
pay_cjrwg9skcgbh4a,order_eg3mi84tb8xej5,2026-02-03 07:32:23,58600,upi,0,0,setl_cb3atkunlhj9mi,captured
pay_7s5w41zf2h9lwd,order_9trmknenjbxr8x,2026-03-14 10:50:48,211900,upi,0,0,setl_ob1zbkbpqox76q,captured
pay_3fip64qgwbtmu6,order_fjkfppe8own0zq,2026-02-13 12:51:14,330100,wallet,7262,1307,setl_9hpnkvdkx29mhx,captured
pay_dxt5tebz45poqh,order_1xbvam9ji95oxj,2026-02-26 09:39:40,29900,upi,401,72,setl_t8widn28c970o0,captured
pay_b1w2mj65077i2q,order_mnerbcij3lgfw9,2026-01-26 18:57:35,60000,netbanking,1140,205,setl_r7od0iq6cc73mp,captured
pay_kcx6vm90xj3uw4,order_8iqt5qlzhzopxb,2026-01-31 14:16:03,421100,upi,0,0,setl_4sse8tbudyqcih,captured
pay_9q434t4ar9yev1,order_d0e743pevzkoam,2026-01-31 09:03:58,94100,card,1882,339,setl_4sse8tbudyqcih,refunded
pay_umxbgc0imgweb3,order_sc77vzy0f5jzyj,2026-02-26 07:06:23,59600,upi,0,0,setl_t8widn28c970o0,captured
pay_qmes15i4n7bqqz,order_347qcz5p5j2s4p,2026-03-12 19:12:07,116100,upi,0,0,setl_pjr716gfgceh8w,captured
pay_1vr9c716epjl80,order_u0jxw9oaho4olc,2026-01-16 07:14:12,276000,upi,0,0,setl_jrm8iuv8pwnbst,captured
pay_rvzsu8e6xvnlvs,order_kex5po4u6lgd73,2026-02-15 12:52:54,108100,upi,0,0,setl_9hpnkvdkx29mhx,captured
pay_i3s46rkttil2e7,order_qxyz2ogs1prv0c,2026-01-14 07:59:17,134500,upi,0,0,setl_opdcf6j5wixc2v,captured
pay_zgc1rspspfv0wz,order_cxw5exkmkr5gyi,2026-02-27 06:17:54,161500,card,3230,581,setl_wg96a9tv3603ep,captured
pay_rv4o2i7qbwz6p1,order_p1a09oumi5a614,2026-01-03 13:15:00,104800,upi,0,0,setl_wepzs7szuqc9f6,captured
pay_nf56v38s6utb41,order_8621ljvh7d2yoi,2026-02-28 18:39:35,43500,upi,0,0,setl_wg96a9tv3603ep,captured
pay_7wpdh0plzt43zb,order_pxxa6efe4de3yj,2026-02-09 20:03:48,144900,upi,0,0,setl_s4l1ku1vti53ru,captured
pay_0f919ywccc2muk,order_vw9ujksf59hpfw,2026-02-18 17:45:59,139700,upi,0,0,setl_marwnoou4khb0k,captured
pay_vnzupgum2nwys8,order_kpz3s4ld811aab,2026-01-16 07:30:16,528500,netbanking,10042,1808,setl_jrm8iuv8pwnbst,captured
pay_mtvw3u6pc481pe,order_gc35r67u25qew1,2026-02-19 19:26:55,215900,upi,0,0,setl_57dkr8we1ld4hf,captured
pay_2c1de6xl8g3smb,order_dwvp187uva9r8q,2026-03-18 20:43:35,35700,upi,0,0,setl_i779xkgycurgiw,captured
pay_y9uxuomhj1qlpx,order_p0vd9r6h1f3ak9,2026-01-30 09:01:31,330500,card,6610,1190,setl_4sse8tbudyqcih,captured
pay_02ysm0yfp9enmn,order_z3ewydiuny1ycs,2026-03-11 14:15:12,48500,upi,0,0,setl_mi7tt2ol7lcfi6,refunded
pay_v1d2c8ofob3jqw,order_hqu75nq7t2lqqt,2026-02-25 16:29:52,33900,upi,0,0,setl_fjubwhj4nuw113,captured
pay_lvrux0bh9fbgle,order_74lh86bobvezlt,2026-01-27 20:27:33,132900,upi,0,0,setl_lmc6qbtpgvhqfs,captured
pay_fzf4ui1nd6kobh,order_39010npky314ze,2026-03-17 10:46:50,33800,upi,0,0,setl_nf76s64rcbd6hk,captured
pay_xq0tua8uu8bfqc,order_765t88b7yott5v,2026-03-19 15:38:09,139200,netbanking,2645,476,setl_hjydfszyf4rzmu,captured
pay_hpgtb3xgt02wec,order_rqr471jewco67n,2026-03-06 15:41:15,91300,upi,0,0,setl_8rcowtf1l5jtt6,captured
pay_sutrhexdv6hg2v,order_rlkf0shww51eb4,2026-01-06 10:25:32,150100,card,3002,540,setl_8zu1ktsnub3qzg,captured
pay_ulr9uz4bfkad9m,order_ad7vglw9ydgevo,2026-01-26 12:13:09,71900,upi,0,0,setl_r7od0iq6cc73mp,captured
pay_k3ciju2vr2lf10,order_h9da1eix5d708e,2026-03-05 15:53:51,114900,card,2298,414,setl_1pprr34her4zyz,captured
pay_k1g5ixj0q1kgbn,order_77f3w26fby1j35,2026-02-25 22:54:44,131300,upi,0,0,setl_fjubwhj4nuw113,captured
pay_3njmex0769iqzm,order_brcqd55ozxb5p0,2026-03-07 08:40:57,105500,card,2110,380,setl_8rcowtf1l5jtt6,captured
pay_qbhy5tu80femq5,order_9vwizkq6cx1jy8,2026-01-25 07:18:22,201900,upi,0,0,setl_pe6faz7kvftyvi,captured
pay_dgiw5azdha3lrw,order_n274q1vsurlz1j,2026-03-11 13:54:17,72600,upi,0,0,setl_mi7tt2ol7lcfi6,captured
pay_tshl8sjddt164x,order_apl29038or037a,2026-02-12 11:15:47,96800,card,1936,348,setl_blfhrgh8cu53a4,captured
pay_m02j035nzeepnl,order_vze5iafkuwg4o5,2026-03-10 11:44:49,84000,upi,0,0,setl_cy02355rxf3dgx,captured
pay_2knnsvdu5si0z2,order_q0xfv3ciql68f1,2026-01-22 20:23:05,295600,upi,0,0,setl_olhoefx33wper0,captured
pay_8ai14e4db2ir0x,order_m9qxj2s38nk53s,2026-03-08 20:51:32,177500,card,3550,639,setl_8rcowtf1l5jtt6,captured
pay_upoc81uvcecgc1,order_swwt7fysha8mlk,2026-03-31 16:42:24,317700,netbanking,6036,1086,setl_63hjwsjao5sf4p,captured
pay_6svefkxxxe7gyd,order_5gqlmclzteoqqx,2026-03-06 15:05:46,48500,upi,0,0,setl_8rcowtf1l5jtt6,captured
pay_shkkbsx6hyje4j,order_njlnolv09vz8ep,2026-01-30 17:45:31,223600,card,4472,805,setl_4sse8tbudyqcih,captured
pay_kg2dmr3d9jvn8w,order_p5li8arvgqvmfl,2026-02-25 10:54:33,235500,card,4710,848,setl_fjubwhj4nuw113,captured
pay_byljj9v2pwdf5h,order_as4d4mot4gh80m,2026-01-09 07:05:33,140000,upi,0,0,setl_h9o3muublta3bw,captured
pay_dzqkkthvb4p1rb,order_hr5tkhhmyf0cx7,2026-01-11 22:42:16,61000,card,1220,220,setl_h9o3muublta3bw,captured
pay_7qd6omy71xq9jj,order_xs9ank8clowybj,2026-02-24 16:35:36,880800,upi,0,0,setl_dlrkavuq1t51a1,captured
pay_aceflw8e5g1gnl,order_d04p5bh7mvhgq9,2026-03-06 09:42:48,80800,upi,0,0,setl_8rcowtf1l5jtt6,captured
pay_rgymce766ijz6v,order_fjnpzd69cvc451,2026-03-24 19:53:20,90700,upi,0,0,setl_bjuqk7c3un19bl,captured
pay_1pgio67w255onp,order_exaj88em6xld2s,2026-03-01 10:10:40,30900,upi,0,0,setl_wg96a9tv3603ep,captured
pay_x37t778c5jzcmv,order_fpgmnw4gtc7jxp,2026-01-05 12:28:02,59100,wallet,1300,234,setl_jb4iycka7ebxm4,captured
pay_6q4cjuwpptvxp8,order_p6b383bh8j2mec,2026-01-04 16:49:42,92000,wallet,2024,364,setl_wepzs7szuqc9f6,captured
pay_tmb44ke4jkwt09,order_gdkmiwpnw58qxh,2026-03-14 10:51:47,283700,upi,0,0,setl_ob1zbkbpqox76q,captured
pay_agcoie15emjzbb,order_5c5242k5hmbzyj,2026-01-29 16:42:57,126200,upi,0,0,setl_j502p555prthl8,captured
pay_q1jn2w48fmqu3h,order_e34dhbs9jkrr75,2026-01-08 19:44:24,128500,netbanking,2442,440,setl_xx3zh6x38f6k9i,captured
pay_3f0sgo2bkzvb17,order_doukd67l7482st,2026-03-30 08:45:46,112700,upi,0,0,setl_j85ptu7k9no41z,captured
pay_o6jpgr6j112bu1,order_3inpudypc024v0,2026-01-05 18:25:46,60000,upi,0,0,setl_jb4iycka7ebxm4,captured
pay_jcwp108cneq5ry,order_5ac7wsr9lssuc7,2026-01-26 07:36:58,104700,card,2094,377,setl_r7od0iq6cc73mp,captured
pay_wd20g9219jmaqp,order_xcvpblplccnvbr,2026-01-25 15:33:20,82300,upi,0,0,setl_pe6faz7kvftyvi,captured
pay_qymtgttdl64w3u,order_wexivokf7ubci5,2026-01-17 18:59:59,47200,upi,0,0,setl_jrm8iuv8pwnbst,captured
pay_8ht1rhcyhk6pqk,order_4l9ke8j580t6zm,2026-03-29 17:18:22,64600,upi,0,0,setl_wqkvxto3gxvlu7,captured
pay_9djvjj6mch7p87,order_0pzqiw49dcs9br,2026-02-28 14:28:48,156900,upi,0,0,setl_wg96a9tv3603ep,captured
pay_69eo4tmxz21eab,order_p6ry58psxao38d,2026-02-01 16:18:43,51900,upi,0,0,setl_4sse8tbudyqcih,captured
pay_5igpcd1q86k750,order_f2lnnkoafp3ltx,2026-03-08 11:49:41,251500,upi,0,0,setl_8rcowtf1l5jtt6,captured
pay_s7qb0z0x6jxykl,order_dxvowxzctr49i4,2026-01-14 19:58:57,308300,netbanking,5858,1054,setl_opdcf6j5wixc2v,captured
pay_diwsvns0ht0zlu,order_9gc81ucumw5k5d,2026-01-26 18:03:20,95200,wallet,2094,377,setl_r7od0iq6cc73mp,captured
pay_zlmphoracl8j41,order_zo7e1dfdyepf1o,2026-02-14 18:17:50,268100,card,5362,965,setl_9hpnkvdkx29mhx,captured
pay_w1wylf8neziaoh,order_sl85zlx8hb5wno,2026-01-29 07:50:59,165400,upi,0,0,setl_j502p555prthl8,captured
pay_5qmamzmmbt7nus,order_iokeml0dj73wrg,2026-03-30 11:13:12,33000,upi,0,0,setl_j85ptu7k9no41z,captured
pay_ztdq71204joqh3,order_73jesrn7v5orue,2026-01-02 09:01:06,261900,wallet,5762,1037,setl_wepzs7szuqc9f6,captured
pay_jazntocu9sgpr7,order_dwfjc6nypc5ay0,2026-01-16 15:02:53,245400,upi,0,0,setl_jrm8iuv8pwnbst,captured
pay_dmxn5xzgv1ksoy,order_31lztq7yr610jg,2026-02-12 17:00:25,155600,upi,0,0,setl_blfhrgh8cu53a4,captured
pay_tc1hg0zvd0s8nj,order_8m88geo1vd2cs2,2026-02-02 14:21:12,140100,upi,0,0,setl_l3k3kfcno0zwp9,captured
pay_u0fdiku0vgotfn,order_whlifhb1kwk8t6,2026-03-31 18:05:05,210400,upi,0,0,setl_63hjwsjao5sf4p,captured
pay_nnmifycnncd4b2,order_gdqz1z49kpusrh,2026-03-18 12:38:41,552500,card,11050,1989,setl_i779xkgycurgiw,captured
pay_qz2lhgqref6cyn,order_5pheicmoudhnvx,2026-02-27 09:41:23,222600,upi,0,0,setl_wg96a9tv3603ep,captured
pay_y3wcq084b1aree,order_ntqirca6hxnplh,2026-01-13 06:04:18,144600,upi,0,0,setl_svzb0gabvczqv4,captured
pay_z569rodvndvztj,order_sk8nljjtxwbdf5,2026-01-05 15:37:38,66300,upi,0,0,setl_jb4iycka7ebxm4,captured
pay_v997p257tdaj39,order_3ak8s9p73tdvtf,2026-02-19 08:15:17,168500,upi,0,0,setl_57dkr8we1ld4hf,captured
pay_5ve9z1s35qrsdp,order_gvwu7hwbpl1450,2026-01-06 09:38:50,106000,upi,0,0,setl_8zu1ktsnub3qzg,captured
pay_54zdrqgfcbn0ot,order_9fqb3l6ofp5tis,2026-03-10 08:31:49,142300,card,2846,512,setl_cy02355rxf3dgx,captured
pay_4jkrjds5oi0bln,order_hvu0pwt4k0b0ga,2026-01-10 14:35:00,102600,upi,0,0,setl_h9o3muublta3bw,captured
pay_u9udwxfzkt7u5y,order_2rs507vq3dqp1q,2026-01-21 19:10:51,57200,upi,0,0,setl_7u76rb7en0399o,captured
pay_mdhcf89rg6235s,order_tlhmrcj4px3oq1,2026-02-15 20:50:10,64700,upi,0,0,setl_9hpnkvdkx29mhx,captured
pay_qgvxxenwxbw3c9,order_e85n80syxsvf03,2026-02-12 13:17:49,241700,netbanking,4592,827,setl_blfhrgh8cu53a4,captured
pay_kltpx2hwezoclp,order_r9hct72iy1rvik,2026-03-07 06:27:50,810600,upi,0,0,setl_8rcowtf1l5jtt6,captured
pay_twe0ebd8f4hmjx,order_atrtkky8hk1o06,2026-03-23 06:17:45,79100,upi,629,113,setl_ihlz60xnvw9v27,captured
pay_a178ts2ij5gofm,order_vqebjgk15ek57v,2026-03-12 22:56:32,68000,card,1360,245,setl_pjr716gfgceh8w,captured
pay_dunvg8hu674o80,order_pg8vadk2mpfuf9,2026-02-02 13:26:50,45500,upi,0,0,setl_l3k3kfcno0zwp9,captured
pay_0jtg1rfgd0zn31,order_8p0byrjgbj0q5w,2026-01-24 22:24:48,153100,card,3062,551,setl_pe6faz7kvftyvi,captured
pay_7m0e58xd29cvx1,order_mwv2nwejhv1t9f,2026-01-20 20:42:34,491900,card,9838,1771,setl_i1ppblfh8tj5m7,captured
pay_4gecleazo4wl7f,order_zi7w0zfejh4z21,2026-02-26 08:11:22,234600,upi,0,0,setl_t8widn28c970o0,captured
pay_8kpzxt6oagvadk,order_fh9rlc2np4292j,2026-01-15 08:16:12,65400,upi,0,0,setl_grv7k1qff39825,captured
pay_tha2l1fh12bly6,order_iw8249bkp8585m,2026-02-25 16:43:04,57300,upi,0,0,setl_fjubwhj4nuw113,captured
pay_vo0swuuf55q1f7,order_lytih02sa9a308,2026-03-13 15:19:10,43700,upi,0,0,setl_ob1zbkbpqox76q,captured
pay_9locpzjkspt83a,order_4cfd78tpdg27ef,2026-02-11 08:39:24,44100,upi,0,0,setl_owvw9a3grfow7z,captured
pay_s13boezsng0feb,order_twh0nehvy4i60p,2026-01-03 11:32:40,129400,wallet,2847,512,setl_wepzs7szuqc9f6,captured
pay_gx3icdoj7lmf0o,order_uekwbjmc1edjiu,2026-01-30 22:33:16,146900,upi,0,0,setl_4sse8tbudyqcih,captured
pay_twjsvf0kc3ta7f,order_njllc56je7n9kh,2026-02-01 22:21:51,42400,upi,0,0,setl_4sse8tbudyqcih,captured
pay_rm10rxe2kz4urg,order_e8pvydew8bcf2q,2026-03-10 10:43:47,46600,upi,0,0,setl_cy02355rxf3dgx,captured
pay_lp74itxtbi44k6,order_jz30umzrjjkfeu,2026-02-24 12:39:31,146300,wallet,3219,579,setl_dlrkavuq1t51a1,captured
pay_h7fz0tur7v2j08,order_m9kmlhyt87thc9,2026-01-13 18:49:42,93500,upi,0,0,setl_svzb0gabvczqv4,captured
pay_xyre6qzzm0uotz,order_0ohh91bko83k9h,2026-01-08 18:42:40,142900,upi,0,0,setl_xx3zh6x38f6k9i,captured
pay_svfaufi15vusw4,order_g8ixlw3n0x1x3r,2026-03-31 16:43:23,99600,upi,0,0,setl_63hjwsjao5sf4p,captured
pay_rugt0mtchodlh5,order_i74xucbmtp0wrt,2026-03-10 15:54:28,54400,card,1088,196,setl_cy02355rxf3dgx,captured
pay_00ynzunrj31ndn,order_n9hauy0ffgvmcf,2026-03-17 14:09:41,58300,card,1166,210,setl_nf76s64rcbd6hk,captured
pay_jrli0v1uky7nmb,order_y3dgqjrchic07e,2026-02-09 09:43:15,228600,card,4572,823,setl_s4l1ku1vti53ru,captured
pay_stkaordsuu2ftd,order_pjagy5kocj49rv,2026-02-03 15:10:56,91000,upi,0,0,setl_cb3atkunlhj9mi,refunded
pay_z4bl27925gqbhc,order_6hdcoh3jijkklz,2026-03-11 08:07:41,274100,card,5482,987,setl_mi7tt2ol7lcfi6,captured
pay_n0pshtfdy333kj,order_h57x1wbt4prtbl,2026-01-01 10:07:51,38200,card,764,138,setl_2lzlm5imf0kd5q,captured
pay_didaapxg1aa6x3,order_ggsr72m6ck05wb,2026-03-05 16:00:56,128700,upi,0,0,setl_1pprr34her4zyz,captured
pay_3pjfju7wgyz1zv,order_q0vvcvzfyhay0j,2026-01-21 09:51:44,31200,upi,0,0,setl_7u76rb7en0399o,captured
pay_hyygi8lsarrp9w,order_8rf0w05bge0tjt,2026-02-04 08:49:12,55500,upi,0,0,setl_loeej8p0363err,captured
pay_d9uzfadpjj9q7t,order_ef62hy3jr2ahkz,2026-01-27 18:32:30,145500,upi,0,0,setl_lmc6qbtpgvhqfs,captured
pay_y19aevg7klwlh9,order_2o672rtyodh8dz,2026-02-27 13:46:53,60300,upi,0,0,setl_wg96a9tv3603ep,captured
pay_w4cmkdiczbx9c1,order_ewigf6yki4uifc,2026-01-18 20:48:26,35300,netbanking,671,121,setl_jrm8iuv8pwnbst,captured
pay_lexvxsyclkelql,order_ivyndgl55ldbhd,2026-03-13 06:27:05,345600,card,6912,1244,setl_ob1zbkbpqox76q,captured
pay_a4o4ztc5xdufuf,order_spt6vzmjzm5x0c,2026-01-02 18:58:11,52700,netbanking,1001,180,setl_wepzs7szuqc9f6,captured
pay_f0kozh81xugxju,order_at9jbtj474n3w5,2026-02-27 12:16:48,71900,card,1438,259,setl_wg96a9tv3603ep,captured
pay_hn1a93pbj4dck5,order_uom7o3s50wlhdg,2026-02-04 11:56:49,106400,card,2128,383,setl_loeej8p0363err,captured
pay_fqioz7w0dvxqcv,order_d5z9kmlh86qz5b,2026-02-02 12:05:51,308500,upi,0,0,setl_l3k3kfcno0zwp9,captured
pay_wy07fhf7gs87h9,order_lb2yrpch4saa65,2026-03-01 07:47:31,73500,upi,0,0,setl_wg96a9tv3603ep,captured
pay_h733ucvjrepb3d,order_6vtfbapfiwol6a,2026-02-27 08:35:48,69100,upi,0,0,setl_wg96a9tv3603ep,captured
pay_odlhom8gp0c0zg,order_utkqjnhlqp40ch,2026-03-04 13:03:18,58500,card,1170,211,setl_id6lid416qfq61,captured
pay_9d6jagbhkea9tr,order_p5rvkqfpw468k9,2026-01-28 19:00:37,62800,card,1256,226,setl_nxu2v0awbwkxj5,captured
pay_56y0x3vi2t30zn,order_sne6nm0namlbsc,2026-02-27 06:06:26,55700,card,1114,201,setl_wg96a9tv3603ep,captured
pay_uea6iekaka66m9,order_0jod83tiwhismv,2026-03-14 21:13:27,62400,upi,0,0,setl_ob1zbkbpqox76q,captured
pay_jrsl948ldsa5c3,order_zt1ebueuac34rs,2026-02-15 07:48:55,131100,card,2622,472,setl_9hpnkvdkx29mhx,captured
pay_39nktu04aw8yj3,order_08oou900k17va8,2026-03-08 20:12:59,105000,upi,0,0,setl_8rcowtf1l5jtt6,captured
pay_jboyjw8uhh2t4y,order_5hzpdi2nqfucev,2026-02-24 12:17:41,31100,card,622,112,setl_dlrkavuq1t51a1,captured
pay_9y39ymsq1srf44,order_aeldvliwbqmwbd,2026-02-27 20:00:50,65500,card,1310,236,setl_wg96a9tv3603ep,captured
pay_rr5f7d5r0k6m4h,order_quwbbabynzo20g,2026-02-11 17:52:57,60100,wallet,1322,238,setl_owvw9a3grfow7z,captured
pay_veq8h0j4mwg2p4,order_jokz5wqqltnl4n,2026-03-22 06:39:33,43300,netbanking,823,148,setl_lkgzbjhy4tfgax,captured
pay_9v5evloeiz2gyv,order_aqofefnt64m8g6,2026-02-25 19:04:33,66400,netbanking,1262,227,setl_fjubwhj4nuw113,captured
pay_f9a62dlbcufiay,order_413duszk3uj2j7,2026-01-10 20:14:09,784300,wallet,17255,3106,setl_h9o3muublta3bw,captured
pay_5imcigu5tcap4d,order_8agbioekhr4z67,2026-03-26 18:49:09,82700,wallet,1819,327,setl_86tilepkwugepq,captured
pay_6czz4shnmztp6e,order_yoxqivlf8aa44u,2026-03-10 22:16:32,133600,wallet,2939,529,setl_cy02355rxf3dgx,captured
pay_nl3auyq9y2rzf5,order_pl8fpizis9ezuk,2026-02-02 20:00:26,430500,upi,0,0,setl_l3k3kfcno0zwp9,captured
pay_sqrg63kuq0cjhn,order_6qx24z7f4ihidt,2026-02-18 14:21:29,149600,upi,0,0,setl_marwnoou4khb0k,captured
pay_d9ksrn7i5x2m4x,order_m2srf1znckrux7,2026-02-23 08:49:26,117600,upi,0,0,setl_2ejmt21xr8n21l,captured
pay_fosm10qub35ph8,order_teqz16h520llq9,2026-03-19 06:58:58,295600,upi,0,0,setl_hjydfszyf4rzmu,captured
pay_ktpbg2fb7u4uc2,order_xv54p6k8heth9h,2026-02-03 19:31:24,664800,card,13296,2393,setl_cb3atkunlhj9mi,captured
pay_2imod6l38smwl4,order_jytz4peikvxt9j,2026-01-05 21:14:17,651600,upi,0,0,setl_jb4iycka7ebxm4,captured
pay_v4gpyfga3tqf22,order_9m3j39n3fjx9bs,2026-01-10 10:27:57,78500,upi,0,0,setl_h9o3muublta3bw,captured
pay_5ntex0sszfb8vp,order_p2cm0joorn0og9,2026-02-19 14:21:15,47300,upi,0,0,setl_57dkr8we1ld4hf,captured
pay_gwwzodn89r5uzr,order_13un5rfhvt0sss,2026-01-08 16:54:38,248100,upi,0,0,setl_xx3zh6x38f6k9i,refunded
pay_46nnbuh4wbfyud,order_2gjla1kxpt7bo7,2026-03-31 18:07:51,36200,upi,0,0,setl_63hjwsjao5sf4p,captured
pay_o7rvly2g19vivu,order_q50i61349shmrn,2026-03-18 22:17:39,59100,netbanking,1123,202,setl_i779xkgycurgiw,captured
pay_nt3lr3hpa4p64s,order_1u1amlkztfd67a,2026-02-12 18:44:33,133900,upi,0,0,setl_blfhrgh8cu53a4,captured
pay_36w05bgmqk7mfn,order_gjw9by9cz77ky7,2026-01-02 13:46:03,228400,card,4568,822,setl_wepzs7szuqc9f6,captured
pay_ivzk3gn962z95s,order_nx51j405yovcy8,2026-01-29 19:00:17,69300,upi,0,0,setl_j502p555prthl8,captured
pay_bjmfy2irt3dchv,order_u4ph186aqfaetq,2026-03-19 14:34:43,651600,netbanking,12380,2228,setl_hjydfszyf4rzmu,captured
pay_iza7rmbyk5plfq,order_19ep7yj7x6256q,2026-02-22 10:56:12,71800,upi,0,0,setl_qal9h36vfum300,captured
pay_way8pmmvl82yzy,order_zqy6hq7w6x26op,2026-03-24 14:22:27,46100,upi,0,0,setl_bjuqk7c3un19bl,captured
pay_8y5z8paiya42d1,order_wasgh77ttpnp5c,2026-01-30 11:20:22,147300,card,2946,530,setl_4sse8tbudyqcih,captured
pay_hpq7911tob1r3i,order_n3u1m6211z0inn,2026-01-03 06:39:37,334500,upi,0,0,setl_wepzs7szuqc9f6,captured
pay_dqdsn6uxjpuqx7,order_ph2t4c5qrqy86x,2026-03-06 11:15:32,39300,upi,0,0,setl_8rcowtf1l5jtt6,captured
pay_fpm23dysq2g9kt,order_lviqtw8hth7mmk,2026-02-19 06:56:06,287500,upi,0,0,setl_57dkr8we1ld4hf,captured
pay_2cpvx1ahhj6wwc,order_3je9befjujhpyc,2026-01-21 19:45:38,123800,netbanking,2352,423,setl_7u76rb7en0399o,captured
pay_098w6i0k7qqc3p,order_yrs6v925rryok0,2026-01-01 21:42:12,60200,upi,0,0,setl_2lzlm5imf0kd5q,captured
pay_he28o9fl1rcqv1,order_wh2qxdpszgb810,2026-03-29 14:35:12,49700,upi,0,0,setl_wqkvxto3gxvlu7,captured
pay_peh4jjdtuqzo6r,order_3ykmesd8v6zprc,2026-03-20 17:02:18,63600,card,1272,229,setl_lkgzbjhy4tfgax,captured
pay_br1cueab9qb7y1,order_sji9vh74q6jair,2026-02-13 14:47:53,68200,upi,0,0,setl_9hpnkvdkx29mhx,captured
pay_hz2yzt3bvfycpg,order_zunuo0qie10amx,2026-01-13 18:54:18,509900,upi,0,0,setl_svzb0gabvczqv4,captured
pay_mzz2o3w6nl48ts,order_2271x7e2ick599,2026-03-03 16:18:00,47600,card,952,171,setl_s36ohm15574nxh,captured
pay_oy13dyz3llivor,order_rpuftc9xvndyr2,2026-03-18 17:26:44,130300,card,2606,469,setl_i779xkgycurgiw,captured
pay_ni1q1ijfodkqcn,order_nislz93242t3bs,2026-01-13 17:57:11,320800,upi,0,0,setl_svzb0gabvczqv4,captured
pay_qwf13e548hsgy3,order_ydwo5yr68wcz8g,2026-03-26 14:05:53,119100,upi,0,0,setl_86tilepkwugepq,captured
pay_7s3f3jc5f1934q,order_jon85abi2l53a7,2026-03-22 21:37:39,110000,card,2200,396,setl_lkgzbjhy4tfgax,captured
pay_3xydqo77sqozzb,order_5kf5uw9jjo82ou,2026-01-01 09:27:30,81600,upi,0,0,setl_2lzlm5imf0kd5q,captured
pay_fmcz88ucuzpnwe,order_7mpkuz3pj2qf6t,2026-02-20 16:56:44,216500,upi,0,0,setl_qal9h36vfum300,captured
pay_udtqx7pkrlom6i,order_wurf9xltaqs0ai,2026-03-21 16:39:08,347300,netbanking,6599,1188,setl_lkgzbjhy4tfgax,captured
pay_y6yz2yz4dn4k4o,order_7ml4uk13cyrpel,2026-02-20 17:10:44,48500,upi,0,0,setl_qal9h36vfum300,captured
pay_hmqoqq3mlkdpez,order_gabodc2kjxvnwq,2026-02-15 08:07:24,129100,upi,0,0,setl_9hpnkvdkx29mhx,captured
pay_rkj1en2gdxdzba,order_2820ebut0rcgsi,2026-03-31 20:39:18,57600,upi,0,0,setl_63hjwsjao5sf4p,captured
pay_zttwgachwystaq,order_9j35ewnphvpiov,2026-03-29 20:47:12,158100,card,3162,569,setl_wqkvxto3gxvlu7,captured
pay_xkfsmu7934e0sy,order_glspopkjwxd8xr,2026-02-23 17:09:01,110600,wallet,2433,438,setl_2ejmt21xr8n21l,captured
pay_2xf0zr4euh8ftp,order_8t4n5yy2xkrc9r,2026-01-23 16:52:14,101500,card,2030,365,setl_pe6faz7kvftyvi,refunded
pay_n7ud4rmrod0ijc,order_iggx7kq6z03y50,2026-01-20 12:54:09,64000,netbanking,1216,219,setl_i1ppblfh8tj5m7,captured
pay_omt5k2u4kd5ceu,order_dw7jkvyp43rl07,2026-01-12 15:24:20,35400,upi,0,0,setl_9ein7jcd4rdl3a,captured
pay_cr0wq3as45syqa,order_0yomnxjldbaqa0,2026-03-26 11:33:22,74200,netbanking,1410,254,setl_86tilepkwugepq,captured
pay_j9bu3cl4xf8au3,order_7eb2leit6p9dqk,2026-01-16 18:59:50,67000,upi,0,0,setl_jrm8iuv8pwnbst,captured
pay_jzp1zfqx0u1l2j,order_mu0yzulgya0gbb,2026-03-25 09:54:34,253400,upi,0,0,setl_d932kldoq526i0,captured
pay_4ufr5wo8tqsdac,order_vppknnw3p01q0o,2026-03-29 21:36:17,143100,upi,0,0,setl_wqkvxto3gxvlu7,captured
pay_b4qm9miftu5o4a,order_fy1lgey9dn30oc,2026-02-09 06:59:38,113200,card,2264,408,setl_s4l1ku1vti53ru,captured
pay_4yyzdh0p2hf8s0,order_548gpd1snu1tno,2026-03-30 12:12:33,39400,wallet,867,156,setl_j85ptu7k9no41z,captured
pay_z5979zf2iin2sd,order_r7kg9xgxiigasg,2026-01-17 22:53:16,100900,upi,0,0,setl_jrm8iuv8pwnbst,captured
pay_jw5ouemb13q2x7,order_83wq8y91xff1zt,2026-03-22 09:40:55,335500,upi,0,0,setl_lkgzbjhy4tfgax,captured
pay_5xypf805zucmnv,order_n7pagyulhw6z83,2026-02-23 21:21:03,263700,upi,0,0,setl_2ejmt21xr8n21l,captured
pay_atotoyxavguufe,order_8tuwa1zxrsakjr,2026-01-28 08:52:43,35100,card,702,126,setl_nxu2v0awbwkxj5,captured
pay_dndvv9u5rt8iys,order_tc8sffi1vaqgp1,2026-03-10 06:24:07,42600,upi,0,0,setl_cy02355rxf3dgx,captured
pay_30r4tiktvvra5a,order_eufbvy1255ik6t,2026-01-08 06:45:11,126200,card,2524,454,setl_xx3zh6x38f6k9i,captured
pay_lphroxrfs1mgoj,order_n5l2bwxdsos812,2026-03-01 13:22:42,128000,upi,0,0,setl_wg96a9tv3603ep,captured
pay_gakd1ml3uxj00h,order_f7kswlcu6dyioj,2026-01-07 12:35:12,141200,upi,0,0,setl_jde75ge9flap8q,captured
pay_deme7ekcad9mww,order_b2xa0jyado6amd,2026-03-30 17:38:49,44800,upi,0,0,setl_j85ptu7k9no41z,captured
pay_oc1g8grodzuc2a,order_u8hb6vkt5ikbvz,2026-03-15 06:54:19,101900,upi,0,0,setl_ob1zbkbpqox76q,captured
pay_p068xeqxpw60x6,order_dxailo58o0oulr,2026-02-27 19:06:37,73100,upi,0,0,setl_wg96a9tv3603ep,captured
pay_s2owzj8to01omd,order_057ho3833z57yv,2026-02-22 07:47:52,59600,wallet,1311,236,setl_qal9h36vfum300,captured
pay_xgbq91d87hlblc,order_mjs61o5f2x1khp,2026-03-19 06:17:54,72400,netbanking,1376,248,setl_hjydfszyf4rzmu,captured
pay_f3w9fnqwpptvs7,order_d5z0nhvw9aj4zr,2026-03-08 09:43:31,83000,card,1660,299,setl_8rcowtf1l5jtt6,captured
pay_oma8rxky93cc1m,order_jyszkvv1qeaxnl,2026-01-06 12:02:31,449700,upi,0,0,setl_8zu1ktsnub3qzg,captured
pay_rcrh54aycfzf2d,order_8k4n1ilugkfr21,2026-02-04 13:58:09,112400,upi,0,0,setl_loeej8p0363err,captured
pay_rpqz1ritwks718,order_syixd4vx2wo91r,2026-01-22 12:41:21,140800,upi,0,0,setl_olhoefx33wper0,captured
pay_mqlca718dx1qgf,order_frvgwthc2d60y4,2026-01-20 11:13:35,109300,card,2186,393,setl_i1ppblfh8tj5m7,captured
pay_tek1osxom0kpeh,order_9ymfoow1twrtro,2026-03-11 08:24:56,120200,upi,0,0,setl_mi7tt2ol7lcfi6,captured
pay_h34523b8a5lu6g,order_bq9v99ok0yly2u,2026-01-06 16:21:24,70400,card,1408,253,setl_8zu1ktsnub3qzg,captured
pay_d2f3tdn61x985i,order_sixirbsz18qu8z,2026-01-07 21:54:01,187700,upi,0,0,setl_jde75ge9flap8q,refunded
pay_08scknvcmh1vxw,order_7bjszk3hhtez1i,2026-01-31 06:29:47,63700,upi,0,0,setl_4sse8tbudyqcih,captured
pay_7b8j7xv839armn,order_2ic2b8s08iioiz,2026-02-23 18:03:43,248300,netbanking,4718,849,setl_2ejmt21xr8n21l,captured
pay_e4u3q7hisoktvi,order_vfnkdyfrm3in5f,2026-03-25 22:03:58,75600,upi,0,0,setl_d932kldoq526i0,captured
pay_4mq3ehwxoxjd8x,order_2j0xqncyt0gwhq,2026-02-05 08:43:18,39200,upi,0,0,setl_9redif5czb1c2o,captured
pay_mhul8sfydfo5sq,order_muperquaybw1ek,2026-03-31 12:17:46,69800,upi,0,0,setl_63hjwsjao5sf4p,captured
pay_jrpm8zt4xhp80e,,2026-03-26 16:48:51,299900,upi,0,0,setl_86tilepkwugepq,captured
pay_03equjm4uiz1l5,order_ve8sehvxsdp8pr,2026-03-19 09:21:23,31300,upi,0,0,setl_hjydfszyf4rzmu,captured
pay_rjkn97j4v1p8bj,order_fs373ksd1hfhoz,2026-01-30 19:47:38,76600,upi,0,0,setl_4sse8tbudyqcih,captured
pay_wq8sas3heffl4j,order_pzd7uwkd4su31r,2026-03-03 10:41:52,266300,card,5326,959,setl_s36ohm15574nxh,captured
pay_l9zsp15mqh86xv,order_agt5sog3y4d6gk,2026-01-08 20:04:45,398200,upi,0,0,setl_xx3zh6x38f6k9i,captured
pay_fcjnti9fe5jx6z,order_kmwtrpqnczzj5v,2026-02-01 14:37:56,120200,upi,0,0,setl_4sse8tbudyqcih,captured
pay_0x2hbdavgkjbyf,order_9hmeuz13fz2lm9,2026-02-08 09:39:55,41000,upi,0,0,setl_x9629fsv80nszb,captured
pay_iwqjdki2pxpsl7,order_vrt5lljt9t15ff,2026-03-04 14:20:49,33100,upi,0,0,setl_id6lid416qfq61,captured
pay_01p26jajlb9u2a,order_u63qq9e7gsri3f,2026-02-28 15:37:38,129600,upi,0,0,setl_wg96a9tv3603ep,captured
pay_nxx7xwdnwvco04,order_ujst5dq6e1ynut,2026-01-28 22:32:01,60000,netbanking,1140,205,setl_nxu2v0awbwkxj5,captured
pay_t8acqlmj7jth68,order_sgbogk1lykrt10,2026-01-17 19:21:06,238800,card,4776,860,setl_jrm8iuv8pwnbst,captured
pay_9zq1tgrd3kvcca,order_mv9wszms97ch77,2026-01-07 22:48:32,31700,card,634,114,setl_jde75ge9flap8q,captured
pay_y048937psarywl,order_l83t116s1mfyis,2026-01-06 15:20:43,96900,netbanking,1841,331,setl_8zu1ktsnub3qzg,captured
pay_yoi0nypj42hs4d,order_gfo99fyb93k9ix,2026-01-30 10:20:38,255000,upi,0,0,setl_4sse8tbudyqcih,captured
pay_3bj2vfip9wl6g9,order_crphnpm8rd7g01,2026-01-18 10:42:40,328600,card,6572,1183,setl_jrm8iuv8pwnbst,captured
pay_8xd4fq1l6twwhe,order_g1yc5ad6dvwlxo,2026-01-18 17:42:55,206700,card,4656,838,setl_jrm8iuv8pwnbst,captured
pay_jpa8yao01sydpv,order_lkr0rpqfx64yfg,2026-01-08 21:30:44,221500,upi,0,0,setl_xx3zh6x38f6k9i,captured
pay_d6cb5q4ysaooys,order_80orc238pzycs4,2026-01-08 12:54:20,69800,upi,0,0,setl_xx3zh6x38f6k9i,captured
pay_vubebcrdhsmn4h,order_z5je53a167fukj,2026-01-22 22:30:36,79300,card,1586,285,setl_olhoefx33wper0,captured
pay_8ajibelpb809hy,order_rhc5q2qhnm0xxk,2026-03-18 22:51:03,118500,upi,0,0,setl_i779xkgycurgiw,captured
pay_ux38kmsbjifjpe,order_f9glpg1hhqgv3a,2026-01-16 11:43:28,568100,upi,0,0,setl_jrm8iuv8pwnbst,captured
pay_atbml2yg0ucs3m,order_can9gmpqiewk7b,2026-01-14 13:52:03,114400,netbanking,2174,391,setl_opdcf6j5wixc2v,captured
pay_lv91p4e2kayigf,order_wouc052f5vul35,2026-03-05 08:36:38,134100,upi,0,0,setl_1pprr34her4zyz,captured
pay_q8zyhjgtahl3tp,order_dzhttv1fo3l0v0,2026-01-28 10:23:02,118800,upi,0,0,setl_nxu2v0awbwkxj5,captured
pay_1b9m4n4yreyvft,order_msd4qh3eg6fta8,2026-01-29 09:12:31,147300,card,2946,530,setl_j502p555prthl8,captured
pay_qjh1vjfzzb7wgq,order_y09bdyveupfglc,2026-01-06 22:46:25,561800,upi,0,0,setl_8zu1ktsnub3qzg,captured
pay_ultxq12d90n39e,order_u2d5y68y1bxree,2026-01-26 22:45:50,53900,wallet,1186,213,setl_r7od0iq6cc73mp,captured
pay_xcx88p3j1sm6jd,order_8elmz4i0twr99z,2026-03-27 15:13:39,67400,upi,0,0,setl_wqkvxto3gxvlu7,captured
pay_hruzhuox1g8cdu,order_zt0wph2iwlzkql,2026-01-19 17:53:21,106000,upi,0,0,setl_ckovgkmddyvf20,captured
pay_h44hzmqb2u0ih7,order_jtfrrflvzewf9t,2026-01-20 22:13:10,76600,upi,0,0,setl_i1ppblfh8tj5m7,captured
pay_687fsepewgme0n,order_stm7t4pedleege,2026-01-18 18:26:49,62800,upi,0,0,setl_jrm8iuv8pwnbst,captured
pay_rvyua4phmmufc8,order_bzt4qc3cn7g6tq,2026-01-26 16:41:53,193400,upi,0,0,setl_r7od0iq6cc73mp,captured
pay_fz3aowntxlj1tl,order_bq8nogzdt4yy3t,2026-02-19 21:19:50,161900,upi,0,0,setl_57dkr8we1ld4hf,captured
pay_ijrfguj598hodj,order_moscl1ofhx7rbn,2026-02-11 22:19:49,72900,upi,0,0,setl_owvw9a3grfow7z,captured
pay_em5oi3tbk6w3pv,order_oiclw2dl01b0y1,2026-02-23 09:12:18,345300,netbanking,6561,1181,setl_2ejmt21xr8n21l,captured
pay_y3fad5h9etbrwi,order_t3k6i1lql6b4oj,2026-03-11 18:50:06,133500,upi,0,0,setl_mi7tt2ol7lcfi6,captured
pay_a077zd6zru5xz4,order_2jpbbee71ki42t,2026-01-31 14:07:27,46900,upi,0,0,setl_4sse8tbudyqcih,captured
pay_d81jmtbqodmueg,order_jaafvixu2hml9q,2026-02-14 22:03:00,52600,upi,0,0,setl_9hpnkvdkx29mhx,captured
pay_3nwciuksj85sti,order_jx232hxkmp7pkr,2026-02-07 21:09:27,130800,upi,0,0,setl_x9629fsv80nszb,captured
pay_5yf93d20vi7jea,order_cddxa6ts325ksv,2026-03-17 15:52:47,135000,netbanking,2565,462,setl_nf76s64rcbd6hk,captured
pay_nt5g8hswe6n1a2,order_podo1ho2flru3h,2026-01-19 17:02:30,77200,upi,0,0,setl_ckovgkmddyvf20,captured
pay_cyw7s76gylp19n,order_9rqowl5zfbcbki,2026-02-07 12:59:05,63400,upi,0,0,setl_x9629fsv80nszb,captured
pay_kqdn8huoy3cpl2,order_sw0icjbs6yshb3,2026-03-27 16:09:17,185400,card,3708,667,setl_wqkvxto3gxvlu7,captured
pay_coqp6kmx1asjr9,order_tt6qr1j1mxunnp,2026-03-19 20:49:08,53600,upi,0,0,setl_hjydfszyf4rzmu,captured
pay_xmmwriq080l85l,order_42holhrnfbcamy,2026-02-19 07:22:04,109500,netbanking,2081,375,setl_57dkr8we1ld4hf,captured
pay_9hquupd6p93bg4,order_xqk1oi1ch8dqwo,2026-02-09 06:19:56,44200,upi,0,0,setl_s4l1ku1vti53ru,captured
pay_d7jd18xdtjy2w7,order_iadhk5v4uicn1m,2026-01-26 16:47:36,46000,upi,0,0,setl_r7od0iq6cc73mp,captured
pay_00s07aa6ft6ayj,order_84p3ygsh67t20s,2026-03-23 21:16:42,54800,upi,0,0,setl_ihlz60xnvw9v27,captured
pay_ysu9vaufktvyjx,order_2xrzlpqgghnbyk,2026-02-02 18:20:46,118100,card,2362,425,setl_l3k3kfcno0zwp9,captured
pay_d1bssaqjl06uhx,order_yulxc13y4m2fkf,2026-02-13 10:12:15,84800,upi,0,0,setl_9hpnkvdkx29mhx,captured
pay_wbky9i9ke82hfi,order_bq6awbef2zbizm,2026-01-02 12:31:00,43500,upi,0,0,setl_wepzs7szuqc9f6,captured
pay_whjhsxsyr3j2vt,order_nrcvoww3abov4i,2026-03-31 17:49:26,72300,card,1446,260,setl_63hjwsjao5sf4p,captured
pay_bfcw33ka70w2fq,order_fv568uky0mxxmv,2026-01-13 22:00:27,55100,card,1102,198,setl_svzb0gabvczqv4,captured
pay_ctyvjkbln1s1nv,order_83gi5xmi2ucz89,2026-01-29 22:56:13,313300,upi,0,0,setl_j502p555prthl8,captured
pay_vb98qjoav7otw8,order_8gi5d21h10kv2d,2026-03-31 07:58:50,286100,card,5722,1030,setl_63hjwsjao5sf4p,captured
pay_dso33022uvx48x,order_0ek84ks836pwq5,2026-02-11 22:09:12,78800,wallet,1734,312,setl_owvw9a3grfow7z,captured
pay_387mrb9ix5amyi,order_t81c89ijfw52cj,2026-02-14 12:26:58,44300,upi,0,0,setl_9hpnkvdkx29mhx,captured
pay_oaezi70u0rtg0u,order_xj98076lp8rci7,2026-03-11 16:12:23,38600,card,772,139,setl_mi7tt2ol7lcfi6,captured
pay_72bwhw3mrppkv9,order_95ipenj7xhz0nb,2026-01-31 15:37:06,128300,upi,0,0,setl_4sse8tbudyqcih,captured
pay_g42rciye4f15lf,order_rsl772i60miera,2026-02-17 09:16:38,38400,netbanking,730,131,setl_9994rz2os2zywh,captured
pay_c40au0swa6r5wq,order_2e2sww8k1q4rgu,2026-01-30 21:21:36,74100,upi,0,0,setl_4sse8tbudyqcih,captured
pay_wuxmsc9l5095uk,order_wsrwyqr48s5w2c,2026-03-06 11:17:59,76200,netbanking,1448,261,setl_8rcowtf1l5jtt6,captured
pay_806laf2nyux11u,order_wz64z9li2snztt,2026-01-09 08:34:42,67500,card,1350,243,setl_h9o3muublta3bw,captured
pay_fquqyxc908775z,order_5nns7el3x7mdiz,2026-01-31 17:03:17,312500,upi,0,0,setl_4sse8tbudyqcih,captured
pay_ys6x2apj6cztu5,order_w5p8ttlzgz96ys,2026-03-09 08:56:33,284800,upi,0,0,setl_6qsiife23ixpuu,refunded
pay_ksudpva68nb5pc,order_9r9nmhok6ecbs3,2026-02-11 18:11:00,144100,card,2882,519,setl_owvw9a3grfow7z,captured
pay_ywk97bssce65w9,order_yv9s0qz5786ozk,2026-03-31 13:23:14,188100,upi,0,0,setl_63hjwsjao5sf4p,captured
pay_0lbqlz7az4saf5,order_ls5e88mkliuiv1,2026-01-15 08:13:08,137200,upi,0,0,setl_grv7k1qff39825,captured
pay_omrqdncblznca1,order_hmphoay0kg33yw,2026-02-28 07:18:07,147400,card,3052,549,setl_wg96a9tv3603ep,captured
pay_h8dy20aalpqn3u,order_ebxv86kc7mqg64,2026-03-30 13:55:38,132100,upi,0,0,setl_j85ptu7k9no41z,captured
pay_2ry2rrr786txx8,order_cokfgvub6m9nx4,2026-01-11 13:09:50,269000,card,5380,968,setl_h9o3muublta3bw,captured
pay_sgcnv3xa3k7tsg,order_di7gy768gp9sv3,2026-02-04 22:33:45,48900,netbanking,929,167,setl_loeej8p0363err,captured
pay_nj7ni6ogy61xc0,order_w62dvdhxvkn6cq,2026-01-15 13:50:17,96700,upi,0,0,setl_grv7k1qff39825,captured
pay_49b9zli7ez6xpg,order_foighvzo3bxxbc,2026-01-28 21:28:45,270900,netbanking,5147,926,setl_nxu2v0awbwkxj5,captured
pay_93ly22amqr67j3,order_elnfhbpnsgx6cl,2026-03-17 22:56:54,46700,netbanking,887,160,setl_nf76s64rcbd6hk,captured
pay_3gdn9rbbipubgn,order_gfa1chb5d14yqu,2026-02-09 16:00:23,70300,upi,0,0,setl_s4l1ku1vti53ru,captured
pay_hpwwgmmr8h2tnk,order_77260m6gohkgxo,2026-03-31 17:07:03,258700,wallet,5691,1024,setl_63hjwsjao5sf4p,captured
pay_fct48was54hkfb,order_l80iczq8eth8dk,2026-02-06 17:09:55,66600,upi,0,0,setl_x9629fsv80nszb,captured
pay_my5l9ylvbcvcia,order_t8cyxmfwmjtr1j,2026-02-26 07:24:04,76800,card,1536,276,setl_t8widn28c970o0,captured
pay_9vr0u9nusb6xct,order_4e8ehdf1wva61q,2026-03-23 18:48:06,312600,card,6252,1125,setl_ihlz60xnvw9v27,captured
pay_meuyigu3kfkjh1,order_33xscn7zds6vkk,2026-02-28 09:53:23,84800,upi,0,0,setl_wg96a9tv3603ep,captured
pay_1q60js71tgj1o6,order_wmly6j9krbslsg,2026-02-11 20:15:01,588200,upi,0,0,setl_owvw9a3grfow7z,captured
pay_882gft8tshqnc3,order_6kzlzhavo7gk0k,2026-03-29 19:03:55,49500,upi,0,0,setl_wqkvxto3gxvlu7,captured
pay_kwtf9umpairt9j,order_f6k7jg1hjj0uny,2026-03-31 07:49:20,100700,upi,0,0,setl_63hjwsjao5sf4p,captured
pay_9ebmvinul537js,order_0pk4t08ljea5rb,2026-01-25 14:38:48,43500,card,870,157,setl_pe6faz7kvftyvi,captured
pay_76bvev8p5qzy2y,order_uyf65swowvvznu,2026-01-02 12:27:36,153000,upi,0,0,setl_wepzs7szuqc9f6,captured
pay_5wdc5f943g3iqu,order_3k3p91gdvfy4px,2026-01-04 07:42:59,111400,upi,0,0,setl_wepzs7szuqc9f6,captured
pay_60aovdvbq0smtn,order_azysl8x7i19nrr,2026-03-24 11:00:42,244700,upi,0,0,setl_bjuqk7c3un19bl,captured
pay_5xioujo8r7xcxm,order_vjnx41u8w547gf,2026-01-27 19:53:33,37400,upi,0,0,setl_lmc6qbtpgvhqfs,captured
pay_jdnnfhzbqa1r2z,order_nkhkdvk0rbd28i,2026-01-17 10:22:37,142700,upi,0,0,setl_jrm8iuv8pwnbst,captured
pay_9rjownqbdy1x1n,order_whz4tlk8xipgad,2026-02-26 08:32:41,35600,upi,0,0,setl_t8widn28c970o0,captured
pay_ft6ros3t8wvm2q,order_jg0uv2pm2ghqrp,2026-01-22 19:23:22,202400,upi,0,0,setl_olhoefx33wper0,captured
pay_xomgeebr7eeig3,order_hjg55xds6hrwzw,2026-03-29 13:20:08,308700,upi,0,0,setl_wqkvxto3gxvlu7,captured
pay_849vm2efst8cga,order_cay6mi3yucn032,2026-03-04 13:54:03,48400,upi,0,0,setl_id6lid416qfq61,captured
pay_akdel5cxtwtt39,order_ojr3sw7gc64wqc,2026-01-06 06:12:24,335900,upi,0,0,setl_8zu1ktsnub3qzg,captured
pay_2ti0of7zyc17gc,order_fku4jdmb80lfht,2026-02-02 07:35:34,31000,wallet,682,123,setl_l3k3kfcno0zwp9,captured
pay_xgrdkpiuhuxpb3,order_6vo9k0mfzbizua,2026-01-14 10:13:22,623900,card,12478,2246,setl_opdcf6j5wixc2v,captured
pay_t0zxabz0k9v4gc,order_v3iowtnjybtn6q,2026-03-14 19:04:10,393000,upi,0,0,setl_ob1zbkbpqox76q,captured
pay_h58qwpkp5tg0e8,order_msv84hpmxkv53p,2026-03-19 18:53:23,101000,upi,0,0,setl_hjydfszyf4rzmu,captured
pay_d06pul5iat2jme,order_hcfk5cogfltiji,2026-01-13 16:14:47,59700,netbanking,1134,204,setl_svzb0gabvczqv4,captured
pay_hywbcbmf7uydy5,order_m5sseeff8oo2yh,2026-02-06 08:16:34,36300,wallet,799,144,setl_x9629fsv80nszb,captured
pay_k89ebx76yx7w9r,order_nrkucaay2axq81,2026-01-10 22:15:13,146400,netbanking,2782,501,setl_h9o3muublta3bw,captured
pay_c20q25fdwnotoa,order_4oyn2pih2ody5r,2026-03-30 20:45:39,63200,upi,0,0,setl_j85ptu7k9no41z,captured
pay_6t581h1whwh5qs,order_14ytz268rwktzt,2026-03-10 06:01:16,109400,upi,0,0,setl_cy02355rxf3dgx,captured
pay_fve632fnw263r4,order_xllhmiuvzmwsv9,2026-01-27 22:47:29,87800,upi,0,0,setl_lmc6qbtpgvhqfs,captured
pay_c12tisac26d10h,order_j7968ptcfw32iy,2026-03-30 11:03:21,328900,wallet,7236,1302,setl_j85ptu7k9no41z,captured
pay_zv7uksrk202e2e,order_sl9flzcv6g14h1,2026-01-05 21:29:58,252400,netbanking,4796,863,setl_jb4iycka7ebxm4,captured
pay_sjfm2dr650ftak,order_5a8v5qd117hzzw,2026-02-05 07:11:03,192100,card,3842,692,setl_9redif5czb1c2o,refunded
pay_wduey3w8o1rane,order_jqhbaks8r86vei,2026-01-11 14:28:07,309200,card,6184,1113,setl_h9o3muublta3bw,captured
pay_ciwza8hrfjay3h,order_ujxhnjw4jnthn2,2026-01-19 13:45:03,66100,upi,0,0,setl_ckovgkmddyvf20,captured
pay_jepnhh2q24c2kt,order_cqpjwoy3d309an,2026-01-31 06:29:44,305700,upi,0,0,setl_4sse8tbudyqcih,captured
pay_cxbbf9cellwk9g,order_w86dl2rqt9g2tx,2026-02-06 20:03:18,135200,upi,0,0,setl_x9629fsv80nszb,captured
pay_hazwzre5ynsc7y,order_i9hljshytw63rq,2026-03-30 08:19:45,627900,upi,0,0,setl_j85ptu7k9no41z,captured
pay_azftb0o38xkio7,order_xl3nipqcr2a87t,2026-01-23 13:13:06,68700,netbanking,1305,235,setl_pe6faz7kvftyvi,captured
pay_uuyegnpha142pq,order_0w57u0vw99ro7f,2026-02-04 22:03:56,43600,card,872,157,setl_loeej8p0363err,captured
pay_5qeomzdceyxb99,order_cdke4sc5krv8jq,2026-01-05 20:28:00,132300,wallet,2911,524,setl_jb4iycka7ebxm4,captured
pay_n7ihy2kjqhv1on,order_gnb5k8hc5caoeb,2026-03-23 14:48:39,105400,upi,0,0,setl_ihlz60xnvw9v27,captured
pay_tn4q95rkwwqm9b,order_ml1b5ustdaoeq2,2026-01-22 10:47:47,283000,upi,0,0,setl_olhoefx33wper0,captured
pay_whugqfkt7mdh3p,order_uagy5s2rbz6dmc,2026-02-26 12:43:18,91400,upi,0,0,setl_t8widn28c970o0,captured
pay_l5upakz417tbnf,order_tw82mo7osiwbif,2026-02-09 13:17:05,111100,upi,0,0,setl_s4l1ku1vti53ru,captured
pay_m2q004ao1m2e2y,order_54od2ihoy6w9mu,2026-03-15 22:55:39,33100,card,662,119,setl_ob1zbkbpqox76q,refunded
pay_ipghjofvw0xf15,order_jaslqzr9y65zli,2026-01-03 16:09:51,308900,upi,0,0,setl_wepzs7szuqc9f6,captured
pay_y9mpa1kxabu4cx,order_3m9ve57eszamut,2026-03-03 12:44:46,899800,upi,0,0,setl_s36ohm15574nxh,captured
pay_4exlkt12paxnj7,order_2d3wyv453r03jx,2026-02-13 17:09:07,97300,upi,0,0,setl_9hpnkvdkx29mhx,captured
pay_pybioiqj39sslu,order_o3fjtt2uag8599,2026-03-06 16:02:51,42900,upi,0,0,setl_8rcowtf1l5jtt6,captured
pay_dcolmh8kvfu163,order_q1ncjz35rnc2ke,2026-03-31 11:35:10,119600,wallet,2631,474,setl_63hjwsjao5sf4p,captured
pay_ek61a0204rqy2r,order_xq3n5sn48g512e,2026-02-24 19:29:44,79000,upi,0,0,setl_dlrkavuq1t51a1,captured
pay_rvwlm65ugncqcx,order_9107utki4you5c,2026-03-23 14:58:32,637500,upi,0,0,setl_ihlz60xnvw9v27,captured
pay_daowp5k2rstmuw,order_1ynhcx56q9ncm9,2026-03-26 14:45:43,89000,wallet,1958,352,setl_86tilepkwugepq,captured
pay_n13saq3gutibjx,order_zxj3bcv00oqnk6,2026-02-09 08:15:37,83100,upi,0,0,setl_s4l1ku1vti53ru,captured
pay_n873r3j7apgayq,order_u6351e3enjq9xl,2026-03-31 17:35:36,78000,card,1560,281,setl_63hjwsjao5sf4p,captured
pay_jvjt1yxch3y0ks,order_0516x09tznsa0e,2026-03-31 20:57:09,40500,netbanking,770,139,setl_63hjwsjao5sf4p,captured
pay_2s8btvrhpou4e0,order_gm7yv8frx2yf5m,2026-01-29 19:39:04,172100,upi,0,0,setl_j502p555prthl8,captured
pay_xi47rp9rh6lf30,order_3tag0tccyg0kui,2026-01-05 16:20:36,62300,upi,0,0,setl_jb4iycka7ebxm4,captured
pay_fgc5zxq2tqdtxz,order_dvgn4gzyy6m9mm,2026-03-01 14:25:44,147100,upi,0,0,setl_wg96a9tv3603ep,captured
pay_sx3f99sr4wkxdz,order_mvj9k1c873d1z6,2026-01-30 10:01:38,36800,card,736,132,setl_4sse8tbudyqcih,captured
pay_vqdr2ye35jz6xl,order_vnh4z4ff3ugr7f,2026-03-19 18:44:07,335300,netbanking,6371,1147,setl_hjydfszyf4rzmu,captured
pay_buhezj92b154ak,order_azcz6dp1pefglt,2026-01-31 22:19:53,69600,card,1392,251,setl_4sse8tbudyqcih,captured
pay_ei10zhwjqrpbzp,order_1rmx7jft6ih8kv,2026-03-05 22:52:41,58500,upi,0,0,setl_1pprr34her4zyz,captured
pay_thhjr84ul9gaha,order_7z3gamg64c4j9n,2026-02-20 17:53:51,628100,upi,0,0,setl_qal9h36vfum300,captured
pay_h12tjjgewmt0uo,order_q0qkvqn7wb5zuo,2026-01-09 06:47:43,132000,upi,0,0,setl_h9o3muublta3bw,captured
pay_r5jbo1mvuok5jt,order_tci5x8279r1c1z,2026-01-16 13:59:30,179300,upi,0,0,setl_jrm8iuv8pwnbst,captured
pay_uuuvqxv0lh5q64,order_e8j37kieke6ise,2026-01-25 20:27:30,72800,upi,0,0,setl_pe6faz7kvftyvi,captured
pay_9e8m3epzm4gv4r,order_uivo41riq6y5zx,2026-03-16 10:29:25,230300,upi,0,0,setl_9ziplehvmcpcg3,captured
pay_fbabf0keo29tv0,order_tiostmdj6xqy2y,2026-01-30 14:20:31,504000,netbanking,9576,1724,setl_4sse8tbudyqcih,captured
pay_kay4wht9gydqkg,order_af0ommu6i20812,2026-02-08 08:26:25,478400,netbanking,9090,1636,setl_x9629fsv80nszb,captured
pay_vxrbp5c2e70gnr,order_swzme8jbl9k9hq,2026-01-18 21:58:43,83600,upi,0,0,setl_jrm8iuv8pwnbst,captured
pay_o2yb1wqx73r6bn,order_v3nv7287fcq1a1,2026-02-14 16:06:16,123300,card,2466,444,setl_9hpnkvdkx29mhx,captured
pay_k6fp95vm5m9apg,order_p9yyl9wkykosed,2026-01-23 14:52:43,126900,upi,0,0,setl_pe6faz7kvftyvi,captured
pay_rm9vpj4j8sgalu,order_qfu0uqoot3vau7,2026-01-18 08:47:23,42800,card,856,154,setl_jrm8iuv8pwnbst,captured
pay_6wspukdrwtxxr1,order_weig7k9t41w94b,2026-02-09 09:44:47,48100,upi,0,0,setl_s4l1ku1vti53ru,captured
pay_9l5u336kzh0f3t,order_qqc9z9wkpraa3v,2026-03-31 12:39:54,105700,wallet,2325,419,setl_63hjwsjao5sf4p,captured
pay_6q01zett92q66z,order_ggh1k87wh0liwc,2026-03-31 16:08:57,65500,card,1310,236,setl_63hjwsjao5sf4p,captured
pay_j0rvblraccgvn8,order_dlnxnvkcacmerr,2026-03-31 09:39:51,109000,upi,0,0,setl_63hjwsjao5sf4p,captured
pay_s1dyh5jclaf0pe,order_3npn3p849bs8mj,2026-01-20 13:26:25,38300,card,766,138,setl_i1ppblfh8tj5m7,captured
pay_cxesxdomcsxv8k,order_0ho8ujyiwd1dov,2026-01-13 16:50:28,37500,upi,0,0,setl_svzb0gabvczqv4,captured
pay_cqwn40sg5maurt,order_o26pqu3pnehg2x,2026-02-04 13:53:28,119600,upi,0,0,setl_loeej8p0363err,captured
pay_vo4jb3lgfg24yg,order_1izdr64w7eupxq,2026-01-28 06:03:46,43100,upi,0,0,setl_nxu2v0awbwkxj5,captured
pay_kwvpolem733aqj,order_iudlebx9cmsy2y,2026-03-19 14:44:30,312900,upi,0,0,setl_hjydfszyf4rzmu,captured
pay_l29zoilltc02yd,order_170yqzlx96wh5n,2026-01-27 06:20:49,62900,netbanking,1195,215,setl_lmc6qbtpgvhqfs,captured
pay_0p1a0uxra51pjc,order_evg32uwzkgxjfw,2026-02-27 16:53:10,63700,card,1274,229,setl_wg96a9tv3603ep,captured
pay_9cu82s7000xar3,order_bmy78vi4i7g88x,2026-03-31 15:58:06,36300,netbanking,690,124,setl_63hjwsjao5sf4p,captured
pay_fcbaagvk6cenyq,order_y14q58ehvnsg5s,2026-02-04 11:57:41,734400,upi,0,0,setl_loeej8p0363err,captured
pay_g14wpc49mqf8m5,order_6dl5tlrya36jb9,2026-02-02 21:41:12,33200,upi,0,0,setl_l3k3kfcno0zwp9,captured
pay_wh35x3jr9n7e45,order_mgbeqndvsbktz9,2026-02-28 17:25:40,238700,netbanking,4535,816,setl_wg96a9tv3603ep,captured
pay_x6t3i8udjqiwl5,order_vw4g86bq386zzf,2026-02-26 11:51:53,148500,upi,0,0,setl_t8widn28c970o0,captured
pay_oed6csfnz37w6c,order_1gdyst2g8uses6,2026-03-30 19:05:59,155600,upi,0,0,setl_j85ptu7k9no41z,captured
pay_9yqak50m54tn06,order_1v64wl9vtgp7hq,2026-02-02 09:13:19,130900,upi,0,0,setl_l3k3kfcno0zwp9,refunded
pay_05q5hwu3m18csr,order_z9u3enfegzwxib,2026-03-20 17:57:55,30900,upi,316,57,setl_lkgzbjhy4tfgax,captured
pay_e22noe80ha95bq,order_dvnv87qjz232nx,2026-03-11 22:46:10,61900,card,1238,223,setl_mi7tt2ol7lcfi6,captured
pay_jrext4682q4b0j,order_tadleckqqlif1m,2026-01-24 12:31:21,40800,card,816,147,setl_pe6faz7kvftyvi,captured
pay_q57azh48231pyr,order_mmdcoamq85ae21,2026-01-05 14:31:13,85900,upi,0,0,setl_jb4iycka7ebxm4,captured
pay_bkuydmrlkh5hp7,order_8480whqmmlvmul,2026-02-06 20:31:00,656000,card,13120,2362,setl_x9629fsv80nszb,captured
pay_omv4yi74s63ql3,order_fj2vhk0g6vh2qt,2026-02-28 09:21:26,78800,upi,0,0,setl_wg96a9tv3603ep,captured
pay_ab6swafr3wpi69,order_j8g9fsspcc36so,2026-02-18 13:03:57,51200,card,1024,184,setl_marwnoou4khb0k,captured
pay_eqagkh6a9t73hh,order_tvyg3g9x7sxnbm,2026-02-15 06:22:36,453200,upi,0,0,setl_9hpnkvdkx29mhx,captured
pay_1g2nby13781ef4,order_zf6zfk7q22jm85,2026-01-29 15:06:31,50900,upi,0,0,setl_j502p555prthl8,captured
pay_1fvg14wb998a14,order_9r1afoiny6i5hk,2026-03-16 19:34:05,64600,netbanking,1227,221,setl_9ziplehvmcpcg3,captured
pay_yfegpvbw9rbusb,order_hmk48tflqrlcyo,2026-02-27 11:43:57,452300,upi,0,0,setl_wg96a9tv3603ep,captured
pay_8fkbgo5mwyowfh,order_wvdhom2exw6pei,2026-02-27 13:31:51,126700,upi,0,0,setl_wg96a9tv3603ep,captured
pay_wi0eylwbjn1hrk,order_clo1cd8voxfsdf,2026-01-06 21:45:41,76500,card,1530,275,setl_8zu1ktsnub3qzg,captured
pay_v497zqbwg4qvbn,order_aajn8s0n1w6w7o,2026-01-14 19:35:32,251100,upi,0,0,setl_opdcf6j5wixc2v,captured
pay_7tk2t5x6hdhlyb,order_vp2wr6dkvcvfqu,2026-01-03 19:32:36,187400,upi,0,0,setl_wepzs7szuqc9f6,captured
pay_xu5q4xa509ff1y,order_kw709da052idfh,2026-01-07 22:33:48,38400,upi,0,0,setl_jde75ge9flap8q,captured
pay_5ydtu4or73mgkd,order_pku13sq4hikqfm,2026-01-22 10:39:53,38700,upi,0,0,setl_olhoefx33wper0,captured
pay_jjdt79o5s32402,order_3svaymo9z8cy27,2026-03-13 06:56:12,125000,upi,0,0,setl_ob1zbkbpqox76q,captured
pay_nl31qlngiwel01,order_mvc5zg9n97ngfn,2026-01-07 12:14:31,249600,upi,0,0,setl_jde75ge9flap8q,captured
pay_vuo5zbsl1ztli5,order_xvb9ibrofafcho,2026-01-22 11:54:16,48600,upi,0,0,setl_olhoefx33wper0,captured
pay_1p8f99fxynym3x,order_f19jt4qkd0aiyp,2026-01-06 09:27:47,118000,upi,0,0,setl_8zu1ktsnub3qzg,captured
pay_2yx9pjmg9aq06a,order_4xkcr1dy7v4xdp,2026-03-31 12:01:29,737500,upi,0,0,setl_63hjwsjao5sf4p,captured
pay_sc6p5gbzzjna23,order_51bm0rteuxiusl,2026-02-16 19:10:07,66600,netbanking,1265,228,setl_hyo0coscm1600j,captured
pay_lcni0qwjl28vrw,order_enj4ytf8u8j5cd,2026-02-15 14:51:33,52600,upi,0,0,setl_9hpnkvdkx29mhx,captured
pay_rnvp383sutvs1v,order_wc4ex9lngjywuy,2026-01-07 09:26:08,55000,upi,0,0,setl_jde75ge9flap8q,captured
pay_3tw3nspn2872z3,order_9ouchqvcs7dqhz,2026-03-29 18:16:24,141700,upi,0,0,setl_wqkvxto3gxvlu7,captured
pay_oipxl52di4iv3h,order_aoqnmfa46jp76t,2026-03-22 13:53:20,32900,upi,0,0,setl_lkgzbjhy4tfgax,captured
pay_cb8dz0y4fd9g7h,order_103f1plqniqvfh,2026-02-17 21:20:43,127300,upi,0,0,setl_9994rz2os2zywh,captured
pay_1dqenl3spxjeki,order_hdub4pknnr5jzb,2026-02-13 21:46:03,880900,upi,0,0,setl_9hpnkvdkx29mhx,captured
pay_80jg35ofkc01zs,order_nb9nm04n6tbyx6,2026-03-27 06:49:30,214200,upi,0,0,setl_wqkvxto3gxvlu7,captured
pay_buevn3z5hk4y7t,order_nbj693ins2you0,2026-01-26 06:41:36,109600,upi,0,0,setl_r7od0iq6cc73mp,captured
pay_ed8u0ue3gkbmpi,order_y1mjzdjroid4f3,2026-03-26 08:54:56,56600,upi,0,0,setl_86tilepkwugepq,captured
pay_gzygclgu2zp4c5,order_5tn7vz99if0kdz,2026-01-17 08:50:57,648700,card,12974,2335,setl_jrm8iuv8pwnbst,captured
pay_vibvoa0puz84bg,order_x4o6c2mtk27bu0,2026-02-19 20:48:01,71000,upi,0,0,setl_57dkr8we1ld4hf,captured
pay_f83s9ultmu7mo5,order_hi08fi7x3e9dfu,2026-01-30 18:18:46,39600,wallet,871,157,setl_4sse8tbudyqcih,captured
pay_8spzwlt9gttwad,order_4vtxd6peg32ng3,2026-02-11 15:31:05,64900,netbanking,1233,222,setl_owvw9a3grfow7z,captured
pay_rabnpqc30e40e0,order_9schszqmhqyid9,2026-03-18 12:44:03,116100,upi,0,0,setl_i779xkgycurgiw,captured
pay_4tumcszx71jlkc,order_f24svuucivdobl,2026-02-06 16:18:34,322300,upi,0,0,setl_x9629fsv80nszb,captured
pay_z3e4cjivt7lh77,order_y2zos0hcqxpy3z,2026-01-30 07:32:57,76900,upi,0,0,setl_4sse8tbudyqcih,captured
pay_51h09k2yee2uqk,order_n541ooxr2mgu7w,2026-03-02 17:02:29,343300,upi,0,0,setl_gxt8aimmy71t26,captured
pay_9otlexxd820qtm,order_mg31vwnpxk7hmq,2026-03-01 19:57:13,123200,netbanking,2341,421,setl_wg96a9tv3603ep,captured
pay_0tyg290cgllxyh,order_5tm4y7jh3rrdsy,2026-01-19 16:33:56,109700,upi,0,0,setl_ckovgkmddyvf20,captured
pay_pexcs8knrergc2,order_m8bmsggb5dcrjl,2026-01-30 08:24:22,59400,card,1188,214,setl_4sse8tbudyqcih,captured
pay_t24ficgwbq8hj1,order_bs5irfife6kwpx,2026-02-09 13:25:47,751500,upi,0,0,setl_s4l1ku1vti53ru,captured
pay_k2cowkgfxv5eoo,order_p2a0jhi4lhxmvo,2026-01-27 11:15:10,39100,upi,0,0,setl_lmc6qbtpgvhqfs,captured
pay_8hukdxzgb0hpkk,order_1xakx8mhufaczo,2026-03-08 12:44:08,58300,wallet,1283,231,setl_8rcowtf1l5jtt6,refunded
pay_u8vrpr1t22x9yx,order_m25m1cnl53s8e4,2026-01-17 07:04:24,119000,upi,0,0,setl_jrm8iuv8pwnbst,captured
pay_1uvc13280j58vm,order_d1phnv3aw0ms6i,2026-01-26 10:41:06,131500,card,2630,473,setl_r7od0iq6cc73mp,captured
pay_7p77hwdghx06ka,order_8vu2hjks47i4op,2026-01-31 21:50:52,74400,upi,0,0,setl_4sse8tbudyqcih,captured
pay_0vpicl6rhfluts,order_ig4wvfkvwonak4,2026-02-14 11:13:56,48400,card,968,174,setl_9hpnkvdkx29mhx,captured
pay_hk7nza1nv5u68i,order_eno9rjsnf0zh12,2026-01-31 17:14:36,158400,upi,0,0,setl_4sse8tbudyqcih,captured
pay_1u1p6v7w4ismdr,order_ihfaqsytp0g6rt,2026-02-23 15:48:12,70400,upi,0,0,setl_2ejmt21xr8n21l,captured
pay_dsz38nb6vjxfyt,order_3kea5wgji837xf,2026-01-31 18:36:12,472700,upi,0,0,setl_4sse8tbudyqcih,captured
pay_b747b2nltv53d7,order_g07lgx0fw6htlv,2026-03-05 07:40:17,40700,upi,0,0,setl_1pprr34her4zyz,refunded
pay_gznt877d82oll5,order_954uhlfm9q1q6l,2026-01-25 07:50:20,68100,card,1362,245,setl_pe6faz7kvftyvi,captured
pay_nem6hgp41wo08u,order_vw850xef3ylytt,2026-03-07 19:51:13,135300,upi,0,0,setl_8rcowtf1l5jtt6,captured
pay_eilpp09ytehifk,order_vkwbcao7v167w4,2026-01-28 08:27:02,129300,card,2586,465,setl_nxu2v0awbwkxj5,captured
pay_04wxdk5u5v2v1w,order_v26fw3qd0i4nhh,2026-01-29 19:29:24,149500,upi,0,0,setl_j502p555prthl8,captured
pay_7p4q7mf4to967k,order_uff1lx9zhpusd9,2026-02-11 08:52:13,99300,wallet,2185,393,setl_owvw9a3grfow7z,captured
pay_5q6bn8ykezkjms,order_l2jf5rmpfuaa6l,2026-01-12 22:21:41,131500,card,2630,473,setl_9ein7jcd4rdl3a,captured
pay_8oa33pgllj0ehe,order_qr7zfnw9a8ukeq,2026-03-22 06:43:25,70600,upi,0,0,setl_lkgzbjhy4tfgax,captured
pay_f569w3cg46tma0,order_0qsq0vmte0x3dg,2026-02-25 18:29:14,32900,wallet,724,130,setl_fjubwhj4nuw113,captured
pay_j7jav88okgjbu3,order_8ggae2ebrgvsry,2026-01-24 11:35:29,146500,netbanking,2784,501,setl_pe6faz7kvftyvi,captured
pay_3nf9t8kjiht6pv,order_42u69gueo6w4xh,2026-03-29 22:49:04,34000,upi,0,0,setl_wqkvxto3gxvlu7,captured
pay_hh2pezpp182nvk,order_3wqz779hnj11bj,2026-01-06 07:58:10,64800,card,1296,233,setl_8zu1ktsnub3qzg,captured
pay_454tyjc56k02ao,order_9o3f6gtp6rj6td,2026-03-20 10:00:23,166700,card,3334,600,setl_lkgzbjhy4tfgax,captured
pay_6m0b01kzka7lw6,order_kbtvf8ickbvtc6,2026-03-09 08:41:47,38500,upi,0,0,setl_6qsiife23ixpuu,captured
pay_zhx16y6ibifbut,order_kz0t1a6nf1oghl,2026-01-17 15:15:21,77300,upi,0,0,setl_jrm8iuv8pwnbst,captured
pay_mavxud2yrghet3,order_rf6lch5x1utveo,2026-02-27 08:07:51,35600,upi,0,0,setl_wg96a9tv3603ep,captured
pay_9a2dl0y682o4n0,order_bu26zq5c2sk0xg,2026-02-14 13:24:42,93000,upi,0,0,setl_9hpnkvdkx29mhx,captured
pay_834478l3nm7pv2,order_5tskbmru9icccn,2026-02-18 18:00:37,71600,upi,0,0,setl_marwnoou4khb0k,captured
pay_ymvsju8evamfxe,order_4o6carbz9kebdz,2026-02-22 09:24:32,40200,card,804,145,setl_qal9h36vfum300,captured
pay_1aox5ytvtmmy71,order_6rrtf6o5ll64xd,2026-01-16 10:07:26,143900,netbanking,2734,492,setl_jrm8iuv8pwnbst,captured
pay_hrtr681dv2c3c1,order_ktwhtemigya08q,2026-03-17 11:12:10,88300,upi,0,0,setl_nf76s64rcbd6hk,captured
pay_m7x8z22848e3z4,order_auljtm4h8jrgx8,2026-02-22 16:29:28,344000,upi,0,0,setl_qal9h36vfum300,captured
pay_elo2hzabptk3o5,order_dtia3dsd88by59,2026-01-26 18:17:58,65100,upi,0,0,setl_r7od0iq6cc73mp,captured
pay_l902iezne6snnm,order_rgqbcur1l8ppkf,2026-01-13 09:34:54,137300,upi,0,0,setl_svzb0gabvczqv4,captured
pay_1xnecepv0f3ox8,order_9ncr68ryscgwvw,2026-01-01 21:07:09,99700,upi,0,0,setl_2lzlm5imf0kd5q,captured
pay_b3llf74hpabaka,order_w35gk1l23yf3t5,2026-02-23 15:48:00,52600,card,1052,189,setl_2ejmt21xr8n21l,captured
pay_hh89gu9fytkaq0,order_hfl73xeocsmqvb,2026-02-21 08:04:43,43200,upi,0,0,setl_qal9h36vfum300,captured
pay_aan4m295kpxnlo,order_40en3vakmm5itd,2026-03-07 13:43:59,96600,netbanking,1835,330,setl_8rcowtf1l5jtt6,captured
pay_80d704our2ibuk,order_i9g3zdd9b8qj0r,2026-02-15 12:14:44,124900,card,2498,450,setl_9hpnkvdkx29mhx,captured
pay_4cl4stld2ft50g,order_vxwd4kj1h4ktf2,2026-01-29 09:45:55,104900,upi,0,0,setl_j502p555prthl8,captured
pay_ttdryer7nhv2o9,order_qw5gb6cf7av7cq,2026-03-06 21:14:01,97100,card,1942,350,setl_8rcowtf1l5jtt6,captured
pay_e5j71efqarwfz3,order_43copj4l8aw4ju,2026-03-30 16:03:29,199300,wallet,4385,789,setl_j85ptu7k9no41z,captured
pay_y7bpqodyczc6jm,order_52cuu890hkyp3z,2026-02-13 17:31:07,185300,wallet,4077,734,setl_9hpnkvdkx29mhx,refunded
pay_njo0fzfd6yrmjc,order_z8qknlbxxceaa3,2026-03-24 16:29:41,329500,upi,0,0,setl_bjuqk7c3un19bl,captured
pay_fppo254h0wihkl,order_w8cv67h8f7xq17,2026-03-08 16:39:17,70700,wallet,1555,280,setl_8rcowtf1l5jtt6,captured
pay_4vanw5p4t2bdg6,order_xfs42ruype97xq,2026-02-18 18:55:04,95300,upi,0,0,setl_marwnoou4khb0k,captured
pay_cgh0r6hiibrein,order_5o4temb5msu73b,2026-02-17 08:32:39,422800,card,8456,1522,setl_9994rz2os2zywh,captured
pay_xqxc97ewpfkbee,order_tc7zmiqy4713qq,2026-03-31 10:34:35,69300,upi,0,0,setl_63hjwsjao5sf4p,captured
pay_jakpqvvdo5tj2o,order_x48s2pyv35mlvr,2026-03-10 14:38:41,30000,netbanking,570,103,setl_cy02355rxf3dgx,captured
pay_d5u865ifc1hmb2,order_05dqnfroy8swla,2026-02-15 08:44:56,49400,upi,0,0,setl_9hpnkvdkx29mhx,captured
pay_nnlnslkipff7gj,order_u3rmfiqhbwif6w,2026-02-16 09:04:50,62000,wallet,1364,246,setl_hyo0coscm1600j,captured
pay_1tvtzonk8j8v61,order_j7knq9wnjvlb9f,2026-01-25 14:22:17,97400,upi,0,0,setl_pe6faz7kvftyvi,captured
pay_pz3vum14inr3xg,order_fvyyd6ll9t21wk,2026-03-20 13:51:19,40500,netbanking,770,139,setl_lkgzbjhy4tfgax,captured
pay_iujv1lmnohudgy,order_h52adhsnzz1rn5,2026-02-25 19:28:11,134100,upi,0,0,setl_fjubwhj4nuw113,captured
pay_okg93a3lrr07g5,order_zscnvona3qq30z,2026-01-19 12:06:02,129800,upi,0,0,setl_ckovgkmddyvf20,captured
pay_y5cdxi9vrh96cl,order_0pbdxomumv15vw,2026-01-29 16:25:35,30300,card,606,109,setl_j502p555prthl8,captured
pay_8xcf28udxayebz,order_4cr7rn50yhkz9b,2026-02-21 13:31:57,283000,upi,0,0,setl_qal9h36vfum300,captured
pay_w4n5b0txopp8fl,order_57tcm9nyrmyuxh,2026-01-26 22:08:04,71900,upi,0,0,setl_r7od0iq6cc73mp,captured
pay_npevrcvspfak3v,order_hzcruxf3bt8oqn,2026-03-23 06:04:36,54200,upi,0,0,setl_ihlz60xnvw9v27,captured
pay_gucg3gq40tnoph,order_v9l0sn71u7l5cb,2026-01-24 16:32:01,89600,wallet,1971,355,setl_pe6faz7kvftyvi,captured
pay_uansi5klg0ismf,order_kyrw7do90aou95,2026-03-29 14:53:27,126300,card,2526,455,setl_wqkvxto3gxvlu7,captured
pay_59my3a6tcqezr3,order_4zdagn5d1jqzbi,2026-01-18 17:41:29,45700,upi,0,0,setl_jrm8iuv8pwnbst,refunded
pay_i9s01btw52pi3k,order_g7iw6wulkrjbvq,2026-02-18 19:29:36,63700,netbanking,1210,218,setl_marwnoou4khb0k,captured
pay_79okkzrg1v9lr4,order_zj423j8c2ipqhw,2026-01-07 16:25:20,53200,upi,0,0,setl_jde75ge9flap8q,captured
pay_xnnvzxvr5d5d1w,order_m2ym6my2558x41,2026-02-03 15:21:03,91300,upi,0,0,setl_cb3atkunlhj9mi,captured
pay_odfeway2icm3ok,order_nvbys6y929vv3h,2026-03-30 15:41:13,236800,card,4736,852,setl_j85ptu7k9no41z,captured
pay_c5ux3vk0sz5nnp,order_xv1h22ap21eadv,2026-03-04 10:26:39,137800,upi,0,0,setl_id6lid416qfq61,captured
pay_ymgpv7tikva39i,order_zggz7o33t2s2k1,2026-03-04 16:44:56,292900,upi,0,0,setl_id6lid416qfq61,captured
pay_gcc0mkrta0r62j,order_6pglyxsijlw8he,2026-01-05 21:33:38,49000,upi,0,0,setl_jb4iycka7ebxm4,captured
pay_3wyml15hhaich7,order_1ctnuqu6ndyt84,2026-01-29 07:05:32,64900,upi,0,0,setl_j502p555prthl8,captured
pay_hpcx45eujlpcd9,order_besd0cux5ctbag,2026-02-06 12:00:06,42800,upi,0,0,setl_x9629fsv80nszb,captured
pay_gy7i66qr94upfp,order_t5lhrrguscd2yb,2026-02-28 13:14:42,138000,upi,0,0,setl_wg96a9tv3603ep,captured
pay_fiz76nxj0sipy2,order_ua65pnjn7cl6kj,2026-01-27 16:13:48,88100,upi,0,0,setl_lmc6qbtpgvhqfs,captured
pay_3oz4m2pg43wi55,order_vhzr6sgigesqp7,2026-03-18 07:47:27,127500,upi,0,0,setl_i779xkgycurgiw,captured
pay_ag5fgmm1h9e62p,order_6400hpi3s8bibf,2026-01-13 19:33:24,39400,upi,0,0,setl_svzb0gabvczqv4,captured
pay_71psucyivxn4oq,order_ia2z6i28ae424b,2026-01-14 10:58:54,255100,upi,0,0,setl_opdcf6j5wixc2v,captured
pay_u7qg6d9d937zmu,order_goup9lq24b6t5u,2026-01-02 09:06:30,140000,upi,0,0,setl_wepzs7szuqc9f6,captured
pay_ks0odiiobbefcw,order_n7ff7jhayl3rb3,2026-03-20 17:22:21,73800,upi,0,0,setl_lkgzbjhy4tfgax,captured
pay_g3af6zua1af5ir,order_yfgfzgk0168y93,2026-01-12 14:54:07,57200,upi,0,0,setl_9ein7jcd4rdl3a,captured
pay_31ndkv4ljradct,order_edymleg4ij3crx,2026-03-10 07:12:19,47100,upi,0,0,setl_cy02355rxf3dgx,captured
pay_wj3z99yz5ls6eb,order_b8yv96n9hk4r0s,2026-03-29 14:28:57,49600,upi,0,0,setl_wqkvxto3gxvlu7,captured
pay_c821h7vhlcmaqw,order_vkknh2vn57omk7,2026-01-15 15:14:20,60100,upi,0,0,setl_grv7k1qff39825,captured
pay_slfiourxtoee6j,order_a6v2g3dv0ybude,2026-02-24 12:13:12,44600,upi,0,0,setl_dlrkavuq1t51a1,captured
pay_jswttolrkw3j8c,order_cdyj9yc14zb3q0,2026-03-22 08:47:18,70700,wallet,1555,280,setl_lkgzbjhy4tfgax,captured
pay_adk8bgk4lh1f8s,order_ywf9m0hj9anct9,2026-02-01 08:32:50,127900,card,2558,460,setl_4sse8tbudyqcih,captured
pay_tsnuiw1gov1cxo,order_lyfaw61trmx0qs,2026-02-05 08:27:40,178400,upi,0,0,setl_9redif5czb1c2o,captured
pay_2bs4c8saqfcc2c,order_nnogpdluglxihe,2026-03-29 21:44:35,249500,upi,0,0,setl_wqkvxto3gxvlu7,captured
pay_wx0qnwn4vd17v2,order_k4fbl8rwpzmzsa,2026-02-14 18:41:16,70500,netbanking,1340,241,setl_9hpnkvdkx29mhx,captured
pay_0c5sfyj1ei0xpp,order_nh2azi1jhttorz,2026-03-31 09:31:02,635200,upi,589,106,setl_63hjwsjao5sf4p,captured
pay_acxk7d3a664n22,order_g8zogvgjbdmypg,2026-03-23 21:54:15,29900,upi,0,0,setl_ihlz60xnvw9v27,captured
pay_hx2l07zegrrpb2,order_7o0jtghmqegkhy,2026-03-26 09:31:55,44100,upi,0,0,setl_86tilepkwugepq,captured
pay_iuxyvgv0fv7vkm,order_fs9yp1eei5fwaq,2026-03-17 22:36:44,104900,upi,793,143,setl_nf76s64rcbd6hk,captured
pay_h3hl74i42piw2s,order_jgvjtryp5dpcaa,2026-03-05 09:50:21,165700,upi,0,0,setl_1pprr34her4zyz,captured
pay_wr5jewdlfwx4ku,order_e5e0veydedeeof,2026-03-04 09:47:34,79700,card,1594,287,setl_id6lid416qfq61,captured
pay_33r2mm9pine2b3,order_4scy8cgp6yqprz,2026-03-10 12:04:48,251000,upi,0,0,setl_cy02355rxf3dgx,captured
pay_qag0s5ndd8rc27,order_2yg3ckcvycdfst,2026-02-26 12:56:29,65800,upi,0,0,setl_t8widn28c970o0,captured
pay_ttrfwean1n5vm3,order_r3ocutjuu9xrfa,2026-01-13 09:45:40,236000,upi,0,0,setl_svzb0gabvczqv4,refunded
pay_w7arnhaof6ltfi,order_0lxrq9zd71hg2t,2026-01-02 08:37:52,55600,card,1112,200,setl_wepzs7szuqc9f6,captured
pay_ys5f9hh0m02duz,order_zhcntln0pps8vs,2026-01-26 08:53:19,101500,upi,0,0,setl_r7od0iq6cc73mp,captured
pay_yrdn05ms4gbw0v,order_obubonn6v9h61i,2026-03-28 18:32:28,172700,upi,0,0,setl_wqkvxto3gxvlu7,captured
pay_tjpl02b49cfbks,order_6nt3z1xi4bhsyd,2026-02-26 10:50:23,300600,upi,0,0,setl_t8widn28c970o0,captured
pay_lw3j4fonr9urdi,order_ydm4ywpk55n7jq,2026-01-13 15:32:04,96000,card,1920,346,setl_svzb0gabvczqv4,captured
pay_i8cu78lu62pqfd,order_x9kma1i6em7507,2026-03-07 18:32:14,69500,wallet,1529,275,setl_8rcowtf1l5jtt6,captured
pay_ay2hao5uewb6cs,order_kge89qcuijeig2,2026-01-11 10:31:16,78000,upi,0,0,setl_h9o3muublta3bw,captured
pay_l6nxmz95o7vc26,order_1s1qdglwgwohuh,2026-03-21 15:31:30,200000,upi,0,0,setl_lkgzbjhy4tfgax,captured
pay_po1qq8wg3fiyjo,order_4rxi9v1kzku1rp,2026-01-15 16:36:49,37000,upi,0,0,setl_grv7k1qff39825,captured
pay_hxbfqh0tx5s4rv,order_cx080havofazx4,2026-01-23 12:42:09,146200,upi,0,0,setl_pe6faz7kvftyvi,captured
pay_cxox1hac7whu82,order_8zkda4fvquu0kt,2026-01-29 09:18:11,39700,upi,0,0,setl_j502p555prthl8,captured
pay_2yw35syfux22qf,order_jriei2hnw1fncr,2026-02-19 20:58:58,40300,upi,288,52,setl_57dkr8we1ld4hf,captured
pay_sb6t8tky9y1ciz,order_87370jcuetujhj,2026-03-31 19:33:58,36500,upi,0,0,setl_63hjwsjao5sf4p,captured
pay_opr1bkydkvknul,order_s8dly6jjjyv6wl,2026-01-29 18:24:51,434700,wallet,9563,1721,setl_j502p555prthl8,captured
pay_m5oqm1mezpnsax,order_ooupufs7eome5x,2026-03-22 13:43:46,36800,upi,0,0,setl_lkgzbjhy4tfgax,captured
pay_dwmzkp86rdh12t,order_4rnhnys23bphcc,2026-03-13 09:13:19,33200,upi,0,0,setl_ob1zbkbpqox76q,captured
pay_c8f3hdn96n4xmk,order_heytdtrzguvc9a,2026-02-05 10:04:53,70800,card,1416,255,setl_9redif5czb1c2o,captured
pay_wx2psvwxhh0ewj,order_xrz1b3o2ttrbov,2026-02-20 15:59:30,33700,upi,0,0,setl_qal9h36vfum300,captured
pay_rh2zr0kstuhteg,order_jc8479zcecrxkp,2026-02-01 10:39:42,48500,upi,0,0,setl_4sse8tbudyqcih,captured
pay_zhtr0ypccfo28r,order_hc6tzp5jcfqe23,2026-01-25 08:13:01,664000,upi,0,0,setl_pe6faz7kvftyvi,captured
pay_s9cqc5tkb7a3wr,order_6e2vxnvpy47gea,2026-02-11 18:13:35,54700,card,1094,197,setl_owvw9a3grfow7z,captured
pay_zgouekcp5tum7d,order_09qirg5zpcrbga,2026-02-17 15:45:13,43600,wallet,959,173,setl_9994rz2os2zywh,captured
pay_j8v13xubtqhmfp,order_lhtgh5jmdjwlov,2026-03-30 15:06:16,140100,upi,0,0,setl_j85ptu7k9no41z,captured
pay_on2fp5txml4dld,order_pot6l7cqeao9df,2026-03-22 17:40:26,101600,card,2032,366,setl_lkgzbjhy4tfgax,captured
pay_6vknyq4xw77ra0,order_ajvjmju5x6o4q7,2026-01-08 14:10:32,375100,netbanking,7127,1283,setl_xx3zh6x38f6k9i,captured
pay_bx48oighcktl7w,order_n4p5pykrutatv8,2026-01-29 10:44:31,303300,card,6066,1092,setl_j502p555prthl8,captured
pay_o2bgvjpjj9nb23,order_5102mm086bbwmw,2026-01-04 14:47:05,109400,upi,0,0,setl_wepzs7szuqc9f6,captured
pay_0dvxkuj6642ovj,order_zzolgvbttan3va,2026-02-01 18:00:21,39400,upi,0,0,setl_4sse8tbudyqcih,captured
pay_coxlsbex5xokup,order_r42b9cv7kpan73,2026-03-17 21:26:41,48700,upi,0,0,setl_nf76s64rcbd6hk,captured
pay_1pqctdfk4cmzx9,order_z0lt2ek939k3r6,2026-03-13 16:43:52,35800,card,716,129,setl_ob1zbkbpqox76q,captured
pay_1q790r9217sp4r,order_6y7ukmwauvkc8r,2026-01-10 12:47:53,42600,upi,0,0,setl_h9o3muublta3bw,captured
pay_vp011qubnzo35s,order_a6r7op1k02wi9k,2026-02-27 07:49:27,40600,card,812,146,setl_wg96a9tv3603ep,captured
pay_3o169o4intd589,order_wb8txl7zp3jcmb,2026-02-28 12:53:29,337100,upi,0,0,setl_wg96a9tv3603ep,captured
pay_a6a3qz19zk03vh,order_yk33m8y3oatdxd,2026-03-21 08:17:56,833100,upi,0,0,setl_lkgzbjhy4tfgax,captured
pay_r7hop4mj1a9rki,order_xcbwzpycg8nwl6,2026-03-25 10:06:32,94700,upi,0,0,setl_d932kldoq526i0,captured
pay_28y4b1exzl738s,order_288lqnjuzzjr5j,2026-01-16 20:29:35,144100,card,2882,519,setl_jrm8iuv8pwnbst,captured
pay_ldlra7z41qh76p,order_wsx27skrndyyih,2026-03-31 13:57:44,320200,upi,0,0,setl_63hjwsjao5sf4p,captured
pay_55njgai2kdmu70,order_7jr86bfm4u9spz,2026-03-25 07:07:36,74300,upi,186,33,setl_d932kldoq526i0,captured
pay_l3325ttwcoazek,order_b5bl8h268p8m53,2026-03-08 16:16:15,533200,netbanking,10131,1824,setl_8rcowtf1l5jtt6,captured
pay_7u0y2luy1k9snz,order_nx7yloz7o9t3ow,2026-03-11 19:20:17,103800,upi,0,0,setl_mi7tt2ol7lcfi6,captured
pay_ldxc8ywrma5t6i,order_drjh0lyzk13e2s,2026-03-07 07:55:46,62200,upi,0,0,setl_8rcowtf1l5jtt6,captured
pay_iikzaas7y1p6an,order_fr4hdirsbx6yor,2026-01-13 15:28:48,47700,upi,0,0,setl_svzb0gabvczqv4,captured
pay_qvvm24b3fd5yn7,order_p9vhhqdazn8by6,2026-01-28 16:25:21,118700,upi,0,0,setl_nxu2v0awbwkxj5,captured
pay_01l49g36dd29xf,order_y1ur5hql5b2di5,2026-02-10 15:44:37,198500,netbanking,3772,679,setl_ex4ek002gc2r1u,captured
pay_jqxr0ksx513wob,order_ye4zhk6goe3ua3,2026-03-09 15:39:48,148100,netbanking,2814,507,setl_6qsiife23ixpuu,captured
pay_ezex1wtauvetc8,order_2u7s2ac6e67t1q,2026-02-26 13:46:18,54500,upi,0,0,setl_t8widn28c970o0,captured
pay_cbtpg9mwfu5pq6,order_1wmli13w9j2gpq,2026-01-29 21:33:09,41700,upi,0,0,setl_j502p555prthl8,captured
pay_uvz9osoq149r57,order_rt492krxhhx7sk,2026-03-02 06:47:53,91100,upi,0,0,setl_gxt8aimmy71t26,captured
pay_jd1pr7itdel7yt,order_w7ix8kvr94rq0z,2026-02-01 14:33:25,149200,card,2984,537,setl_4sse8tbudyqcih,captured
pay_s3m5jo2qtbug2e,order_hsxmektnf0y6rx,2026-02-15 08:47:10,138500,card,2770,499,setl_9hpnkvdkx29mhx,captured
pay_aizrlsxt7tx85x,order_n4n4mwnmb680nu,2026-02-10 10:24:16,93500,upi,0,0,setl_ex4ek002gc2r1u,captured
pay_3qck4m24jm0rd9,order_hfepig0ihlat4a,2026-03-23 07:32:53,135000,upi,0,0,setl_ihlz60xnvw9v27,captured
pay_ocdwyztm0lzavy,order_merc3kqvzipbfq,2026-01-29 15:22:43,353700,card,7074,1273,setl_j502p555prthl8,captured
pay_ivbnugr7qzzl75,order_1rk6n3i25rrrt7,2026-02-01 22:42:02,55500,wallet,1221,220,setl_4sse8tbudyqcih,captured
pay_xgj5tfef4lzivv,order_kxzn68k7swisqv,2026-01-16 13:59:11,182600,upi,0,0,setl_jrm8iuv8pwnbst,captured
pay_vhs9odgkz5bfvk,order_fb2mvjnqsnpd54,2026-03-11 20:54:22,100500,card,2010,362,setl_mi7tt2ol7lcfi6,captured
pay_ky944siyqapgob,order_nl0m9sgz3ds6lc,2026-01-31 15:43:59,42600,netbanking,809,146,setl_4sse8tbudyqcih,captured
pay_dnygxs6k19c0iq,order_t59a0uk0uvxten,2026-01-06 09:27:14,91400,card,1828,329,setl_8zu1ktsnub3qzg,captured
pay_5v4gongtiq88sj,order_27gmts6f4z1pr5,2026-01-14 15:11:38,106000,upi,0,0,setl_opdcf6j5wixc2v,captured
pay_wgjvl80i7dbvzo,order_uicscps8t2215o,2026-03-11 13:40:07,325300,upi,0,0,setl_mi7tt2ol7lcfi6,captured
pay_97mky3rfszoilr,order_48ijxrlx008y12,2026-03-30 14:20:32,32900,upi,0,0,setl_j85ptu7k9no41z,captured
pay_tq5gdfq4w6ctgk,order_u0z0nhvxtlavem,2026-02-09 13:19:42,54500,upi,0,0,setl_s4l1ku1vti53ru,captured
pay_5wolidv6a1gsrs,order_g4t37xkz9cyq1s,2026-02-23 19:53:15,119400,upi,0,0,setl_2ejmt21xr8n21l,captured
pay_7a8qjllr4a151w,order_n4hrf2jmwa2glj,2026-01-21 22:27:59,115300,card,2306,415,setl_7u76rb7en0399o,captured
pay_rh8urvms5aw7sv,order_y3cdjx0xt2ed7h,2026-03-12 22:46:58,111500,upi,0,0,setl_pjr716gfgceh8w,captured
pay_3nyw56qcrs07z7,order_rc8c1qbdxa182m,2026-03-11 08:56:33,57200,card,1144,206,setl_mi7tt2ol7lcfi6,captured
pay_35vs9oavdb802n,order_pn9i1uz98ecye3,2026-03-23 12:16:31,34200,upi,0,0,setl_ihlz60xnvw9v27,captured
pay_xx8rgqifv8uaty,order_yg9dazchal726c,2026-01-20 20:08:37,45600,upi,0,0,setl_i1ppblfh8tj5m7,captured
pay_lu3tvb6y4wxzol,order_w8m5c78ypmor4d,2026-03-10 17:54:14,877900,upi,0,0,setl_cy02355rxf3dgx,captured
pay_lmp51sajtl7nav,order_illpzkmzmmh0qv,2026-02-26 12:53:56,32900,netbanking,625,113,setl_t8widn28c970o0,captured
pay_tv67juixhfrr3p,order_cbs1fp8gs937xl,2026-03-20 12:57:12,136400,upi,0,0,setl_lkgzbjhy4tfgax,captured
pay_g78f2k445mbdj1,order_unfymjs4lopurf,2026-01-30 22:22:29,233300,upi,0,0,setl_4sse8tbudyqcih,captured
pay_irlvyj3pfe0x46,order_v3zxnjdymjuhux,2026-01-03 17:28:53,146200,netbanking,2778,500,setl_wepzs7szuqc9f6,captured
pay_9lqdu4w0nxxar1,order_wc9r4qsyo9r5l5,2026-02-24 21:48:53,64300,card,1286,231,setl_dlrkavuq1t51a1,captured
pay_8qq28p2pqn2f3a,order_er430cxndwnxda,2026-01-25 15:21:06,301900,upi,0,0,setl_pe6faz7kvftyvi,captured
pay_nn1evmm0wvbq39,order_ze40r8na9a8bon,2026-02-28 13:15:35,411100,upi,0,0,setl_wg96a9tv3603ep,captured
pay_6xjuxi8lg55rve,order_mclequ3x6m0ay4,2026-01-18 11:36:17,138600,upi,0,0,setl_jrm8iuv8pwnbst,captured
pay_kg9gpmlnsnok4o,order_w7dfkfq5ertfjz,2026-02-05 14:45:03,318200,upi,0,0,setl_9redif5czb1c2o,captured
pay_j0k6g44k6obdi8,order_6bw0ebnbiz5f62,2026-01-20 08:56:52,138500,upi,0,0,setl_i1ppblfh8tj5m7,refunded
pay_8hkac6faztt2ax,order_j2gjgbwnvah8r1,2026-01-10 08:38:16,326200,upi,0,0,setl_h9o3muublta3bw,captured
pay_lagdng0for0g6v,order_65r35z4zuh3qih,2026-03-16 12:15:22,76700,netbanking,1457,262,setl_9ziplehvmcpcg3,captured
pay_oai9k5maflawco,order_shwnty07x9eg1v,2026-01-13 09:29:19,143700,upi,0,0,setl_svzb0gabvczqv4,captured
pay_5m0ikup7htod71,,2026-02-15 10:21:52,94500,card,1890,340,setl_9hpnkvdkx29mhx,captured
pay_v1qnvf903moymk,order_nuagjumtdyre0e,2026-01-21 09:54:50,66600,upi,0,0,setl_7u76rb7en0399o,captured
pay_hc8ubbtb1z889w,order_2x32hxbdaywjbi,2026-01-29 20:26:37,36000,upi,0,0,setl_j502p555prthl8,captured
pay_kho1e555nlq768,order_gwvz38rd613q6d,2026-03-30 14:54:06,135600,upi,0,0,setl_j85ptu7k9no41z,captured
pay_7ivh0iuevj5wlm,order_c249muyfgofbhl,2026-02-27 14:23:30,43700,upi,0,0,setl_wg96a9tv3603ep,captured
pay_24v72ixqvwnxg1,order_3jlun5jsv7esmv,2026-01-12 12:07:09,332300,upi,0,0,setl_9ein7jcd4rdl3a,captured
pay_gfr92ji64fjkzt,order_w34z6rfjuktg7a,2026-02-25 17:37:18,129900,card,2598,468,setl_fjubwhj4nuw113,captured
pay_m08j1ozw9zmrsv,order_wt6sq3byyvebm9,2026-02-05 17:39:27,97000,upi,0,0,setl_9redif5czb1c2o,captured
pay_algt9hrwx6wuze,order_m1uxpr6ph026xw,2026-03-24 20:03:14,78200,upi,0,0,setl_bjuqk7c3un19bl,captured
pay_dsw0kbaakbjgzd,order_84qchrsnprtr7a,2026-02-14 15:55:18,261100,card,5222,940,setl_9hpnkvdkx29mhx,captured
pay_pdndevjb1ggn1y,order_9q6l924trazvut,2026-03-04 11:22:05,139900,upi,0,0,setl_id6lid416qfq61,captured
pay_q400c4qte4hb4r,order_nph1gipmkun5un,2026-03-17 14:59:25,78400,card,1568,282,setl_nf76s64rcbd6hk,captured
pay_hjpzfoarrfudo3,order_r47uiyamxvf0ww,2026-01-18 17:15:02,106200,upi,0,0,setl_jrm8iuv8pwnbst,captured
pay_qfz9jhxk8xmai8,order_zu2ouapnck8315,2026-02-11 08:00:06,71900,card,1438,259,setl_owvw9a3grfow7z,captured
pay_nbio6o15p8sdqi,order_0x8txf7e30z4bx,2026-03-20 16:44:54,146100,card,2922,526,setl_lkgzbjhy4tfgax,captured
pay_titzy0ehhu29cw,order_faaovhsuldfezu,2026-03-06 07:06:06,41000,upi,0,0,setl_8rcowtf1l5jtt6,refunded
pay_3a1mvloa88asam,order_2edi690h5ekf8j,2026-02-15 06:22:40,32200,upi,0,0,setl_9hpnkvdkx29mhx,captured
pay_deubuc7lv8x9uv,order_6l5mm13mes5qbb,2026-01-21 19:32:45,75700,upi,0,0,setl_7u76rb7en0399o,captured
pay_cx5oz5czy3zm52,order_or9ow6f997rmw4,2026-02-25 19:32:43,145200,upi,0,0,setl_fjubwhj4nuw113,captured
pay_oy2jrvmk6cc5ik,order_ehe7ydafmt98fj,2026-02-09 19:40:04,291200,wallet,6406,1153,setl_s4l1ku1vti53ru,captured
pay_4eoh11sy7f2nvm,order_6twtfmb0p7bi4s,2026-02-20 14:03:02,95000,upi,0,0,setl_qal9h36vfum300,captured
pay_urbh48bpni7i00,order_nxot40whd6nli4,2026-01-30 14:45:32,99700,upi,0,0,setl_4sse8tbudyqcih,captured
pay_avjogrbr4ffy2g,order_m5z68i4ka8gxhp,2026-03-23 18:51:42,321900,card,6438,1159,setl_ihlz60xnvw9v27,captured
pay_d0qu8tdcvqg38m,order_izn5m66j0svp3c,2026-01-20 14:58:56,269300,upi,0,0,setl_i1ppblfh8tj5m7,captured
pay_cjfeitvocl9m72,order_adchodwadp2nox,2026-03-27 09:56:11,327600,card,6552,1179,setl_wqkvxto3gxvlu7,captured
pay_174yi39w8gnd9e,order_qo456x1v11r3ly,2026-02-01 19:37:04,128100,upi,0,0,setl_4sse8tbudyqcih,captured
pay_a000673ihf341a,order_e4p88u0lew033n,2026-01-22 13:25:39,299600,card,5992,1079,setl_olhoefx33wper0,captured
pay_eueszwvmqfl5ls,order_i5st1r2b23mrp9,2026-01-14 18:55:51,40800,card,816,147,setl_opdcf6j5wixc2v,captured
pay_iu1lv40zkqusl4,order_oydi3lf4zxmkpu,2026-03-26 17:00:31,90000,card,1800,324,setl_86tilepkwugepq,captured
pay_n0ax1icy5t2k6q,order_s3qtskfm8xjbv7,2026-01-20 15:04:01,38700,netbanking,735,132,setl_i1ppblfh8tj5m7,captured
pay_inm88dy1hn7wbw,order_n7f4mbn9cmw1kg,2026-01-30 07:25:55,47000,card,940,169,setl_4sse8tbudyqcih,captured
pay_5w2tu5kjxvcwxn,order_650j1nhxm3ohnq,2026-01-23 07:14:21,284800,upi,0,0,setl_pe6faz7kvftyvi,captured
pay_njeh4r64gwoipm,order_mv7pdmsc4b9cxe,2026-02-26 19:29:35,233300,card,4666,840,setl_t8widn28c970o0,captured
pay_4a4luetjgm3kav,order_jf2b2frvq6br2a,2026-02-09 06:56:40,324300,upi,0,0,setl_s4l1ku1vti53ru,captured
pay_cen41k4tpkul0y,order_mu9yr261ep1wpb,2026-01-26 20:22:38,83400,upi,0,0,setl_r7od0iq6cc73mp,captured
pay_34yh1iil8f667g,order_vjpdlc279ntvwb,2026-03-29 22:25:03,157300,netbanking,2989,538,setl_wqkvxto3gxvlu7,captured
pay_m5ik1qj1h1ewee,order_r6ynscfzlnuw3q,2026-02-11 07:05:17,77400,upi,0,0,setl_owvw9a3grfow7z,captured
pay_95bww2l5z95e0l,order_h5nsarlzv1x80y,2026-01-18 22:59:22,126700,upi,0,0,setl_jrm8iuv8pwnbst,captured
pay_k8rqciysozcxpr,order_1182m7dwwe204j,2026-03-26 16:02:31,123600,netbanking,2348,423,setl_86tilepkwugepq,captured
pay_zze0f32w3x6r70,order_6cgya8q9xyti6j,2026-02-24 16:18:32,50400,upi,0,0,setl_dlrkavuq1t51a1,captured
pay_k7l48zbh7jvtsm,order_z3hc6z296ng43p,2026-02-09 17:45:43,101000,upi,0,0,setl_s4l1ku1vti53ru,captured
pay_tkvok01u4swr0e,order_grk6zs52wsidrb,2026-02-26 11:03:55,79700,upi,431,78,setl_t8widn28c970o0,captured
pay_rlmx4ura5hps70,order_o3j6y3et7etza5,2026-03-04 12:59:15,45500,upi,0,0,setl_id6lid416qfq61,captured
pay_vsok7ltqetcm2q,order_hpcbgaod0xaqnd,2026-02-05 18:02:27,167700,upi,0,0,setl_9redif5czb1c2o,captured
pay_to4cvc6j209pbm,order_pegiydzbocdomz,2026-02-10 08:00:35,47300,upi,0,0,setl_ex4ek002gc2r1u,captured
pay_p1aq0hgdo9eh4e,order_xauqtzqk1q9vzl,2026-03-02 18:16:38,273200,netbanking,5191,934,setl_gxt8aimmy71t26,captured
pay_83bx5njfizxgv4,order_vhzdtplm1jlte0,2026-02-19 22:37:08,186000,card,3720,670,setl_57dkr8we1ld4hf,captured
pay_8clrqajr69nt3w,order_n98mql4xmm61eq,2026-01-23 12:38:12,46400,wallet,1021,184,setl_pe6faz7kvftyvi,captured
pay_9vixifys8murtr,order_03eec2yvrvifi3,2026-02-12 16:11:26,146700,upi,0,0,setl_blfhrgh8cu53a4,captured
pay_ktkb89jl5hirpb,order_z9p11pak6gfm49,2026-02-26 14:35:51,106400,upi,0,0,setl_t8widn28c970o0,captured
pay_2jzwptzq0d90ri,order_9qv1x02mn7z4l2,2026-03-17 21:03:49,41300,upi,0,0,setl_nf76s64rcbd6hk,captured
pay_nbcudydzbk3yhf,order_6umhomkh0x7hnc,2026-03-06 11:52:40,149600,upi,0,0,setl_8rcowtf1l5jtt6,captured
pay_i8n6fumjn4tx0m,order_u00vmtnswf2j0z,2026-01-16 22:55:52,189900,netbanking,3608,649,setl_jrm8iuv8pwnbst,captured
pay_mkcjtw401q1h77,order_7af4wdwgtklqy2,2026-02-17 08:04:32,278100,card,5562,1001,setl_9994rz2os2zywh,captured
pay_i8lcfsqh8ydjpj,order_e42rcyc3ke9dra,2026-01-04 11:24:24,226000,upi,0,0,setl_wepzs7szuqc9f6,captured
pay_3r2z6z94falw5e,order_pujl783s77dn84,2026-03-05 08:46:30,98500,upi,0,0,setl_1pprr34her4zyz,captured
pay_879h3117rx5u3s,order_q73vbs9haxc6t6,2026-03-12 17:02:46,100100,card,2002,360,setl_pjr716gfgceh8w,captured
pay_5wxj42r7440rka,order_6tgdrbqtzgod6o,2026-03-13 18:33:11,37400,upi,0,0,setl_ob1zbkbpqox76q,captured
pay_c55jnmvzoe205h,order_6c7tq41zkawsg7,2026-03-31 16:12:24,79800,upi,0,0,setl_63hjwsjao5sf4p,captured
pay_mu22bz81230m6u,order_j2t12k0p5djb3h,2026-02-05 16:05:28,332000,upi,0,0,setl_9redif5czb1c2o,captured
pay_trwokbqk881gdf,,2026-03-01 22:49:13,216400,card,4328,779,setl_wg96a9tv3603ep,refunded
pay_zfdnrqih8qtc42,order_pswzioz74wiyzy,2026-03-30 09:22:22,68100,netbanking,1294,233,setl_j85ptu7k9no41z,captured
pay_qgzsvgujhtt16f,order_hhe878ycvd20e0,2026-01-26 18:57:00,37400,upi,0,0,setl_r7od0iq6cc73mp,captured
pay_qq1gifmf1afto1,order_f5cyg14bjcn00a,2026-03-19 22:09:32,90000,card,2122,382,setl_hjydfszyf4rzmu,captured
pay_8yfgh0zvpw434b,order_v7nj91e7w5n6sf,2026-01-31 20:52:18,44000,card,880,158,setl_4sse8tbudyqcih,captured
pay_1mpdk4u4iy8a3g,order_f0uy0kov8oharc,2026-02-01 22:18:02,149200,upi,0,0,setl_4sse8tbudyqcih,captured
pay_sxmod9a858kcmd,order_2wrb0fo3w5dgyr,2026-02-27 11:19:05,122700,upi,0,0,setl_wg96a9tv3603ep,captured
pay_4evkpo4b3uv98l,order_ghqy80lmnb4hz3,2026-01-04 12:41:47,69900,upi,0,0,setl_wepzs7szuqc9f6,refunded
pay_0icgamy4u53x8o,order_jj6g2ua676hdpa,2026-02-09 18:27:54,740500,upi,0,0,setl_s4l1ku1vti53ru,captured
pay_wet0l4cnsrhuse,order_94uckx4hxf2sje,2026-01-17 21:41:14,122600,upi,0,0,setl_jrm8iuv8pwnbst,captured
pay_pbrie1t3jr0o8a,order_4b7ra6t3qm07gn,2026-01-28 20:33:08,32700,wallet,719,129,setl_nxu2v0awbwkxj5,captured
pay_klkteek4dq9upo,order_gj5w28w7gy9ocj,2026-01-18 21:12:15,82100,upi,0,0,setl_jrm8iuv8pwnbst,captured
pay_2r8pa668x2mjmj,order_ojnwcoxjcj0wq9,2026-02-13 06:03:16,60100,upi,0,0,setl_9hpnkvdkx29mhx,captured
pay_odm87ude769eb0,order_u6kdavasuzhjmu,2026-02-16 21:03:07,60300,upi,0,0,setl_hyo0coscm1600j,refunded
pay_5db565o8wzvgj5,order_su6geh4i3li1zl,2026-02-23 11:30:28,67800,card,1356,244,setl_2ejmt21xr8n21l,captured
pay_7ag8sgq9xoy3iz,order_qdl7a4r47wdwl1,2026-02-11 20:37:07,121200,upi,0,0,setl_owvw9a3grfow7z,captured
pay_enmp2i3a2ktx2i,order_q2ksnlrxqa2unu,2026-03-22 07:34:33,127900,netbanking,2430,437,setl_lkgzbjhy4tfgax,captured
pay_m6l4f8w1r8dezf,order_vbwk1h5rabb8eg,2026-01-05 08:00:47,48600,card,972,175,setl_jb4iycka7ebxm4,captured
pay_g7k76rkhrdrxd1,order_3crj8l5bc062y9,2026-01-25 06:55:49,36000,upi,0,0,setl_pe6faz7kvftyvi,captured
pay_wd7p6szj1575pn,order_n1ysrty20nnnqc,2026-01-29 22:15:41,126000,upi,0,0,setl_j502p555prthl8,refunded
pay_afsw06ygddx14x,order_px0s8i5pt52q5v,2026-03-18 07:45:27,146800,wallet,3230,581,setl_i779xkgycurgiw,captured
pay_t8ogr3o14rblj5,order_a9ga026xlyf0qt,2026-01-31 07:42:14,63800,upi,0,0,setl_4sse8tbudyqcih,captured
pay_qx87dolkuwof1q,order_onwjn5o4pz0sfj,2026-02-01 16:16:06,173200,card,3464,624,setl_4sse8tbudyqcih,captured
pay_nv6vx4cpz2nolw,order_b6mamdrhfv1oem,2026-02-19 15:51:51,278400,card,5568,1002,setl_57dkr8we1ld4hf,captured
pay_n64t0yoovm82a5,order_nqqm5c0wpuhuc3,2026-01-24 13:44:04,49000,upi,0,0,setl_pe6faz7kvftyvi,captured
pay_at10qu16pa5on4,order_vqhgqw1emuuxmj,2026-02-22 22:53:21,74300,wallet,1635,294,setl_qal9h36vfum300,captured
pay_9txyyf5vunwsp0,order_pni6ebxkhxae4l,2026-01-17 12:37:54,92800,upi,0,0,setl_jrm8iuv8pwnbst,captured
pay_sv4xur5eard3y6,order_ztxc32unjhvka9,2026-01-04 19:26:03,60400,upi,0,0,setl_wepzs7szuqc9f6,captured
pay_8vl580d1kvnj5c,order_a39o29yecr96vv,2026-03-02 11:41:03,36400,card,728,131,setl_gxt8aimmy71t26,captured
pay_sje99twhjb2r6o,order_z6bcg2bilzbz6j,2026-01-10 16:30:04,39200,card,784,141,setl_h9o3muublta3bw,captured
pay_gjtssymdhq3c86,order_n6z58qb6bg71r9,2026-01-24 21:14:17,43500,upi,0,0,setl_pe6faz7kvftyvi,captured
pay_gtoo2eoudnxxuw,order_8l0hdp7vv3nnog,2026-02-25 17:21:09,177200,upi,0,0,setl_fjubwhj4nuw113,refunded
pay_i3j37fwsqnv2my,order_m0cqmntyf96lmd,2026-01-10 15:04:57,146800,upi,0,0,setl_h9o3muublta3bw,captured
pay_qarqj4vdqxhqwi,order_hsh59r7kkmcwge,2026-02-18 19:26:52,701900,upi,0,0,setl_marwnoou4khb0k,captured
pay_f9rm8q2eay1ozl,order_gv6zdz6kbh3jo5,2026-02-20 08:14:39,63900,upi,0,0,setl_qal9h36vfum300,captured
pay_n6zufmvdmsf2sw,order_ve5p5vy86yp2y8,2026-02-25 15:58:45,109700,upi,0,0,setl_fjubwhj4nuw113,captured
pay_4ttgoue9uaiftd,order_bs2vuiwdvo7efi,2026-03-05 15:52:36,33600,wallet,739,133,setl_1pprr34her4zyz,captured
pay_rhflby8kmo2l1v,order_tiofds3ms0hk14,2026-03-06 07:01:05,60800,upi,0,0,setl_8rcowtf1l5jtt6,captured
pay_fmovefnmzjfwf2,order_41wgdl31lr3p8x,2026-01-21 18:55:29,80100,upi,0,0,setl_7u76rb7en0399o,captured
pay_rs2kwwh2vs2ljh,order_sr4e4xs4nw00od,2026-02-24 07:14:09,465300,upi,0,0,setl_dlrkavuq1t51a1,captured
pay_73pxv1x5kj48v8,order_pgrnmk0fidrtbn,2026-03-29 20:20:47,147200,card,2944,530,setl_wqkvxto3gxvlu7,captured
pay_3dzg5f7ap9s3l2,order_dojqm91bl1k2rp,2026-03-07 21:27:23,72700,upi,0,0,setl_8rcowtf1l5jtt6,captured
pay_vsywm7ie1fd7c3,order_0xg8t9vrdx1wid,2026-03-30 18:09:32,140100,upi,0,0,setl_j85ptu7k9no41z,captured
pay_f2c0ngtfim1sex,order_ic7y35d1ikr4e7,2026-02-27 06:04:38,45800,upi,0,0,setl_wg96a9tv3603ep,captured
pay_3vls08tkzsfin5,order_12uv2d0wilkcbi,2026-01-15 14:03:26,53100,upi,0,0,setl_grv7k1qff39825,captured
pay_c31tmqzmm4131m,order_myelz7zh5prtr1,2026-02-17 06:26:15,32800,upi,0,0,setl_9994rz2os2zywh,captured
pay_yu3qs2jcalu5n0,order_5zgpgzbwn8i3qp,2026-02-26 14:09:08,38700,upi,0,0,setl_t8widn28c970o0,captured
pay_jfvqvnivqv1pqy,order_wdlksmgo0xbt73,2026-03-16 13:12:51,644600,upi,0,0,setl_9ziplehvmcpcg3,captured
pay_vyqesnqzalbnpf,order_6ajvj4hjhae0jj,2026-01-21 07:16:24,98900,upi,0,0,setl_7u76rb7en0399o,captured
pay_nt66ueczqlaauo,order_r32y7zvbt3gb6o,2026-02-10 08:14:37,81400,netbanking,1547,278,setl_ex4ek002gc2r1u,captured
pay_ihjqrqf3zphp0r,order_s7vylodfpjf7lc,2026-01-15 17:25:17,79200,upi,0,0,setl_grv7k1qff39825,captured
pay_bvjvky9igwldfc,order_we5rxsogx6bzw5,2026-02-20 15:01:45,141300,upi,0,0,setl_qal9h36vfum300,captured
pay_qh2d6ipedbc2m0,order_za6t1nhc0ebxk0,2026-01-06 20:09:11,272100,upi,0,0,setl_8zu1ktsnub3qzg,captured
pay_0x4hay7i3e4610,order_ihenrrv6emjldz,2026-01-20 12:05:00,61700,upi,0,0,setl_i1ppblfh8tj5m7,captured
pay_fpoifsqf4pf5bn,order_u1rxxkftk8z3dm,2026-02-16 08:50:57,144200,upi,0,0,setl_hyo0coscm1600j,refunded
pay_udkiucydmbpp4g,order_be24kojpjolc1g,2026-01-29 15:23:08,84800,upi,0,0,setl_j502p555prthl8,captured
pay_co4scouvbdi4au,order_8a4nj17p733nhp,2026-02-18 12:45:19,78500,upi,0,0,setl_marwnoou4khb0k,captured
pay_1cpsb99ts06wss,order_tnvl125n12xso8,2026-01-17 21:51:52,360300,upi,0,0,setl_jrm8iuv8pwnbst,captured
pay_19itggk51sg7am,order_iprosn6z6c9o81,2026-01-19 11:40:13,32300,upi,0,0,setl_ckovgkmddyvf20,captured
pay_emzns1n1uay1wz,,2026-02-25 18:05:09,121500,netbanking,2309,416,setl_fjubwhj4nuw113,captured
pay_8hua5vzvob8sdr,order_aab9ctzx10qm3u,2026-02-23 06:26:38,838600,wallet,18449,3321,setl_2ejmt21xr8n21l,captured
pay_m334eqlmogd5in,order_9ausirxiu2b08z,2026-01-02 20:15:33,35500,upi,0,0,setl_wepzs7szuqc9f6,captured
pay_s689jkptvdc6fd,order_6qp6fhvcahxgxy,2026-02-25 14:09:52,53000,netbanking,1007,181,setl_fjubwhj4nuw113,captured
pay_toz7xv83o9jgya,order_zvfhu8yy5hc0c1,2026-01-23 11:50:44,353000,upi,0,0,setl_pe6faz7kvftyvi,captured
pay_dkc26btul9x606,order_kdgv3gypg574hj,2026-01-20 15:53:31,141900,card,2838,511,setl_i1ppblfh8tj5m7,captured
pay_0q2zelja999zln,order_u0sjhytmcgn6ad,2026-01-04 13:30:10,89100,wallet,1960,353,setl_wepzs7szuqc9f6,captured
pay_wd3i4h5wg4m2xx,order_qjwoay97zjupyh,2026-01-15 16:53:20,136100,upi,0,0,setl_grv7k1qff39825,captured
pay_h7admxygbr4fh5,order_a2byxzdgbcd0f6,2026-02-04 14:52:05,194400,upi,0,0,setl_loeej8p0363err,refunded
pay_ofhrbh8zeyb3bv,order_gdi1pf6d1itkl7,2026-03-26 22:32:06,97800,upi,0,0,setl_86tilepkwugepq,captured
pay_0p64ecynor1vku,order_absnyuaqh0mx81,2026-03-02 17:53:43,49000,card,356,64,setl_gxt8aimmy71t26,captured
pay_06cu9tgnwk9sme,order_94fvfcunf6cio2,2026-03-29 17:41:43,143900,upi,0,0,setl_wqkvxto3gxvlu7,captured
pay_yiqgwog3mcw5tu,order_p9ip0tfr9bzooz,2026-01-31 06:34:19,116100,upi,0,0,setl_4sse8tbudyqcih,captured
pay_qe1ylqx0mpwpai,order_1j8rsnkwmnclb0,2026-02-28 18:35:24,126300,upi,0,0,setl_wg96a9tv3603ep,captured
pay_gjxd35sx7b9euv,order_a1fe5q1cur66lp,2026-03-12 09:34:54,145800,upi,0,0,setl_pjr716gfgceh8w,captured
pay_3qvwf1mymx70j5,order_gnciwdqs56w8mx,2026-02-20 19:23:42,275500,upi,0,0,setl_qal9h36vfum300,captured
pay_peeiy10rmg2wnn,order_q6txqnznynzpr6,2026-02-17 12:30:27,135000,upi,0,0,setl_9994rz2os2zywh,captured
pay_iavq8idhfo3yjs,order_73a0cmr89rj0w3,2026-01-14 09:04:53,212200,upi,0,0,setl_opdcf6j5wixc2v,captured
pay_cp2pl4fcdj7b2c,order_2fg1i99x34w56c,2026-02-14 11:54:48,73800,upi,0,0,setl_9hpnkvdkx29mhx,captured
pay_d5v8r36yywnbn9,order_9zlo6d1hec7v0q,2026-02-26 09:19:35,97500,card,1950,351,setl_t8widn28c970o0,captured
pay_csfjurqa2otrdu,order_3l13b613zurbke,2026-01-28 08:27:51,345700,upi,0,0,setl_nxu2v0awbwkxj5,captured
pay_vbyj57sdrhhap3,order_s67zajbbtoldah,2026-02-19 21:13:50,145000,upi,0,0,setl_57dkr8we1ld4hf,captured
pay_1yg9hqlgld0cmg,order_zbovu8xgea4d2y,2026-03-29 21:20:58,162700,card,3254,586,setl_wqkvxto3gxvlu7,captured
pay_lqb4b8ifgabwe9,order_1ieksbg07xr4fm,2026-01-05 08:35:03,34600,card,692,125,setl_jb4iycka7ebxm4,captured
pay_ijhkat2634sdca,order_lqx9cr99tssfwo,2026-01-01 15:15:11,80700,netbanking,1533,276,setl_2lzlm5imf0kd5q,captured
pay_fd8k8bcjmi0b7f,order_im61ha9h3yjgmq,2026-01-17 18:09:07,73900,upi,0,0,setl_jrm8iuv8pwnbst,captured
pay_i99wr7c6ng8wj1,order_0rj2yblid1xo63,2026-03-04 18:45:16,67500,upi,0,0,setl_id6lid416qfq61,captured
pay_sjsscq4tayg0ve,order_wg9bahgxp6czys,2026-03-26 11:16:25,228000,upi,0,0,setl_86tilepkwugepq,captured
pay_dzmf04xtuymat3,order_7s14ak8o290g2n,2026-03-18 14:02:13,76700,upi,0,0,setl_i779xkgycurgiw,captured
pay_5udzy35bskjp7y,order_00d7s9m1q4gcus,2026-01-23 16:38:06,147000,netbanking,2793,503,setl_pe6faz7kvftyvi,captured
pay_gjp0gdp68fghww,order_yqqd1q74r80nk1,2026-03-22 09:24:47,36000,upi,0,0,setl_lkgzbjhy4tfgax,captured
pay_yp4nqj1vbctc7p,order_vggtaw52fyg91n,2026-01-27 08:12:31,50300,upi,0,0,setl_lmc6qbtpgvhqfs,captured
pay_s25zhtwlirt011,order_b0wjxsgr8orfbu,2026-02-05 12:39:57,53600,upi,0,0,setl_9redif5czb1c2o,captured
pay_75h0u4pa8c6tdh,order_inxpgc9xfi26i3,2026-03-17 16:12:55,52400,card,1048,189,setl_nf76s64rcbd6hk,captured
pay_945sl63md0gthb,order_f7vh4xs4fqsw38,2026-02-10 10:37:11,293600,upi,0,0,setl_ex4ek002gc2r1u,captured
pay_a151yxp00v2e6n,order_fcjpe5xj1lh9p1,2026-02-06 10:42:44,213200,upi,0,0,setl_x9629fsv80nszb,captured
pay_709m1tqha4mffr,order_bfkvbyzm23yn7v,2026-02-07 12:56:57,69000,upi,0,0,setl_x9629fsv80nszb,captured
pay_tiw2394cq1llzx,order_2zi0o7dhre896a,2026-03-20 06:50:38,144500,upi,0,0,setl_lkgzbjhy4tfgax,captured
pay_yzo3clsa48r2lg,order_kzl6hzserx6kpk,2026-01-29 14:45:10,60100,netbanking,1142,206,setl_j502p555prthl8,captured
pay_x19u2nym081sb6,order_crb56k0ezhr56o,2026-03-22 10:51:39,85400,wallet,1879,338,setl_lkgzbjhy4tfgax,captured
pay_uy5p7hij9r6dcv,order_0x4ywok4nkzmm6,2026-01-18 08:03:23,57100,card,1142,206,setl_jrm8iuv8pwnbst,captured
pay_t6apvwwm7lfbzt,order_6e2ihdoxqzzry6,2026-02-20 22:07:34,144400,wallet,3177,572,setl_qal9h36vfum300,captured
pay_aidkxo3jze02my,order_7ba2x316ejnxlt,2026-03-04 07:58:01,43700,upi,0,0,setl_id6lid416qfq61,refunded
pay_zd4sg7sk8w0mf2,order_pbr5xs12crlrur,2026-02-26 14:15:35,33300,upi,0,0,setl_t8widn28c970o0,captured
pay_a0p5ci24s5bg94,order_dgtb82mfamljgp,2026-01-20 12:42:09,40200,upi,0,0,setl_i1ppblfh8tj5m7,captured
pay_jm1vvne66qzqh2,order_99f0hy4wwlwy09,2026-01-23 10:17:55,85500,upi,0,0,setl_pe6faz7kvftyvi,captured
pay_fakhto6dmax37x,order_7mac3z8651z0je,2026-03-21 14:01:45,131300,netbanking,2495,449,setl_lkgzbjhy4tfgax,captured
pay_t6kocsj3wztgtm,order_v1xzuzyt8ru517,2026-01-26 06:05:42,58600,card,1172,211,setl_r7od0iq6cc73mp,captured
pay_6f9qn54iq2igbi,order_dj1ao2cl6dr5xa,2026-03-24 15:54:55,61400,upi,0,0,setl_bjuqk7c3un19bl,captured
pay_y6ewb5fc9qdepb,order_z8w84y2eil4067,2026-01-19 09:15:58,328800,netbanking,6247,1124,setl_ckovgkmddyvf20,captured
pay_fzu8tiyq2u0kx7,order_jtoxddu9j0p3fh,2026-03-30 07:18:18,65400,card,1308,235,setl_j85ptu7k9no41z,captured
pay_0orobza0ytipcj,order_dqudwm1jflt3cb,2026-02-13 07:07:09,91400,upi,0,0,setl_9hpnkvdkx29mhx,captured
pay_sfz8p1l4cd1zg0,order_iaha55nfysnrpe,2026-01-29 11:50:36,668800,card,13376,2408,setl_j502p555prthl8,captured
pay_hxx39gxwsf88c2,order_i9thd5s34qahcx,2026-03-04 16:08:15,320700,upi,0,0,setl_id6lid416qfq61,captured
pay_e02fl8sfgujwty,order_pwkguxm52q5uwj,2026-03-06 07:09:38,33600,upi,0,0,setl_8rcowtf1l5jtt6,captured
pay_y47yjaswklwkdk,order_80i3we16y6br5w,2026-01-07 09:08:02,317300,wallet,6981,1257,setl_jde75ge9flap8q,captured
pay_yx5haqemx95yi1,order_6d4vrwyv5kv4dx,2026-01-15 18:49:30,117500,upi,0,0,setl_grv7k1qff39825,captured
pay_vr406tyj8ro0m9,order_qb254avey16eku,2026-01-12 12:40:03,34300,upi,0,0,setl_9ein7jcd4rdl3a,captured
pay_5i01wzhlp6w8kv,order_e3nld3z0jz18iw,2026-03-13 16:04:36,63900,upi,0,0,setl_ob1zbkbpqox76q,captured
pay_krznmx53fbt8ji,order_la6eqmvadcdsmm,2026-01-23 13:17:39,60100,upi,0,0,setl_pe6faz7kvftyvi,captured
pay_7pdkdvb9tfvdqr,order_iw4lf5s2busc82,2026-01-21 18:42:21,296400,card,5928,1067,setl_7u76rb7en0399o,captured
pay_8ncn8fn0nkkbvm,order_j9zgxgt41hmuj6,2026-01-26 13:57:09,68900,card,1378,248,setl_r7od0iq6cc73mp,refunded
pay_c94uh2jr83kogl,order_hh9gseri61nieo,2026-02-13 11:05:14,40100,upi,0,0,setl_9hpnkvdkx29mhx,refunded
pay_na6znfc3hkr1i0,order_nshk9ujztu39w7,2026-03-25 06:51:37,117300,upi,0,0,setl_d932kldoq526i0,captured
pay_8ekc8aba0ykrwf,order_cxm7jpcgd1s6qx,2026-01-15 15:11:41,54700,netbanking,1039,187,setl_grv7k1qff39825,captured
pay_im1y3m8yyzr3s0,order_1f5sha6mu4ib16,2026-02-14 07:10:34,125000,upi,0,0,setl_9hpnkvdkx29mhx,captured
pay_lwc13gpebi327s,order_xezdorj5l6vob1,2026-03-04 19:37:12,238700,card,4774,859,setl_id6lid416qfq61,captured
pay_fzuyvrngmv7bw9,order_582ycnmv8k0zf1,2026-02-08 18:22:29,49300,card,986,177,setl_x9629fsv80nszb,captured
pay_62hlk44i4cvz9x,order_cqzh63z0zc2c64,2026-02-18 18:20:39,73400,netbanking,1395,251,setl_marwnoou4khb0k,captured
pay_6jf08uhu311kmk,order_5b5p4onizjz4el,2026-02-23 22:47:06,34000,upi,0,0,setl_2ejmt21xr8n21l,captured
pay_ctrm0pnehwc899,order_cwvqupefp5kx4f,2026-02-04 22:35:57,174600,card,3492,629,setl_loeej8p0363err,captured
pay_lhzm04jcq6r5rr,order_1xu05ochanftb8,2026-03-26 21:25:34,51500,upi,0,0,setl_86tilepkwugepq,captured
pay_t5v7qi9plm09st,order_kieo5muiipax2u,2026-01-27 15:18:10,140000,card,2800,504,setl_lmc6qbtpgvhqfs,captured
pay_qquccoqytgexso,order_ymbeb8dumyr9us,2026-03-04 20:52:57,46500,card,930,167,setl_id6lid416qfq61,captured
pay_zwtfvdjmr2cdm6,order_0lfx4tdkhgsnkq,2026-01-23 14:16:02,42800,wallet,942,170,setl_pe6faz7kvftyvi,captured
pay_4j5oy06uhv3e03,order_zoeuuenwu300md,2026-03-08 17:13:59,30500,upi,0,0,setl_8rcowtf1l5jtt6,captured
pay_5nrib3ap962fsz,order_tes951jnj3ohrd,2026-01-31 18:48:00,57000,upi,0,0,setl_4sse8tbudyqcih,captured
pay_5py8dzdblefoq7,,2026-01-08 06:18:22,108700,upi,0,0,setl_xx3zh6x38f6k9i,captured
pay_vbqiglmx9mq31w,order_j0uw6pwio7tbfu,2026-02-27 09:13:07,77000,card,1540,277,setl_wg96a9tv3603ep,captured
pay_0x23gi6ynvi37r,order_3e2kvcwjxx3bfb,2026-01-27 14:42:43,33700,upi,0,0,setl_lmc6qbtpgvhqfs,captured
pay_52kddi1df8soo8,order_5w81160hdw9ksc,2026-01-18 17:39:59,206300,netbanking,3920,706,setl_jrm8iuv8pwnbst,captured
pay_v6fowb2egq8nw9,order_h6vx9w3ja1amus,2026-03-29 08:18:56,89500,upi,0,0,setl_wqkvxto3gxvlu7,captured
pay_lc1qt7iwkjese6,order_fn4reozv4zgdao,2026-03-28 10:17:43,127900,upi,0,0,setl_wqkvxto3gxvlu7,captured
pay_6ojlehqw6giudr,order_cuulsqvr6o3lkl,2026-02-08 20:57:56,88100,netbanking,1674,301,setl_x9629fsv80nszb,captured
pay_sp4vs5wqd21416,order_ym6g3ylbjlb3nl,2026-01-15 16:38:45,101000,card,2020,364,setl_grv7k1qff39825,captured
pay_z25gletqbki0oq,order_11oyhxtrzeg1qh,2026-02-25 09:52:06,67000,upi,0,0,setl_fjubwhj4nuw113,captured
pay_84o4qbj27wmp5b,order_q06eisazbf8gm7,2026-03-07 19:46:01,143000,upi,0,0,setl_8rcowtf1l5jtt6,captured
pay_ojza0pyuji5mgx,order_icmyjn9e3dolr3,2026-02-21 18:39:20,96100,upi,0,0,setl_qal9h36vfum300,captured
pay_rlrdwhvtgipn2m,order_nluxxritpld9v0,2026-03-13 18:01:30,114300,upi,0,0,setl_ob1zbkbpqox76q,captured
pay_h6ua08qcg46qje,order_ggl5plak0thwd3,2026-03-07 07:08:13,115900,upi,0,0,setl_8rcowtf1l5jtt6,captured
pay_vq20r535l75r1x,order_poaycd6lnw6xhe,2026-01-19 15:42:06,57800,upi,0,0,setl_ckovgkmddyvf20,captured
pay_kwukaaq4dvsrl9,order_amf9lpn65bepoo,2026-01-18 13:49:17,81200,wallet,1786,321,setl_jrm8iuv8pwnbst,captured
pay_pzra50bvpc238g,order_xcb229q8kaf20s,2026-02-01 18:40:15,47000,netbanking,893,161,setl_4sse8tbudyqcih,captured
pay_of66dqjyulwufe,order_sy5wbyb58fonyu,2026-01-28 06:42:56,64900,upi,0,0,setl_nxu2v0awbwkxj5,captured
pay_ztsjgli3yqh49r,order_z81yjaibkpdkuv,2026-02-13 18:51:49,135000,upi,0,0,setl_9hpnkvdkx29mhx,captured
pay_sl7rwdsu2j4hb6,order_t8wurl2grqpbrl,2026-01-29 07:22:47,72600,card,1452,261,setl_j502p555prthl8,captured
pay_3temb27rdv7cg5,order_wrd9uumf2m7mby,2026-03-31 21:04:12,393500,upi,0,0,setl_63hjwsjao5sf4p,captured
pay_pxg748tsc7d9ly,order_5ac8zo56br3up7,2026-01-30 18:29:59,90500,netbanking,1720,310,setl_4sse8tbudyqcih,captured
pay_8sa4b8om51cxyn,order_uocax51xcgy2sq,2026-03-14 11:18:01,49600,upi,0,0,setl_ob1zbkbpqox76q,captured
pay_aiinspoc70nat7,order_yockfak5rdzd4g,2026-02-23 16:12:36,243300,upi,0,0,setl_2ejmt21xr8n21l,captured
pay_3gwwyea92yz2l3,order_bk8nbmarroxj26,2026-03-26 14:03:52,50100,upi,0,0,setl_86tilepkwugepq,captured
pay_2vfwtbdzpkrdsd,order_f9hfa6vmjtu0i4,2026-01-09 19:23:56,122600,wallet,2697,485,setl_h9o3muublta3bw,captured
pay_ougg7lbblluni5,order_pqj0tsxgadzq5q,2026-01-06 20:05:16,62100,upi,0,0,setl_8zu1ktsnub3qzg,captured
pay_48pgez513ii3oz,order_j5jwegjqk2f9j6,2026-01-23 09:55:46,77900,upi,0,0,setl_pe6faz7kvftyvi,captured
pay_q0wrp9bgv8wef5,order_7bspnsokpvsgku,2026-02-25 11:55:32,46100,card,922,166,setl_fjubwhj4nuw113,captured
pay_mze8e72hj7285d,order_nx97qxojbz7js0,2026-03-16 10:11:06,65500,upi,0,0,setl_9ziplehvmcpcg3,captured
pay_b77gla4wgy70zq,order_28pk6933k5c7jc,2026-01-20 21:28:44,123800,upi,0,0,setl_i1ppblfh8tj5m7,captured
pay_ut1au3o5pw13hd,order_xi1rid0bzlx23r,2026-02-08 20:16:37,247400,card,4948,891,setl_x9629fsv80nszb,captured
pay_xfd2xaha2satdq,order_uirtib9y46y6m9,2026-01-25 15:36:03,110000,netbanking,2090,376,setl_pe6faz7kvftyvi,captured
pay_ykwxfni25yvmmy,order_nrydfgp0nzad91,2026-02-19 20:05:53,58000,upi,0,0,setl_57dkr8we1ld4hf,captured
pay_i01y5okfx0385e,order_p122h1ui1ubpwi,2026-03-22 10:25:45,35000,upi,0,0,setl_lkgzbjhy4tfgax,captured
pay_mpkq9b5zgpmsb5,order_sk2pu7y4qqh6cc,2026-03-16 11:25:47,136400,card,2728,491,setl_9ziplehvmcpcg3,captured
pay_3un9ug6dk0l7yw,order_ikjnx2xpypvbrj,2026-02-20 08:20:07,309100,upi,0,0,setl_qal9h36vfum300,captured
pay_hlyloqjlj60j2q,order_be1jb6bj4h44xy,2026-01-25 07:55:31,200000,card,4000,720,setl_pe6faz7kvftyvi,captured
pay_c5vfeoj9ushvfj,order_72c03whe6p9eh4,2026-02-02 06:30:28,75400,upi,0,0,setl_l3k3kfcno0zwp9,captured
pay_saus0qmwiyvfib,order_2b1evb4lqxc5nx,2026-02-22 22:42:04,82800,upi,0,0,setl_qal9h36vfum300,captured
pay_5xoblyeuzg9e1q,order_ezyj3bhvsngm85,2026-02-05 22:26:33,32000,upi,0,0,setl_9redif5czb1c2o,captured
pay_4plhplflh2pq6k,order_iv2829lb26fdc7,2026-03-28 06:22:43,126900,card,2538,457,setl_wqkvxto3gxvlu7,captured
pay_jd46p1dr4r1u23,order_0sauyycy3440mg,2026-03-21 17:10:49,125600,upi,0,0,setl_lkgzbjhy4tfgax,captured
pay_lxgbgc8c0woz8l,order_q7cb4443uyneya,2026-01-25 12:38:18,277200,upi,0,0,setl_pe6faz7kvftyvi,captured
pay_sp7na5ycflldu5,order_xwgqsh0pjgodu9,2026-02-27 18:42:38,79800,card,1596,287,setl_wg96a9tv3603ep,captured
pay_co40j5kspxgtbh,order_1l4xgbshjpbdk7,2026-02-01 06:55:59,44800,card,896,161,setl_4sse8tbudyqcih,captured
pay_b2o4ysdym3j1jx,order_ou31o8bdw9wxum,2026-01-30 08:13:01,128100,upi,0,0,setl_4sse8tbudyqcih,captured
pay_7ru6zogzk5w6lb,order_gyixob48b2phmz,2026-01-13 11:42:17,33700,upi,0,0,setl_svzb0gabvczqv4,captured
pay_c4xb0f9tx3dsdj,order_ltkcc09e298ed3,2026-01-08 21:36:48,94600,upi,0,0,setl_xx3zh6x38f6k9i,captured
pay_8k2vkr04joiqva,order_zmj9u03bq8zxwo,2026-01-17 06:00:21,125400,netbanking,2383,429,setl_jrm8iuv8pwnbst,captured
pay_7vcwtmdxfzbfts,order_t2idc6ctflvp3f,2026-02-26 13:02:06,148500,upi,0,0,setl_t8widn28c970o0,captured
pay_ulpkgkbi2ms9tt,order_6lo5mm464frxfw,2026-01-17 22:54:20,30700,netbanking,583,105,setl_jrm8iuv8pwnbst,captured
pay_h1rzlbuqdgf2k0,order_lssbtfuiy57aen,2026-03-29 07:16:19,71200,netbanking,1353,244,setl_wqkvxto3gxvlu7,captured
pay_m0no7oq6nmdg6e,order_0zhlki9itwiocp,2026-02-09 14:28:31,69500,wallet,1529,275,setl_s4l1ku1vti53ru,captured
pay_a8in1y15ojc5pr,order_xfmmu47ioemw0g,2026-01-25 15:21:22,59800,upi,0,0,setl_pe6faz7kvftyvi,captured
pay_85ge8koxoy4zj2,order_cm8350cojt49oo,2026-03-20 22:40:14,86800,upi,0,0,setl_lkgzbjhy4tfgax,captured
pay_8vgat3gl1fde05,order_0xojghled5db55,2026-01-02 09:39:58,36400,upi,0,0,setl_wepzs7szuqc9f6,captured
pay_b6ndatcjtduuur,order_6cgi867417gdwi,2026-01-27 10:12:22,246300,upi,380,68,setl_lmc6qbtpgvhqfs,captured
pay_w9y3s6qj4laao9,order_5sgcbbcv7l1x78,2026-03-04 10:45:01,54500,netbanking,1036,186,setl_id6lid416qfq61,captured
pay_xgchre4t31feq3,order_kq8s5esduwxibb,2026-01-29 06:36:09,48200,upi,0,0,setl_j502p555prthl8,captured
pay_jz23kp1to5zkj4,order_g7m5iy8dudn5iv,2026-02-27 16:32:11,149600,upi,0,0,setl_wg96a9tv3603ep,captured
pay_1sl8w6thj9h0gt,order_c7siyj7xmdhtwo,2026-02-18 13:11:41,140700,upi,0,0,setl_marwnoou4khb0k,captured
pay_uzu8sudgi8ccou,order_snevj2cd0ieyof,2026-01-02 16:54:52,237800,upi,0,0,setl_wepzs7szuqc9f6,captured
pay_n5b1hsfkc18cnq,order_ghrdizczy9z4v9,2026-03-16 08:52:48,62300,upi,0,0,setl_9ziplehvmcpcg3,captured
pay_gwgx83sffjkp73,order_g59498w9gl6iyz,2026-01-29 10:19:10,123000,upi,0,0,setl_j502p555prthl8,captured
pay_kiffenm5rm9775,order_2u3ej8gv49js09,2026-01-08 20:22:30,137100,netbanking,2605,469,setl_xx3zh6x38f6k9i,captured
pay_n36wjyb1nv1xw6,order_uzv5a1t6t90mjz,2026-02-06 18:40:24,159700,upi,0,0,setl_x9629fsv80nszb,captured
pay_f1atr1xeiqbmkd,order_r6f04b1e3qxcxe,2026-02-11 21:41:05,109400,upi,0,0,setl_owvw9a3grfow7z,captured
pay_buexd0q4dhn0es,order_ctqvtbvm4cwxes,2026-03-26 06:32:54,256000,upi,0,0,setl_86tilepkwugepq,captured
pay_mywbv1h5h6683e,order_c0bpf5hj7w82i3,2026-03-24 16:16:52,44400,netbanking,844,152,setl_bjuqk7c3un19bl,captured
pay_zie0ytty0scvgi,order_vot05q9d4ypg2i,2026-03-10 07:04:28,117400,upi,0,0,setl_cy02355rxf3dgx,captured
pay_3g60xeoo53rhmt,order_638fpeawt3v28n,2026-02-10 14:37:20,219700,upi,0,0,setl_ex4ek002gc2r1u,captured
pay_qc0ev2yw7tqhwp,order_d8okf5m010wnq6,2026-03-05 16:45:35,59200,upi,0,0,setl_1pprr34her4zyz,captured
pay_bsffragblg68yg,order_cy8rprknuolssd,2026-02-03 09:36:38,68000,upi,0,0,setl_cb3atkunlhj9mi,captured
pay_4mx86ak2q2zmxw,order_rge08pms76wb09,2026-02-12 14:41:11,242200,card,4844,872,setl_blfhrgh8cu53a4,captured
pay_9o7r3o375624j3,order_gy86xbcn09b3tv,2026-01-31 07:34:47,110200,netbanking,2094,377,setl_4sse8tbudyqcih,captured
pay_qzlmiqwd6j7bfy,order_hd27beej9z9wck,2026-01-20 09:12:34,81300,card,1626,293,setl_i1ppblfh8tj5m7,refunded
pay_mv8lnnh1x9uici,order_7ut8y1s9bebdwz,2026-03-31 14:08:41,348600,card,6972,1255,setl_63hjwsjao5sf4p,captured
pay_mqingp6ha3pcn8,order_3zmwf496sq3enw,2026-02-04 18:24:22,116700,card,2334,420,setl_loeej8p0363err,captured
pay_te92is7cgbloah,order_a7s5e031uitt6k,2026-03-02 07:51:28,119300,upi,0,0,setl_gxt8aimmy71t26,captured
pay_4rufd8ypdso0z1,order_okmf5wwj10slox,2026-03-01 06:20:48,30200,upi,0,0,setl_wg96a9tv3603ep,captured
pay_h9iqwhil6feohc,order_xrzhiz6ibc4wts,2026-02-09 10:47:48,47600,card,952,171,setl_s4l1ku1vti53ru,captured
pay_qrbis3rbu3gwud,order_nmn5xfs82gf2w3,2026-02-02 14:35:23,41600,upi,0,0,setl_l3k3kfcno0zwp9,captured
pay_q07nt2zln31jh5,order_78h4il6fsx7lep,2026-02-23 13:20:13,121600,upi,0,0,setl_2ejmt21xr8n21l,refunded
pay_27d0xi4u12x1qx,order_r9x8zp5j1pm45r,2026-03-12 21:42:05,742200,upi,0,0,setl_pjr716gfgceh8w,captured
pay_u3k7opmnr8jf40,order_6slqqbun26yziy,2026-01-13 20:48:32,64900,upi,0,0,setl_svzb0gabvczqv4,captured
pay_tm8iy9dm1ro124,order_05uthshwc64sht,2026-03-24 09:58:10,90600,upi,0,0,setl_bjuqk7c3un19bl,captured
pay_j7lvz6gs19d8o0,order_5gxz7ciyh101n9,2026-02-24 15:20:37,41000,card,820,148,setl_dlrkavuq1t51a1,captured
pay_zoe74oict1fomg,order_steldy8qhm0hil,2026-02-02 07:43:35,63700,upi,0,0,setl_l3k3kfcno0zwp9,captured
pay_l5a1obyfbh9g1p,order_1pp7d1r6qk7m2z,2026-03-25 12:13:43,66100,wallet,1454,262,setl_d932kldoq526i0,captured
pay_cqm3ipjq3fvi27,order_0fk3oht809eot8,2026-01-05 10:38:17,115400,upi,0,0,setl_jb4iycka7ebxm4,captured
pay_u70mcmao4lf2xw,order_h6a6ip8lpuigy2,2026-02-15 21:42:18,52500,upi,0,0,setl_9hpnkvdkx29mhx,captured
pay_ake38om1n7t2q4,order_omvgweb84ckvxt,2026-02-12 20:11:45,69600,netbanking,1793,323,setl_blfhrgh8cu53a4,captured
pay_1dxs0jxt2sebf3,order_pgi2smnhx2wkpo,2026-02-26 17:41:51,119600,upi,0,0,setl_t8widn28c970o0,captured
pay_juj7bav7xs8ld4,order_4ilbmfq56eob8r,2026-01-29 10:44:08,111400,upi,0,0,setl_j502p555prthl8,captured
pay_aj0it245tkxlmd,order_fy3b9yalrnmgqc,2026-03-14 14:50:24,70100,upi,0,0,setl_ob1zbkbpqox76q,captured
pay_616lefr54b2dmu,order_rso5gnwa79fbqk,2026-01-08 17:57:38,867900,card,17358,3124,setl_xx3zh6x38f6k9i,captured
pay_nzoj3iz2j4dctu,order_5x2g1w1sogfvlp,2026-02-11 12:34:38,117200,upi,0,0,setl_owvw9a3grfow7z,captured
pay_kw4ubo7z7p752b,order_x74bxcm29rfe2l,2026-01-08 07:21:23,338400,upi,0,0,setl_xx3zh6x38f6k9i,captured
pay_mrahl6bnv1o9iw,order_2hgflhtfnllmm2,2026-02-02 16:26:25,459900,wallet,10118,1821,setl_l3k3kfcno0zwp9,captured
pay_mkrilinwza9nc4,order_3wsz2skyhcaqhj,2026-02-05 15:28:41,73800,card,1476,266,setl_9redif5czb1c2o,captured
pay_3069t6zrpjgwqn,order_gxx10dstj62q4m,2026-03-07 15:27:52,323800,wallet,7124,1282,setl_8rcowtf1l5jtt6,captured
pay_e07bh3owan6hj8,order_wwg0t6i4zs9ywv,2026-03-02 15:45:34,179300,upi,0,0,setl_gxt8aimmy71t26,captured
pay_1x04m7mb3gjcqw,order_6g4c7961bhnxx3,2026-03-15 20:15:02,754700,upi,0,0,setl_ob1zbkbpqox76q,captured
pay_5h9xoq75lzt0gc,order_dcjk7eyonx1g00,2026-03-22 18:11:10,70300,upi,0,0,setl_lkgzbjhy4tfgax,captured
pay_jlxe08m7jarqjc,order_x6aj0hhkxjd9et,2026-03-06 10:03:57,73800,upi,0,0,setl_8rcowtf1l5jtt6,captured
pay_h3oaenpfp13ape,order_alnzujvom94o4g,2026-01-11 12:30:03,76900,upi,0,0,setl_h9o3muublta3bw,captured
pay_8jnq0adlvt4hit,order_jn0ys215xxg7vm,2026-02-28 06:02:19,121100,card,2422,436,setl_wg96a9tv3603ep,captured
pay_7ea414tfb89hd8,order_2mnjfbzcj54jlb,2026-02-27 20:00:14,46400,card,928,167,setl_wg96a9tv3603ep,captured
pay_mseoiwhcxd5ac9,order_m62pf5z0gpudmv,2026-02-02 08:35:16,52800,card,1056,190,setl_l3k3kfcno0zwp9,captured
pay_bpvwzcqr4q2myv,order_7zkttfjh4fmu7w,2026-01-11 16:20:09,77700,wallet,1709,308,setl_h9o3muublta3bw,captured
pay_4askap49slny1j,order_h8msb97j8k98zy,2026-01-02 19:48:07,76700,upi,0,0,setl_wepzs7szuqc9f6,captured
pay_kwhmp5ayxmxggw,order_5cr9ccqmm252um,2026-02-12 07:01:13,117900,upi,0,0,setl_blfhrgh8cu53a4,captured
pay_g6essctt541dx6,order_ojnii8dh2y2sm1,2026-03-07 06:26:47,57400,upi,0,0,setl_8rcowtf1l5jtt6,captured
pay_of88gwklwvbd6q,order_vz9al9icl8zlhe,2026-02-11 06:02:09,34000,upi,0,0,setl_owvw9a3grfow7z,captured
pay_iyelwm90j2kdo8,order_g3h37k1rz3ve2j,2026-03-30 14:28:02,310600,wallet,6833,1230,setl_j85ptu7k9no41z,captured
pay_hpk47du5z3mw2v,order_2tsyyltayrhwhj,2026-02-02 12:59:49,96100,upi,0,0,setl_l3k3kfcno0zwp9,captured
pay_3nc79rtriad295,order_js3dr9rlp2d11z,2026-03-29 16:11:09,44900,upi,374,67,setl_wqkvxto3gxvlu7,captured
pay_dr5qbs2vck8gkn,order_35dhi4jqrs67m7,2026-02-14 22:31:38,67900,upi,0,0,setl_9hpnkvdkx29mhx,captured
pay_tuswbi26you1mh,order_05psvwk2munzae,2026-02-05 15:22:39,112700,card,2254,406,setl_9redif5czb1c2o,captured
pay_w6a3empi8jxmjt,order_2xb4nh3f4e1rl6,2026-03-20 20:10:11,849500,upi,0,0,setl_lkgzbjhy4tfgax,captured
pay_ofhx4nu04y3bcm,order_eiuyip8ypug5y1,2026-02-23 10:18:04,351500,wallet,7733,1392,setl_2ejmt21xr8n21l,captured
pay_fjgh2imb8fs10g,order_2jfajbyp03akol,2026-03-26 22:41:21,629500,netbanking,11961,2153,setl_86tilepkwugepq,captured
pay_0152125as6zdmi,order_r9eodnt6unbaun,2026-03-16 15:23:08,81400,upi,0,0,setl_9ziplehvmcpcg3,captured
pay_na078cfp39wvue,order_m9u7pyl9v6m4cm,2026-02-28 22:40:35,127100,upi,0,0,setl_wg96a9tv3603ep,captured
pay_6heperjw74d63q,order_7zlk4qmnyd2jvb,2026-01-08 06:06:57,97600,card,1952,351,setl_xx3zh6x38f6k9i,captured
pay_0ao7knt0xgi1tb,order_2eicjb55amhuks,2026-01-07 13:54:00,55800,card,1116,201,setl_jde75ge9flap8q,captured
pay_utc13vf0bbei9d,order_4oums3w412ebu1,2026-02-22 08:32:50,30600,wallet,673,121,setl_qal9h36vfum300,captured
pay_brqdbdcerznjoi,order_9yxlsmwy0xm94e,2026-03-29 11:17:48,94000,upi,0,0,setl_wqkvxto3gxvlu7,captured
pay_ufdagct3z2ocyc,order_jeytcnt9zi7snb,2026-03-30 13:22:03,47800,upi,0,0,setl_j85ptu7k9no41z,captured
pay_kxdlmiajety76t,order_t2mpwkuxykjjm0,2026-01-13 10:55:05,81300,card,1626,293,setl_svzb0gabvczqv4,captured
pay_08ov3vn97yk2ej,order_viphxwq2sj4tmb,2026-03-01 08:46:35,68100,card,1362,245,setl_wg96a9tv3603ep,captured
pay_0n4kto4eijp9jz,order_j5ud3h7rtooj3c,2026-03-15 09:33:32,107000,card,2140,385,setl_ob1zbkbpqox76q,captured
pay_70pmal0ciff7w3,order_sccw9az70xgof5,2026-03-05 08:44:48,862700,upi,0,0,setl_1pprr34her4zyz,captured
pay_0jclb8zp27vf8x,order_3ksxvslnnho0dq,2026-03-30 18:53:51,37900,card,758,136,setl_j85ptu7k9no41z,captured
pay_o3qk3r9uaj4vvn,order_byylouy8tp3sww,2026-01-25 11:11:52,36100,card,722,130,setl_pe6faz7kvftyvi,captured
pay_7dn3ha3tf59yny,order_0pv2zm5ucbtvk1,2026-03-13 17:47:18,38700,upi,0,0,setl_ob1zbkbpqox76q,captured
pay_zhcnzvn8hu7svk,order_db2awjeurmpqid,2026-03-29 07:40:58,63700,card,1274,229,setl_wqkvxto3gxvlu7,captured
pay_wg42yv429xcdpn,order_kzn5274e9a00pr,2026-02-01 10:56:16,69800,upi,0,0,setl_4sse8tbudyqcih,captured
pay_b67n5zympw19e9,order_u3ylw0g2g7krvi,2026-03-20 14:40:47,132100,upi,0,0,setl_lkgzbjhy4tfgax,captured
pay_nlugt8fr12gadd,order_s0j7ardfuedmdh,2026-01-18 08:45:02,74600,upi,0,0,setl_jrm8iuv8pwnbst,refunded
pay_n8wkuwr5aehu4b,order_w6e6aiab9j7ja7,2026-01-16 14:06:51,113600,card,2272,409,setl_jrm8iuv8pwnbst,refunded
pay_8zxettm6vfonn1,order_8zaxkjj1wo0p0x,2026-03-18 08:19:37,60800,card,1216,219,setl_i779xkgycurgiw,captured
pay_87q5d4n8eg9vnn,order_0dnlm2gw289d38,2026-02-11 06:38:14,265700,upi,0,0,setl_owvw9a3grfow7z,captured
pay_kpi4n0ybav86lq,order_wbh7zhm2yy4o55,2026-03-19 14:04:31,149500,upi,0,0,setl_hjydfszyf4rzmu,captured
pay_bhok6rheku6iuz,order_df3adxodn0us7t,2026-02-09 09:31:52,130700,upi,0,0,setl_s4l1ku1vti53ru,captured
pay_zlg4077otnxifj,order_3fws0n49uzdb7t,2026-01-26 19:51:02,111500,wallet,2453,442,setl_r7od0iq6cc73mp,captured
pay_1rdcswuuuyxayo,order_1eec462tm5qpm5,2026-03-22 16:08:48,223700,upi,0,0,setl_lkgzbjhy4tfgax,captured
pay_93v97ann1gdm2e,order_h6f6n9r43h8seg,2026-02-21 16:40:05,95300,upi,0,0,setl_qal9h36vfum300,captured
pay_b55ynihzfplep1,order_xzi567nbhrgpsd,2026-01-06 19:05:12,253000,upi,0,0,setl_8zu1ktsnub3qzg,captured
pay_crk3e9cgiksqqb,order_vtxey4xefgwj65,2026-02-25 11:43:43,118000,upi,0,0,setl_fjubwhj4nuw113,captured
pay_l7jjkwcqk0qghn,order_wk6g735v4yp0pn,2026-01-29 10:05:39,48200,upi,0,0,setl_j502p555prthl8,captured
pay_otqoq14i4llqua,order_6blddjxfawr2jl,2026-01-15 15:13:47,268800,card,5376,968,setl_grv7k1qff39825,refunded
pay_04bzw62brj3niq,order_8xa1oitqi4g6jm,2026-03-28 15:14:38,52100,netbanking,990,178,setl_wqkvxto3gxvlu7,captured
pay_gtaclmwy6mf3x9,order_xxcr1yx9edb4i3,2026-01-25 12:40:07,121100,card,2422,436,setl_pe6faz7kvftyvi,captured
pay_beey34qtjpff07,order_delasqdstvs196,2026-02-04 09:08:17,695800,upi,0,0,setl_loeej8p0363err,captured
pay_9jtmrjw0ctpegk,order_3blpq2av8mr6rv,2026-02-03 18:03:30,42100,upi,0,0,setl_cb3atkunlhj9mi,captured
pay_xqzg9jjqlxsoeu,order_i3bg5mayby3lod,2026-02-26 20:55:48,135100,upi,0,0,setl_t8widn28c970o0,captured
pay_dwraa4qnumply4,order_7ufjnc6oz4nwg7,2026-01-31 19:29:03,60500,upi,0,0,setl_4sse8tbudyqcih,captured
pay_erdoa64l8z2oby,order_ibekkg27mdbiey,2026-01-11 11:37:14,216500,upi,0,0,setl_h9o3muublta3bw,refunded
pay_3iq2a3rxqnc69z,order_xrvepm5snifisv,2026-01-15 15:32:23,222000,upi,0,0,setl_grv7k1qff39825,captured
pay_kvg31wtwec49mi,order_1pwpyyila1plj3,2026-03-01 13:06:51,106200,netbanking,2018,363,setl_wg96a9tv3603ep,captured
pay_n4pjjr6fgh4mwt,order_a1gbk2dzwkt5zt,2026-01-20 21:44:46,111700,upi,0,0,setl_i1ppblfh8tj5m7,captured
pay_zuzzfwahyntekp,order_og095eee28zy5r,2026-01-22 18:57:31,165900,netbanking,3152,567,setl_olhoefx33wper0,captured
pay_5g8vrp9nglgn7y,order_fxjc4xheb90ugp,2026-01-12 06:17:29,66300,upi,0,0,setl_9ein7jcd4rdl3a,captured
pay_27nlf6kewi7aq3,order_n5e4lyesqqryww,2026-01-19 15:21:31,135200,upi,0,0,setl_ckovgkmddyvf20,captured
pay_4s5dyys6wq2cmw,order_4z0ggp27i4wpth,2026-03-31 18:13:09,44700,upi,0,0,setl_63hjwsjao5sf4p,captured
pay_4mn1w03nl90dto,order_vy2qyee31tyl66,2026-02-18 10:53:43,172900,card,3458,622,setl_marwnoou4khb0k,captured
pay_fcg8j70jru5oyg,order_4v4jhyme4nzi58,2026-01-21 15:47:46,176400,upi,0,0,setl_7u76rb7en0399o,captured
pay_n7hcnq42x6k1v4,order_pdrz7tn095g6h1,2026-03-09 15:05:52,243300,netbanking,4623,832,setl_6qsiife23ixpuu,captured
pay_lybxmileqokro0,order_y7d551266f5slr,2026-03-16 06:34:24,53800,upi,0,0,setl_9ziplehvmcpcg3,captured
pay_sw6h8g4s7in0mm,order_5dhu7ejba2o66i,2026-03-04 11:54:07,307400,upi,0,0,setl_id6lid416qfq61,captured
pay_guzbgb62l5lr0e,order_age3uiqr8pov9i,2026-02-21 07:28:31,167900,upi,0,0,setl_qal9h36vfum300,captured
pay_6w0zvr208ogxgp,order_wyx5qasokuqrj2,2026-01-30 06:26:53,98600,upi,0,0,setl_4sse8tbudyqcih,captured
pay_wenytx3joi3s9a,order_4vwhz8gcemrzjl,2026-03-05 06:33:21,76300,upi,0,0,setl_1pprr34her4zyz,captured
pay_2fnnoy4yvj7ui6,order_45xt3u8bbx5r8f,2026-03-18 07:40:10,60100,upi,0,0,setl_i779xkgycurgiw,captured
pay_4ll72nax2tl24q,order_c5nxzy336z211f,2026-02-16 08:01:53,44200,upi,0,0,setl_hyo0coscm1600j,captured
pay_fo94hwnn8vz03e,order_d17d2f3emncdjy,2026-01-06 20:14:57,120500,wallet,2651,477,setl_8zu1ktsnub3qzg,captured
pay_z05jcyludzfel1,order_dx9qiadp8v1m2y,2026-03-18 07:15:25,291000,card,5820,1048,setl_i779xkgycurgiw,captured
pay_wjetzlwjj506on,order_9zg3268ui1ti1r,2026-01-09 16:04:03,102600,card,2052,369,setl_h9o3muublta3bw,captured
pay_r5qtz1555jtaez,order_i29bi957phnjm5,2026-01-11 20:30:12,117400,netbanking,2231,402,setl_h9o3muublta3bw,captured
pay_oq2zos26tjsm6t,order_8opkbyi6t7hkrm,2026-01-20 06:30:02,122800,card,2456,442,setl_i1ppblfh8tj5m7,captured
pay_fqsz7fx3nwcda7,order_ed4codtu8xjsls,2026-01-15 18:09:18,71000,upi,0,0,setl_grv7k1qff39825,captured
pay_i08c33g6zesfrx,order_k3jvox3frtv4f3,2026-03-05 08:22:06,76700,netbanking,1457,262,setl_1pprr34her4zyz,captured
pay_mhjfz7hbkjd97g,order_udeur0zpqk3wh3,2026-01-18 19:49:48,81700,upi,0,0,setl_jrm8iuv8pwnbst,captured
pay_pczqd7t2jrfsgz,order_odzzwiq9s8dwo9,2026-03-16 20:53:52,491300,upi,0,0,setl_9ziplehvmcpcg3,captured
pay_zq9vi0fuf5jonw,order_6tnks7hkkbg4ml,2026-01-14 06:03:14,612400,upi,0,0,setl_opdcf6j5wixc2v,captured
pay_ponp6j4l8eimg9,order_1vdgo2g900hg6n,2026-03-10 10:46:02,64500,card,1290,232,setl_cy02355rxf3dgx,captured
pay_hrzq85ydzqbiwd,order_n7p87et3x6j1w4,2026-02-20 10:42:33,61100,card,1222,220,setl_qal9h36vfum300,captured
pay_fel7u6pqd373yi,order_csy0t54xjy5ixx,2026-03-19 14:31:35,846800,upi,0,0,setl_hjydfszyf4rzmu,captured
pay_47pnrpfqr5ntc7,order_m6bvbbqwj8675l,2026-03-28 19:41:13,868800,wallet,19114,3441,setl_wqkvxto3gxvlu7,captured
pay_ycnvg8fnvnko0l,order_869i3bhueqn05c,2026-01-18 07:44:24,474400,upi,0,0,setl_jrm8iuv8pwnbst,captured
pay_j6s3jto8vmdrsg,order_rotddzkw5hm7cw,2026-01-06 20:53:40,92800,upi,0,0,setl_8zu1ktsnub3qzg,captured
pay_tucylcqy2evsun,order_mcbn8hzx1gxxxp,2026-01-06 20:45:49,94700,card,1894,341,setl_8zu1ktsnub3qzg,captured
pay_f0gt7tsmtfvs6n,order_h7hmqkq9bdd06r,2026-02-13 18:30:53,72400,upi,0,0,setl_9hpnkvdkx29mhx,captured
pay_l669e4imbmn5g7,order_estpvmqyngna3t,2026-01-30 14:36:29,52700,upi,0,0,setl_4sse8tbudyqcih,captured
pay_dhsvxpl2zi2rjp,order_wtu2k3alho426l,2026-02-12 14:48:27,58000,upi,0,0,setl_blfhrgh8cu53a4,captured
pay_1o98bea9a6ri6h,order_rflqq1big5tamx,2026-02-05 16:57:14,78200,upi,0,0,setl_9redif5czb1c2o,captured
pay_cbacxx5sr2y7g7,order_7gm35h7dxakihh,2026-02-28 18:21:45,587900,card,11758,2116,setl_wg96a9tv3603ep,captured
pay_fqczwcxngho8m7,order_qarcy9zwvj1kf5,2026-03-05 13:06:09,99600,upi,0,0,setl_1pprr34her4zyz,captured
pay_5oru16v66rhax9,order_z0jzg9h96nyjng,2026-03-31 17:37:33,57200,netbanking,1087,196,setl_63hjwsjao5sf4p,captured
pay_7s90xcmhgfux9e,order_pl5j38g8jkrivo,2026-02-16 18:00:31,119300,netbanking,2267,408,setl_hyo0coscm1600j,captured
pay_dp0lnv0c1hh124,order_6rotx2x09647rg,2026-01-12 21:24:45,101400,upi,0,0,setl_9ein7jcd4rdl3a,captured
pay_5why8nn6g5wyrd,order_d6ukj04ff9d8fw,2026-01-27 12:03:26,111800,netbanking,2124,382,setl_lmc6qbtpgvhqfs,captured
pay_q0chg4tz4fy5nd,order_63t0yrgpnoanz8,2026-02-26 16:51:07,64600,upi,0,0,setl_t8widn28c970o0,captured
pay_zusufiyiuk2jw6,order_7piwlxxqrs5e16,2026-03-06 07:44:42,32600,upi,0,0,setl_8rcowtf1l5jtt6,captured
pay_9ybp77bgp646eu,order_ad0fin324lauiw,2026-01-20 21:26:34,123500,upi,0,0,setl_i1ppblfh8tj5m7,captured
pay_dbb47xlvdgm0ms,order_pv0dic78qpfu1r,2026-03-25 16:05:23,198100,upi,0,0,setl_d932kldoq526i0,captured
pay_68qkzwcnblww2o,order_gki60thigxrnuf,2026-03-27 15:43:24,87900,card,1758,316,setl_wqkvxto3gxvlu7,captured
pay_d2z9zwwzl5pbtj,order_s4dlfxz51meghx,2026-01-20 16:33:48,51000,upi,0,0,setl_i1ppblfh8tj5m7,captured
pay_s3auqmtdtiywtt,order_fumnr3v3bzah0b,2026-01-16 09:55:46,692300,upi,0,0,setl_jrm8iuv8pwnbst,captured
pay_kjualxqh6tusq6,order_uhfpa1kwx1j9ru,2026-03-13 20:43:25,49800,card,996,179,setl_ob1zbkbpqox76q,captured
pay_rds0m77996ma1s,order_lewlb5ibol0ksg,2026-01-13 17:39:33,134300,upi,0,0,setl_svzb0gabvczqv4,captured
pay_pc4lmb3vc6m6si,order_g6dvyi6peoqsry,2026-01-19 11:05:52,54100,upi,0,0,setl_ckovgkmddyvf20,captured
pay_ei6xxjusqkl76j,order_jv5ai5vmr7tdu8,2026-01-09 13:30:35,563500,upi,0,0,setl_h9o3muublta3bw,captured
pay_dy71dcbv52uny8,order_xs1d5zz2k7gz4y,2026-03-26 20:34:53,54300,netbanking,1032,186,setl_86tilepkwugepq,captured
pay_mnegpp8s22aep1,order_1aqhq56vsp0u2i,2026-01-16 22:58:51,44000,upi,0,0,setl_jrm8iuv8pwnbst,captured
pay_t5vjnvk7ex548h,order_8moymr1trezx6n,2026-01-29 14:02:05,113500,netbanking,2157,388,setl_j502p555prthl8,refunded
pay_fy3q2r4j3a2wqh,order_3xsymxknrgvubs,2026-03-24 10:48:32,59000,upi,0,0,setl_bjuqk7c3un19bl,captured
pay_172m5dofrmhz1a,order_5dbxm1231ucxfz,2026-02-06 17:19:24,126200,upi,0,0,setl_x9629fsv80nszb,captured
pay_z7snx9hyavgsln,order_cls5b7xqy1yqcd,2026-01-07 20:00:06,79600,upi,0,0,setl_jde75ge9flap8q,captured
pay_6v2mr58crr88lj,order_3k9wjeif0yk351,2026-03-05 19:06:23,203600,upi,0,0,setl_1pprr34her4zyz,captured
pay_lv4hm6lnk5lhsu,order_b8nblp31upwm5v,2026-03-03 09:41:10,129500,upi,0,0,setl_s36ohm15574nxh,captured
pay_ju7z6l8pbdhr5l,order_2m3j2cyffgqwl1,2026-02-17 07:17:09,313700,card,6274,1129,setl_9994rz2os2zywh,captured
pay_j8zpaou6z62uvt,order_stdkqw76vzbdlp,2026-03-09 16:04:21,42900,upi,0,0,setl_6qsiife23ixpuu,captured
pay_15wt2ktzp1kzdb,order_86mv7v9x8qnp33,2026-03-11 12:46:07,45700,card,914,165,setl_mi7tt2ol7lcfi6,captured
pay_xi1x8yhbxwzisb,order_mh1t855vq5g70s,2026-02-25 10:01:35,67600,card,1352,243,setl_fjubwhj4nuw113,captured
pay_z87led40h3vq0g,order_ea6xf07jg7bo6a,2026-03-16 18:48:56,94400,upi,0,0,setl_9ziplehvmcpcg3,captured
pay_cv7g7e52o311k4,order_wu0iqmcnfsf5x0,2026-03-12 09:16:52,134900,upi,0,0,setl_pjr716gfgceh8w,captured
pay_ort3yslceyyyw1,order_e70z0i22ojtuuc,2026-02-17 15:21:21,303800,upi,0,0,setl_9994rz2os2zywh,captured
pay_ewd9git9nytkya,order_3tu67aisstzo2v,2026-02-08 06:29:07,97900,upi,0,0,setl_x9629fsv80nszb,captured
pay_73zmajdpyw6efl,order_8o53dnns6tzky2,2026-03-30 16:11:01,76900,netbanking,1461,263,setl_j85ptu7k9no41z,captured
pay_5zhnq5chp9du5y,order_1r1jdt6bxjv0ja,2026-01-22 07:46:57,50300,upi,0,0,setl_olhoefx33wper0,captured
pay_k5pzcipgyktxlc,order_xfbv25gyl57tok,2026-03-28 11:51:00,55300,upi,0,0,setl_wqkvxto3gxvlu7,captured
pay_gnh7320ayqcw7s,order_4abfft9bb3fpoa,2026-03-29 16:32:30,109800,netbanking,2086,375,setl_wqkvxto3gxvlu7,captured
pay_jf9t8dpyiuw3le,order_r0y5h8kzr0kw3w,2026-03-31 06:16:36,93600,upi,0,0,setl_63hjwsjao5sf4p,captured
pay_c1cefce0mgm4tx,order_qg9e9dj3b1pcri,2026-02-26 19:22:16,40700,card,122,22,setl_t8widn28c970o0,captured
pay_9fnuv4biymp4fn,order_9o5mhk9933v3a2,2026-03-06 10:42:56,41400,upi,0,0,setl_8rcowtf1l5jtt6,captured
pay_vd9sgldf0uzolf,order_1lh1n4riex5eaz,2026-01-17 06:42:48,45500,upi,0,0,setl_jrm8iuv8pwnbst,captured
pay_uh7lugupfyeoi5,order_ad1r7vpsxs9a9v,2026-02-26 12:07:40,60400,upi,0,0,setl_t8widn28c970o0,captured
pay_x8gvln8iemndon,order_646z3opnex0ogb,2026-01-15 19:05:15,190600,upi,0,0,setl_grv7k1qff39825,captured
pay_7uc40zcus7p91x,order_b892gutnbdsa9r,2026-03-09 13:42:12,98900,netbanking,1879,338,setl_6qsiife23ixpuu,captured
pay_c6dkpq4jdoer4n,order_kvbzaq4d11hj8j,2026-03-03 21:51:48,72900,upi,0,0,setl_s36ohm15574nxh,captured
pay_xft9g4aee3ywxc,order_j01ib84gziavii,2026-01-16 15:32:52,344700,upi,0,0,setl_jrm8iuv8pwnbst,captured
pay_h1ksu0bwebn3mv,order_a8m4ltdcc7vr35,2026-01-31 21:05:01,64500,card,1290,232,setl_4sse8tbudyqcih,captured
pay_6vmgimegqjnvb2,order_aav96g8nab09mb,2026-01-29 10:33:01,41400,wallet,911,164,setl_j502p555prthl8,captured
pay_ve90o5rlf51r3n,order_ain8xunvh8s7ig,2026-03-01 21:08:03,67100,upi,0,0,setl_wg96a9tv3603ep,captured
pay_p9vwfcjqv77h48,order_eldrkrtwd1ughz,2026-01-18 19:23:14,373000,card,7460,1343,setl_jrm8iuv8pwnbst,captured
pay_owf2am41spqtkg,order_560hglzh6kbj4h,2026-01-29 07:01:44,75200,upi,0,0,setl_j502p555prthl8,captured
pay_0bsrtdrucbmvwd,order_nfddjav3ir5wyv,2026-03-19 21:38:13,361400,upi,0,0,setl_hjydfszyf4rzmu,captured
pay_h9wzaaw0uvxuep,order_eb3d728ixxjq66,2026-01-13 10:29:28,61100,upi,0,0,setl_svzb0gabvczqv4,captured
pay_k8axuqe0gya7sv,order_ngc0tlbfn6d14p,2026-02-02 21:55:24,48600,upi,0,0,setl_l3k3kfcno0zwp9,captured
pay_wpxh42u77k29qu,order_wjpnpzfqutefm0,2026-02-28 13:14:26,346300,upi,0,0,setl_wg96a9tv3603ep,captured
pay_1ffcdjusa3ed8y,order_ln5xjpyb4harnd,2026-03-16 10:24:08,32000,netbanking,608,109,setl_9ziplehvmcpcg3,captured
pay_iolczax254qoud,order_dczton3txvw041,2026-03-29 08:20:04,46700,upi,0,0,setl_wqkvxto3gxvlu7,captured
pay_pomt1ai2dz4xxg,order_vjxd8n9cgtm4zy,2026-03-05 06:38:42,66800,card,1336,240,setl_1pprr34her4zyz,captured
pay_amkp23x0e9vz22,order_4jrp2nw4rmwmef,2026-02-04 17:21:34,61600,upi,0,0,setl_loeej8p0363err,captured
pay_fwzxtqggf2sr95,order_wo1d3ztm0a38ji,2026-03-12 09:51:36,829100,upi,0,0,setl_pjr716gfgceh8w,captured
pay_qii537o3o2kter,order_wvtlosn64si3z9,2026-03-02 20:18:30,61300,upi,0,0,setl_gxt8aimmy71t26,captured
pay_6nnxot8hbm50px,order_xry6teayqhvn1v,2026-01-11 15:04:01,62600,card,1252,225,setl_h9o3muublta3bw,captured
pay_l5ert6zzkbxzc0,order_63c97d1pqgjbeh,2026-02-26 07:14:48,236500,upi,0,0,setl_t8widn28c970o0,captured
pay_gnap3hag1mx540,order_q2vvkoq0j4a45m,2026-02-12 20:50:27,54900,upi,0,0,setl_blfhrgh8cu53a4,captured
pay_34xijy625n3x2q,order_wcwmj9rsjzru94,2026-03-20 17:42:53,106900,card,2138,385,setl_lkgzbjhy4tfgax,captured
pay_kqvb0p9d29qi5w,order_4cd3447bwvt78i,2026-03-02 12:17:33,97000,netbanking,1843,332,setl_gxt8aimmy71t26,captured
pay_kst2r11icnbq32,order_e0a2on2oyzgocy,2026-01-29 20:24:03,104600,upi,0,0,setl_j502p555prthl8,captured
pay_fam7j4ije6kqae,order_0bvrg5jzsr3w9t,2026-03-06 11:14:55,180800,upi,0,0,setl_8rcowtf1l5jtt6,captured
pay_upx1n2zut8rb1x,order_nrnaumiohf7hzf,2026-02-27 14:06:17,32300,upi,0,0,setl_wg96a9tv3603ep,captured
pay_edwzdpmuokvis2,order_s0gzrbei57imsg,2026-03-20 19:51:34,97200,netbanking,1847,332,setl_lkgzbjhy4tfgax,captured
pay_5nlt0esll4h1js,order_6oker1b12d5j4i,2026-03-21 07:14:23,223000,card,4460,803,setl_lkgzbjhy4tfgax,captured
pay_0vkkcbpumd5lr2,order_jzsjwbht0pae71,2026-03-30 21:12:47,121400,upi,0,0,setl_j85ptu7k9no41z,captured
pay_ltik0v876iye7h,order_zoi6ipm2ttjybw,2026-03-25 06:43:38,289100,upi,0,0,setl_d932kldoq526i0,captured
pay_ekliz4wnojq5fx,order_rrb34o1tyk2owx,2026-03-04 17:12:27,174600,upi,0,0,setl_id6lid416qfq61,captured
pay_60f0yxphs0bn5w,order_xb8b7el838s5ww,2026-01-05 06:20:30,40400,upi,0,0,setl_jb4iycka7ebxm4,captured
pay_pgxgkugc6hep6y,order_q3rdmddbifrnia,2026-03-06 20:29:54,248000,upi,0,0,setl_8rcowtf1l5jtt6,captured
pay_ygh78my5ynumbf,order_co7c1gddroies9,2026-03-30 15:21:55,664100,wallet,14610,2630,setl_j85ptu7k9no41z,captured
pay_wsva9h75cuq8p7,order_dklbkifs48qwwf,2026-01-30 20:45:38,223800,upi,0,0,setl_4sse8tbudyqcih,captured
pay_viit86wa3kja2t,order_suyn80vvclm75h,2026-03-03 16:10:41,280500,upi,0,0,setl_s36ohm15574nxh,captured
pay_62x6dhhbucoy6a,order_8etlih52f0t82t,2026-01-23 14:03:25,52100,upi,0,0,setl_pe6faz7kvftyvi,captured
pay_22p1ym1llk1uzz,order_xswqkjhckvvdte,2026-03-20 16:16:44,74000,card,1480,266,setl_lkgzbjhy4tfgax,captured
pay_kv304vxl30p4wv,order_usxtzk1si86aym,2026-01-07 22:43:57,66600,upi,0,0,setl_jde75ge9flap8q,captured
pay_06kl0018kyfslv,order_as9yu866j9dsk1,2026-02-18 08:56:59,64100,netbanking,1218,219,setl_marwnoou4khb0k,captured
pay_27getysuao4zqo,order_hx9opxlpd0gt8a,2026-03-30 22:46:48,72500,upi,0,0,setl_j85ptu7k9no41z,captured
pay_ezotdv8iota3vw,order_2fra9aw36jumnk,2026-01-06 10:41:39,113600,upi,0,0,setl_8zu1ktsnub3qzg,captured
pay_rouzmohl80wiab,order_ts1s3q3z64bleq,2026-01-27 12:25:37,53400,upi,0,0,setl_lmc6qbtpgvhqfs,captured
pay_0h8327l7xkxmj5,order_jtsf75rvm9wdze,2026-02-24 21:18:00,60300,upi,0,0,setl_dlrkavuq1t51a1,captured
pay_6fxojf4lzlyfdo,order_lx16ftbfkraksd,2026-01-18 16:13:19,56000,card,1120,202,setl_jrm8iuv8pwnbst,captured
pay_topp6mdemxd1h2,order_93bikxs2wuzoy2,2026-03-06 21:41:47,64000,card,1280,230,setl_8rcowtf1l5jtt6,captured
pay_1kqxyyyzy6y89i,order_gfh0ebnsrw7a7p,2026-02-04 14:42:27,205000,upi,0,0,setl_loeej8p0363err,captured
pay_74hqsgmpdglojd,order_mddt0algvayitz,2026-02-10 14:31:13,71900,upi,0,0,setl_ex4ek002gc2r1u,captured
pay_wbfmvbwysdmf48,order_vhrbzrxg4b0zf2,2026-01-31 16:11:33,314400,card,6288,1132,setl_4sse8tbudyqcih,captured
pay_jxspe3twjcau1t,order_343hfpgb0dcrv3,2026-01-08 09:36:45,69700,upi,0,0,setl_xx3zh6x38f6k9i,captured
pay_9ik2yjsz9v33fe,order_l2ceycz6wb5ixo,2026-02-09 15:27:57,73500,upi,0,0,setl_s4l1ku1vti53ru,captured
pay_c0rqaxhy7tc98s,order_j36w0nz2fby7i5,2026-03-16 16:04:47,146500,card,2930,527,setl_9ziplehvmcpcg3,captured
pay_b0al2x7or2xn33,order_2dw7ixnv6bm5t0,2026-01-22 19:52:36,109700,upi,0,0,setl_olhoefx33wper0,captured
pay_6bgmcbm67xbieo,order_xaj3ur9yhqrrsf,2026-02-18 18:27:45,52200,upi,0,0,setl_marwnoou4khb0k,captured
pay_a9wrwvm2nj2tet,order_oeg8315rdrpjmm,2026-01-06 17:57:44,138600,upi,0,0,setl_8zu1ktsnub3qzg,captured
pay_gh0zia1008grfr,order_siyvh2camkij0p,2026-01-30 16:29:52,116400,upi,0,0,setl_4sse8tbudyqcih,captured
pay_kbfaid2sep4j7g,order_hdbcfkuisehm76,2026-03-19 15:27:21,140400,wallet,3089,556,setl_hjydfszyf4rzmu,captured
pay_odibdshs9eaq1x,order_22ud39nortiw3u,2026-02-05 22:54:02,55600,upi,0,0,setl_9redif5czb1c2o,captured
pay_16kw79gul6vbdy,order_kcebrkk59ld8jn,2026-01-14 17:11:09,257600,upi,0,0,setl_opdcf6j5wixc2v,captured
pay_ofp53obc5qkj4c,order_pg7rj5lhnt3w8j,2026-02-13 09:43:27,59700,wallet,1313,236,setl_9hpnkvdkx29mhx,captured
pay_8nskv7jacbirgq,order_iyi7cisiqnfz3n,2026-02-26 20:48:14,37100,upi,0,0,setl_t8widn28c970o0,captured
pay_hweabotfzpchha,order_qu2ne0yqtgnef6,2026-02-09 21:14:43,171500,card,3430,617,setl_s4l1ku1vti53ru,captured
pay_wf1jcl6sscwsvs,order_l522upla0gweg4,2026-02-06 08:45:17,321100,card,6422,1156,setl_x9629fsv80nszb,captured
pay_6wtyjxyfulh9ta,order_1sll4j58rzam29,2026-03-11 07:49:06,147200,upi,0,0,setl_mi7tt2ol7lcfi6,captured
pay_426e3y6fvkonrq,order_9fgttv51a9qm99,2026-02-08 07:41:32,331400,netbanking,6297,1133,setl_x9629fsv80nszb,captured
pay_48tsc781xot9zf,order_k6z3oi9hrsk2cy,2026-03-10 08:18:36,51300,card,1026,185,setl_cy02355rxf3dgx,captured
pay_8zhyns46h3q4is,order_n0qz3mhm5tcare,2026-01-06 18:26:28,247200,netbanking,4697,845,setl_8zu1ktsnub3qzg,captured
pay_ydcatv8k0zqy3z,order_42tgkrkjhdatwn,2026-03-15 22:23:58,131300,upi,0,0,setl_ob1zbkbpqox76q,captured
pay_tej3rxk1ilocyn,order_bohj3hl9lhclbn,2026-03-06 09:17:53,166800,upi,0,0,setl_8rcowtf1l5jtt6,captured
pay_kxo32gtdk4a97z,order_o1rd4bi2sro3un,2026-03-29 17:04:08,32400,upi,0,0,setl_wqkvxto3gxvlu7,captured
pay_lwr5etcul3qmos,order_jmttiz4ujq5ibt,2026-03-11 10:08:30,73700,upi,0,0,setl_mi7tt2ol7lcfi6,captured
pay_56k6vaojhn1wrn,order_u5psx3itofzm3g,2026-03-28 22:48:35,99300,netbanking,1887,340,setl_wqkvxto3gxvlu7,captured
pay_il3ujse6gm70pw,order_x6z753066dhc14,2026-03-03 14:56:24,194500,upi,0,0,setl_s36ohm15574nxh,captured
pay_ubkihz6frzknm3,order_6cwdaa56pfjxmt,2026-03-14 12:37:40,147100,upi,0,0,setl_ob1zbkbpqox76q,captured
pay_i2hpls3l0dkbx5,order_rgkk2ijekrgoi4,2026-01-14 09:19:47,66200,card,1324,238,setl_opdcf6j5wixc2v,captured
pay_31majjc8yj4bhu,order_4skbi5nqgfkria,2026-02-15 15:55:06,581900,card,11638,2095,setl_9hpnkvdkx29mhx,captured
pay_0atzvmguzbp68r,order_2afke0pdnrqnxo,2026-02-02 09:45:02,70800,netbanking,1345,242,setl_l3k3kfcno0zwp9,captured
pay_sq91t9yb62fi3f,order_30t79st4531zi5,2026-03-17 19:59:33,141100,upi,0,0,setl_nf76s64rcbd6hk,captured
pay_88d17alobw94ox,order_u58aslzfqf55ds,2026-01-27 09:05:17,256500,upi,0,0,setl_lmc6qbtpgvhqfs,captured
pay_rjhmupslh7rgk9,order_bd1l8gcry8fmwx,2026-02-10 19:18:26,104100,upi,0,0,setl_ex4ek002gc2r1u,captured
pay_c1sr1s70dxbwtw,order_jb4xa7l03r4hg5,2026-03-23 12:28:50,67800,netbanking,1288,232,setl_ihlz60xnvw9v27,captured
pay_z5w48664865psq,order_v8xxgf4hqlivis,2026-02-13 08:27:50,46500,wallet,1023,184,setl_9hpnkvdkx29mhx,captured
pay_g66v7pgerd7abx,order_cqdq1cp1ez8dr2,2026-03-24 09:08:14,85300,netbanking,1621,292,setl_bjuqk7c3un19bl,captured
pay_qgtjxvye22zgqp,order_vt8lnyb2o06crc,2026-02-27 13:15:41,668700,upi,0,0,setl_wg96a9tv3603ep,captured
pay_w5mt3qqu7oid6k,order_0stib651eno4q8,2026-02-03 13:20:58,95000,upi,0,0,setl_cb3atkunlhj9mi,captured
pay_69a8wskmyxyxyv,order_4huiprmz58v0q2,2026-02-24 12:13:15,74000,upi,0,0,setl_dlrkavuq1t51a1,captured
pay_46lfyutfwek03q,order_8geyvryarm4gy7,2026-01-30 06:56:51,308300,upi,0,0,setl_4sse8tbudyqcih,captured
pay_f479f9tmototrm,order_hfe6eij6cbza1z,2026-01-22 15:35:12,96000,card,1456,262,setl_olhoefx33wper0,captured
pay_rr4ji0iee74zg8,order_bmoiu9h787bg23,2026-01-01 20:15:57,460000,upi,0,0,setl_2lzlm5imf0kd5q,captured
pay_mah2kx06ib1rlh,order_9w7wfuqir3aehs,2026-01-03 15:54:12,70200,card,1404,253,setl_wepzs7szuqc9f6,captured
pay_77xrnu3wveu888,order_gm2xmtnxo4rzy5,2026-01-28 14:38:03,79100,upi,0,0,setl_nxu2v0awbwkxj5,captured
pay_64239frtnh2oza,order_juk12m5kvm3yt0,2026-01-21 14:23:34,35100,netbanking,667,120,setl_7u76rb7en0399o,captured
pay_4ivsebepdw8u3l,order_25rvuwtuue4b95,2026-03-01 19:03:16,310600,card,6212,1118,setl_wg96a9tv3603ep,captured
pay_nac8qgqqvk8zr0,order_x0tkcihtamihkq,2026-03-29 11:32:04,102600,upi,0,0,setl_wqkvxto3gxvlu7,captured
pay_pnnw61izw5lqd8,order_vuz6i14hrrs6p1,2026-01-27 15:01:46,280800,card,5616,1011,setl_lmc6qbtpgvhqfs,captured
pay_3hyf89vwj6qgpd,order_g0yu9h2pb90ni8,2026-02-19 20:26:50,47500,upi,0,0,setl_57dkr8we1ld4hf,captured
pay_6z5pgsu35cto50,order_vaw2dz0toh9iyo,2026-03-21 10:56:15,277100,netbanking,5265,948,setl_lkgzbjhy4tfgax,captured
pay_zq4ndm99ubpzzd,order_t8nvmdrexc9lgk,2026-02-20 16:02:49,866600,upi,0,0,setl_qal9h36vfum300,captured
pay_s36x24wz46hbih,order_31izim0u19jjbf,2026-03-02 21:34:32,130900,card,2618,471,setl_gxt8aimmy71t26,captured
pay_x7f997usrlp2yc,order_u2okja9u2h85ha,2026-03-31 17:55:18,656400,wallet,14441,2599,setl_63hjwsjao5sf4p,captured
pay_ohg56juxx6yvqk,order_qt3ehkie1z7c5y,2026-01-29 19:15:45,30200,netbanking,574,103,setl_j502p555prthl8,captured
pay_lqogy1w56lwkcm,order_qocmawpkn477fe,2026-02-03 14:05:11,79500,upi,0,0,setl_cb3atkunlhj9mi,captured
pay_yorf2x3cl1xwly,order_ktjm61987ngjtv,2026-01-28 13:52:05,95100,upi,0,0,setl_nxu2v0awbwkxj5,captured
pay_aysl8bew30rice,order_866k31d0d4xvoe,2026-01-27 19:30:26,99600,upi,0,0,setl_lmc6qbtpgvhqfs,captured
pay_f9w1bqbhkzvgep,order_vrpfj9ii8v1qvw,2026-03-05 16:25:15,49800,upi,0,0,setl_1pprr34her4zyz,captured
pay_x59lvad2486s3l,order_t25uquzd9c2k4d,2026-02-12 10:07:29,120800,upi,0,0,setl_blfhrgh8cu53a4,captured
pay_8qet0xuchd4qmj,order_bvt45t1r185vul,2026-02-27 13:06:36,58200,card,1164,210,setl_wg96a9tv3603ep,captured
pay_7qeo74p7rh6wcz,order_sxaqbahpuve9zy,2026-03-01 21:15:30,131500,wallet,2893,521,setl_wg96a9tv3603ep,captured
pay_lrcyd04398j9e6,order_8zn7l10km8kam0,2026-03-30 10:18:03,292800,upi,0,0,setl_j85ptu7k9no41z,captured
pay_you3tq76gf8eaf,order_ggfx3gutl5ckq9,2026-02-04 10:01:09,69200,card,1384,249,setl_loeej8p0363err,captured
pay_ec21pnh6id6xvz,order_aoaugofuqtv0iw,2026-02-05 22:11:06,131800,upi,0,0,setl_9redif5czb1c2o,captured
pay_6ddfl49lvralzm,order_8thh2vqcb8jpoz,2026-02-04 18:01:05,134000,wallet,2948,531,setl_loeej8p0363err,captured
pay_i5ecwcg41eodwh,order_tfoxb41ais6hdr,2026-03-01 06:25:32,141400,upi,0,0,setl_wg96a9tv3603ep,captured
pay_uk87yiblj9z6uu,order_hfuuzmbq9zkj4m,2026-02-03 07:21:19,808600,card,16172,2911,setl_cb3atkunlhj9mi,captured
pay_u5q54t90bqpklv,order_ei633u84n7q7gc,2026-02-26 09:36:24,93400,upi,0,0,setl_t8widn28c970o0,captured
pay_1e26rr2vrmuugl,order_r72fqd6auybtoo,2026-02-27 22:10:15,134600,upi,0,0,setl_wg96a9tv3603ep,captured
pay_mh8c92mwrzzfxb,order_4ah999xzvbcbqs,2026-03-28 15:30:46,69500,upi,0,0,setl_wqkvxto3gxvlu7,captured
pay_4glefuoesi7j70,order_2e963zkfqgvyad,2026-03-30 08:15:03,210600,upi,0,0,setl_j85ptu7k9no41z,captured
pay_c6bh46tsm2iozt,order_1x84wvj36afa2r,2026-02-22 16:47:12,47300,upi,0,0,setl_qal9h36vfum300,captured
pay_mwqigqvkd7ixbt,order_7jo0v3c2qsygaz,2026-02-10 22:32:53,87600,upi,0,0,setl_ex4ek002gc2r1u,captured
pay_mlw82iy80a6nfp,order_5sv0gq4ico0rtu,2026-03-31 12:29:43,36100,card,722,130,setl_63hjwsjao5sf4p,captured
pay_hukfxs0tp6xdv0,order_izt4139gaknrgq,2026-03-01 10:51:04,54900,wallet,1208,217,setl_wg96a9tv3603ep,captured
pay_sw5uo1nezbrxyj,order_y0zgxb4eg06dw2,2026-01-30 21:09:55,98600,upi,0,0,setl_4sse8tbudyqcih,captured
pay_rgolpkf5u4qduc,order_0rkykzpq5qxhwi,2026-01-20 19:23:35,142200,upi,0,0,setl_i1ppblfh8tj5m7,captured
pay_yqrgbk4yjzg11c,order_hc70s2gmkvegly,2026-03-14 08:55:52,72300,upi,0,0,setl_ob1zbkbpqox76q,captured
pay_0rii5ifpqt6ei1,order_fu6k12qmbcdjul,2026-03-24 19:22:44,87000,upi,0,0,setl_bjuqk7c3un19bl,captured
pay_zvmm4rmqxxcvt2,order_ck2c8ycqwtswmr,2026-02-11 12:53:58,284400,upi,0,0,setl_owvw9a3grfow7z,captured
pay_o14v6ae3uu8n5v,order_f30e6b581m3c2x,2026-02-07 08:08:36,38200,card,764,138,setl_x9629fsv80nszb,captured
pay_ia4t8254zo2rs3,order_tlxw7keom4k7pt,2026-01-12 10:57:02,72400,upi,0,0,setl_9ein7jcd4rdl3a,captured
pay_o9oj40l7acatbj,order_yoqmoeetbdcue3,2026-02-26 20:28:00,133900,upi,0,0,setl_t8widn28c970o0,captured
pay_e5p3qkrpw36vx6,order_4fw6jc7db454ly,2026-02-21 21:55:39,261700,upi,0,0,setl_qal9h36vfum300,captured
pay_cdb6xzd2iw9ms6,order_4ghnc9q6rzvrve,2026-01-02 08:38:08,76600,card,1532,276,setl_wepzs7szuqc9f6,captured
pay_abl3rpo47qi9od,order_y4l4lwtetl225q,2026-02-24 19:40:00,60400,upi,0,0,setl_dlrkavuq1t51a1,captured
pay_h7ux1f9oa5gu3n,order_otgbe5fmtbj1z6,2026-03-30 15:48:04,89200,upi,0,0,setl_j85ptu7k9no41z,captured
pay_5cyotkf4v5ioyf,order_8idxm4nkuopmwa,2026-03-02 14:54:44,45500,upi,0,0,setl_gxt8aimmy71t26,captured
pay_ygxizivm98us47,order_xom581pqj8dwtv,2026-01-25 12:57:58,75800,card,1516,273,setl_pe6faz7kvftyvi,captured
pay_j2al4e35ger7dx,order_9s9cavkalvo95o,2026-03-29 18:01:19,43500,upi,0,0,setl_wqkvxto3gxvlu7,captured
pay_cz0juzhaie42e7,order_a3asnlf4hdoo5o,2026-01-03 12:17:42,115100,upi,0,0,setl_wepzs7szuqc9f6,captured
pay_ih03py0tase2lt,order_5br63mgr50hnpd,2026-01-30 12:20:34,48800,upi,0,0,setl_4sse8tbudyqcih,captured
pay_xetpavg7tmey94,order_hxlv70rmsmdm9f,2026-02-27 14:35:29,85800,card,1716,309,setl_wg96a9tv3603ep,captured
pay_accty73crqja86,order_jotqlnv4wpej7e,2026-03-17 12:06:44,226700,upi,0,0,setl_nf76s64rcbd6hk,captured
pay_fs8zhxainjeequ,order_95pzmm480kw8pc,2026-03-29 16:45:55,67400,upi,0,0,setl_wqkvxto3gxvlu7,captured
pay_davz42mhwn6uw7,order_dec8vxqa4d2ze5,2026-01-16 08:06:55,96300,netbanking,1830,329,setl_jrm8iuv8pwnbst,captured
pay_gzd1bcyc0ji5cf,order_18tzm6gda82w5m,2026-03-27 18:35:21,68600,netbanking,1303,235,setl_wqkvxto3gxvlu7,captured
pay_gqn9pikq15d03w,order_uj8vvkg1hdi8pj,2026-03-14 08:14:31,251600,upi,0,0,setl_ob1zbkbpqox76q,captured
pay_wxtv3sbmrwhpl3,order_tha3zy13uoatpi,2026-03-24 06:01:40,62300,wallet,1371,247,setl_bjuqk7c3un19bl,captured
pay_nhbw9e3n6gi4hc,order_frdeymijoqj2ag,2026-01-11 22:28:46,57100,upi,0,0,setl_h9o3muublta3bw,captured
pay_3err2c0ippjbvi,order_fpz2dr97khyczu,2026-01-09 22:36:02,38700,card,774,139,setl_h9o3muublta3bw,captured
pay_wmvk9q2dnbv8of,order_1z1pc1nq7022un,2026-02-07 13:40:39,110100,upi,0,0,setl_x9629fsv80nszb,captured
pay_upw06rnezocx2k,order_27c3psdkhwa1dr,2026-02-21 16:03:55,137700,upi,0,0,setl_qal9h36vfum300,captured
pay_pirfiw62u2isro,order_mtnvzznhfovkjg,2026-01-08 21:39:23,357400,upi,0,0,setl_xx3zh6x38f6k9i,captured
pay_1y34mepdpfmw2j,order_6zegmm4sl87rwu,2026-03-26 19:51:15,130200,upi,0,0,setl_86tilepkwugepq,captured
pay_oljjratqtd4tm4,order_ndtyombfbqtebl,2026-03-14 06:45:33,55800,upi,0,0,setl_ob1zbkbpqox76q,captured
pay_bn4euhv68cl0ij,order_0a9re98mu3jg1c,2026-03-15 18:55:28,38800,upi,0,0,setl_ob1zbkbpqox76q,captured
pay_744nuty5glc8tt,order_uot4gji0zfwec1,2026-03-11 06:37:35,857500,upi,0,0,setl_mi7tt2ol7lcfi6,captured
pay_9t4o3mxg1krbzv,order_ij0f71se1ivu3x,2026-03-26 20:47:30,150400,card,3008,541,setl_86tilepkwugepq,captured
pay_092xwd2rqksljl,order_f7l3ya93a0rdbt,2026-02-10 19:28:18,33400,upi,0,0,setl_ex4ek002gc2r1u,captured
pay_s3kmbppunnvgly,order_zf83ywxeloycq5,2026-02-16 20:47:59,43500,upi,0,0,setl_hyo0coscm1600j,captured
pay_q4gy9yb1cfzh3f,order_5dzei2x6aj7pr9,2026-03-26 20:40:49,254000,netbanking,4826,869,setl_86tilepkwugepq,captured
pay_m2apws86h78sex,order_v437tsao9tkpej,2026-01-31 19:54:26,75900,upi,0,0,setl_4sse8tbudyqcih,captured
pay_ise8dceme8eoym,order_x4bnj9d8hhzdxo,2026-01-12 12:54:07,413700,upi,0,0,setl_9ein7jcd4rdl3a,captured
pay_qsu0etth97tphq,order_kvwpos6etlmxoo,2026-01-08 20:28:51,62100,netbanking,1180,212,setl_xx3zh6x38f6k9i,captured
pay_2gru2o07luh16f,order_xttk5bg8vhya5o,2026-01-05 14:17:40,41400,upi,0,0,setl_jb4iycka7ebxm4,captured
pay_j26dc3zo3ae128,order_jjczl00updfnke,2026-01-01 16:41:41,98400,upi,0,0,setl_2lzlm5imf0kd5q,captured
pay_w3joa3yq8rx7f5,order_l2h5vjfwfmjcyn,2026-02-26 08:04:43,219500,upi,0,0,setl_t8widn28c970o0,captured
pay_snqhle44j5lxcr,order_axff3uuzdfdopt,2026-01-25 08:57:14,89800,upi,0,0,setl_pe6faz7kvftyvi,captured
pay_pddddflvjv0jdj,order_xpdp3m37p4f7lx,2026-03-27 08:51:46,868700,card,17896,3221,setl_wqkvxto3gxvlu7,captured
pay_jvo0ysb5kupu1i,order_rkjhkgj81myed6,2026-01-10 21:09:00,322300,upi,0,0,setl_h9o3muublta3bw,captured
pay_f3tw6tithd24up,order_5b9staw6yt6kdt,2026-01-09 10:02:55,223300,upi,0,0,setl_h9o3muublta3bw,captured
pay_jfiwslt7zs4mu1,order_2e3d5b1mywj818,2026-01-27 12:26:43,128200,upi,0,0,setl_lmc6qbtpgvhqfs,captured
pay_9s9pkraakt13st,order_eaohrowvdivztb,2026-01-30 07:23:54,91900,card,1838,331,setl_4sse8tbudyqcih,captured
pay_5ta667fb4tvkz4,order_ljvsdz8jfpfzba,2026-03-31 11:06:13,116000,upi,0,0,setl_63hjwsjao5sf4p,captured
pay_x3ecrlm365qjuj,order_fcyt9xp2myvhvq,2026-03-02 11:45:05,61900,upi,0,0,setl_gxt8aimmy71t26,captured
pay_xvc0usdh77cp4w,order_7qe0vqxfapfdxs,2026-02-25 16:17:00,311700,upi,0,0,setl_fjubwhj4nuw113,captured
pay_538s0cvt3b1mlu,order_jel3eu8lej6ayg,2026-02-17 08:46:27,30100,upi,0,0,setl_9994rz2os2zywh,captured
pay_hl65ha4wii16iv,order_3tljomjubrmzp6,2026-01-07 16:12:34,107900,upi,0,0,setl_jde75ge9flap8q,captured
pay_evydno2bm8y5g1,order_j3tuqe52rvyl4i,2026-02-09 09:30:29,60000,upi,0,0,setl_s4l1ku1vti53ru,captured
pay_iv2m2iaautadp1,order_qp75mfbhblabax,2026-01-22 16:42:13,50100,upi,0,0,setl_olhoefx33wper0,captured
pay_e5ylhuxcb4t3yy,order_9g38mdmjseb4s6,2026-01-21 10:47:26,73700,upi,0,0,setl_7u76rb7en0399o,captured
pay_mvj6x35gigqsxf,order_8ot24xbqyzob2t,2026-01-31 12:31:47,898100,upi,0,0,setl_4sse8tbudyqcih,captured
pay_7usxbp2mbnwgjx,order_0hlh0ayjd4ac77,2026-02-14 20:57:04,219300,upi,0,0,setl_9hpnkvdkx29mhx,captured
pay_81qhl16brzhdys,order_q1wcen1ssu1ts7,2026-03-10 10:17:16,73500,card,1470,265,setl_cy02355rxf3dgx,captured
pay_1wiuxk1n3ly9ln,order_2ito39kpo86pft,2026-03-16 06:50:07,61800,upi,0,0,setl_9ziplehvmcpcg3,captured
pay_lwwr0t172ljd56,order_lhqqz170jmw6ig,2026-01-01 19:51:15,70200,upi,0,0,setl_2lzlm5imf0kd5q,captured
pay_e5yv7p6zslt5s2,order_v79wdhn1whjydb,2026-02-13 08:08:17,42200,upi,0,0,setl_9hpnkvdkx29mhx,captured
pay_ib40u8klffy62c,order_87ou68cjtz14hc,2026-02-03 19:08:59,42400,card,848,153,setl_cb3atkunlhj9mi,captured
pay_v4dxx5hp0pa55e,order_p6tn1duoc6ad0n,2026-01-25 09:06:32,39400,card,788,142,setl_pe6faz7kvftyvi,captured
pay_3kquqt4wzn74xy,order_waw2wq33l37686,2026-01-09 12:26:08,332600,netbanking,6319,1137,setl_h9o3muublta3bw,captured
pay_r0m7p6rxlzjb1b,order_jebrtacxw282m9,2026-02-16 15:31:24,47800,upi,0,0,setl_hyo0coscm1600j,captured
pay_61z227dyhrdzca,order_kan74s75c2lxq4,2026-01-29 17:41:56,48300,upi,0,0,setl_j502p555prthl8,captured
pay_x3ebsgsvpjycz1,order_xeqifgh0t9owuz,2026-02-15 11:51:58,150300,upi,0,0,setl_9hpnkvdkx29mhx,captured
pay_lk29efxofkdo0m,order_vea2ukwu8wigi8,2026-03-07 17:10:23,35000,upi,0,0,setl_8rcowtf1l5jtt6,captured
pay_g014e2xvqgnub7,order_bw9eda44zutxe1,2026-03-26 19:54:55,84700,card,1694,305,setl_86tilepkwugepq,captured
pay_tkem2vu4obr7fl,order_ziwkeizw40h5xw,2026-03-11 18:45:11,310800,upi,0,0,setl_mi7tt2ol7lcfi6,captured
pay_m2ymkk7t1g1hg2,order_rk3oj3xduu4ax0,2026-03-29 12:43:15,75700,upi,0,0,setl_wqkvxto3gxvlu7,captured
pay_56aw7u3sxg551t,order_gdn4iocayafqzt,2026-01-02 22:47:09,73500,upi,0,0,setl_wepzs7szuqc9f6,captured
pay_6ljazvkhcqz13c,order_ai5urtt543iqcw,2026-03-18 17:15:33,75000,upi,0,0,setl_i779xkgycurgiw,captured
pay_cm7ju3t07pnhi7,order_0zex0ys6qoyvkl,2026-03-12 22:56:05,188400,upi,0,0,setl_pjr716gfgceh8w,captured
pay_v7ze3439buvwk6,order_rerms1lj4xvnqz,2026-03-06 14:49:11,71100,card,1422,256,setl_8rcowtf1l5jtt6,captured
pay_xygpm6vikwqllx,order_40sv6eit7q2qzv,2026-01-27 08:51:22,62900,wallet,1384,249,setl_lmc6qbtpgvhqfs,captured
pay_830zjr7iwn05i8,order_hs16kvvb3fwvqa,2026-02-01 16:16:57,50700,wallet,1115,201,setl_4sse8tbudyqcih,captured
pay_gccds45jit1d5p,order_ruxh2q7pp5hsa3,2026-01-23 20:22:49,65100,upi,0,0,setl_pe6faz7kvftyvi,captured
pay_2wbtht6e7kiywt,order_a6pes8bpugdnlu,2026-02-28 14:23:20,31000,wallet,682,123,setl_wg96a9tv3603ep,captured
pay_e15quh8lj35soa,order_okjocbf1vqhjtq,2026-03-26 16:34:19,65900,upi,0,0,setl_86tilepkwugepq,captured
pay_4rbf8t8wfd2r8f,order_26ukdxywq5hwpe,2026-03-19 07:20:31,53600,upi,0,0,setl_hjydfszyf4rzmu,captured
pay_8tdqb9t38059cc,order_p4rrqa3ekzus77,2026-03-12 18:09:17,716000,upi,0,0,setl_pjr716gfgceh8w,captured
pay_tof2oo1m3ztlg0,order_k01ebqkxw9njdu,2026-03-30 08:31:56,39900,card,798,144,setl_j85ptu7k9no41z,captured
pay_ydan1ziwss72gw,order_3rqf7z97yyhjmp,2026-02-18 17:25:18,38900,upi,0,0,setl_marwnoou4khb0k,captured
pay_rdgodpqt03ng6f,order_8o9f6ml6qu0rxw,2026-03-10 06:38:05,75300,upi,0,0,setl_cy02355rxf3dgx,captured
pay_w17zoyd7c1biqj,order_x0xhkwp5ywu8i7,2026-03-22 09:38:58,79600,netbanking,1512,272,setl_lkgzbjhy4tfgax,captured
pay_id7g533cvk123h,order_52naqic0cvx3zq,2026-01-22 20:58:12,149200,upi,0,0,setl_olhoefx33wper0,captured
pay_8a3yq050wf158l,order_1uhgefve4taliv,2026-02-20 21:21:04,45800,upi,0,0,setl_qal9h36vfum300,captured
pay_5crdpmfa5k7y02,order_tkk8ge6ypd4ub8,2026-01-01 21:47:54,303800,upi,0,0,setl_2lzlm5imf0kd5q,captured
pay_fvbxkmufzmck44,order_k9p0ywmc7607x8,2026-01-28 08:20:35,103400,card,2068,372,setl_nxu2v0awbwkxj5,captured
pay_vmk3zdqbxforog,order_h1vjiseeyrx18r,2026-02-17 11:28:49,43400,upi,0,0,setl_9994rz2os2zywh,captured
pay_p5y3n23snzx3ot,order_w9iz4uwoneft5e,2026-02-25 17:00:12,91700,upi,0,0,setl_fjubwhj4nuw113,captured
pay_y9r93jdhdtrgky,order_ifdoxwxu0ntd0r,2026-02-17 17:16:05,67800,upi,0,0,setl_9994rz2os2zywh,captured
pay_6v1pzpv6g9oczm,order_xbltarxlw00yij,2026-03-09 15:15:49,43800,upi,0,0,setl_6qsiife23ixpuu,captured
pay_pliidx0mjr8y9p,order_a9ncp21f0fhh4f,2026-03-14 11:41:07,122800,card,2456,442,setl_ob1zbkbpqox76q,captured
pay_95xvof3vqh6ki6,order_vwnvozqm4szrbm,2026-01-27 09:36:09,43800,card,876,158,setl_lmc6qbtpgvhqfs,captured
pay_2oyith5xy4ktqa,order_82t0a2mm9qkbpz,2026-03-24 16:04:34,46400,upi,0,0,setl_bjuqk7c3un19bl,captured
pay_5zhx40jbi6l0vp,order_ew2nvuiim8fotm,2026-01-03 08:37:36,81300,upi,0,0,setl_wepzs7szuqc9f6,captured
pay_tk13w5doz6b61n,order_07i5zkcohtyg7q,2026-01-26 07:58:50,90300,card,1806,325,setl_r7od0iq6cc73mp,captured
pay_avlr61d9ghr1uz,order_i5v97a8h9de9cp,2026-01-14 10:59:11,37200,wallet,818,147,setl_opdcf6j5wixc2v,captured
pay_5wefvdh0hek9rc,order_tz6x00rcz0k55c,2026-01-29 11:16:26,38600,upi,0,0,setl_j502p555prthl8,captured
pay_7a7ix8bb5602jz,order_b0tqhsmpy81qne,2026-01-02 20:20:50,38200,card,764,138,setl_wepzs7szuqc9f6,captured
pay_hfidm0wj0f5vl2,order_deycdx3b6n2ief,2026-02-20 15:07:35,182000,upi,0,0,setl_qal9h36vfum300,refunded
pay_4755nin1mmdwb8,order_ve8cv41xdj6ayr,2026-01-30 09:09:16,122500,card,2450,441,setl_4sse8tbudyqcih,captured
pay_zyr76tn5mgbxyx,order_05o0f6xueyyh1o,2026-03-06 11:07:19,89900,netbanking,1708,307,setl_8rcowtf1l5jtt6,captured
pay_jjpx1ynv33ql7i,order_qkavntmqtu07r7,2026-03-11 09:53:58,62700,upi,0,0,setl_mi7tt2ol7lcfi6,captured
pay_xrrpk3enhk6pcy,order_c21tydc0ifxhb0,2026-01-24 11:57:24,144100,card,2882,519,setl_pe6faz7kvftyvi,captured
pay_yjhc40ufcq3qy9,order_5l60mqurafja8h,2026-01-06 14:30:09,107500,upi,0,0,setl_8zu1ktsnub3qzg,captured
pay_6nc3gourj1n2z3,order_ekjv9tskugj3fk,2026-03-17 10:01:42,276600,card,5532,996,setl_nf76s64rcbd6hk,captured
pay_m5v3vh1di9xg01,order_hydn4jen4xqb07,2026-02-18 13:30:20,96500,upi,0,0,setl_marwnoou4khb0k,captured
pay_nyndtlxmtgi54r,order_pyh77yq95vrifs,2026-02-07 08:32:36,273400,upi,0,0,setl_x9629fsv80nszb,captured
pay_ctxk0xgzmrywvs,order_o6jfwklygu4th9,2026-03-12 10:15:04,45500,upi,0,0,setl_pjr716gfgceh8w,captured
pay_p9f7wsyox86mzj,order_vo7ldeq8dyv8l3,2026-02-11 14:53:22,67600,upi,0,0,setl_owvw9a3grfow7z,captured
pay_b80crf0fejw42e,order_mf6dq24deekvzo,2026-01-31 07:29:12,398300,upi,0,0,setl_4sse8tbudyqcih,captured
pay_x3rl73qg25mom7,order_ws2neb3x3dl4wg,2026-03-13 07:28:59,146400,wallet,3221,580,setl_ob1zbkbpqox76q,captured
pay_go6jf3snbnkk05,order_ez93o3r4q4ap44,2026-03-07 06:10:22,130500,card,2610,470,setl_8rcowtf1l5jtt6,captured
pay_t3wi0ysdm4yzw7,order_ladpjflejp4fr4,2026-03-09 20:46:48,91400,upi,0,0,setl_6qsiife23ixpuu,captured
pay_powid8qznkjex7,order_fryv4zfhsv1nkp,2026-01-26 20:28:00,41300,card,826,149,setl_r7od0iq6cc73mp,captured
pay_5rwxf9okzjw24s,order_gvfrzb1r6b0n6a,2026-01-05 11:09:48,143200,upi,0,0,setl_jb4iycka7ebxm4,refunded
pay_ljvgjdugroeih9,order_cc4be7an92xgu6,2026-03-20 19:49:36,59100,upi,0,0,setl_lkgzbjhy4tfgax,captured
pay_gepbph967sdnm5,order_itpywvfvacluw8,2026-02-04 17:58:34,35300,card,706,127,setl_loeej8p0363err,captured
pay_l8lla3uyimp1ze,order_d6ql2wb71jw7if,2026-01-11 14:19:44,92400,card,1848,333,setl_h9o3muublta3bw,captured
pay_oq4ign61ghemur,order_8ryrjo1yt7t23a,2026-02-18 22:46:43,67300,card,1346,242,setl_marwnoou4khb0k,captured
pay_sa59a0tjcy9l7k,order_b6pjjcxdfsi8dp,2026-02-05 14:21:06,65600,upi,0,0,setl_9redif5czb1c2o,captured
pay_4jzkntl5n3yc6z,order_d87ybxg5lwuvss,2026-02-28 22:27:55,84100,upi,0,0,setl_wg96a9tv3603ep,captured
pay_43y2ndym62ye9l,order_a6e4ftkcyn4sfx,2026-01-08 13:10:53,121900,netbanking,2316,417,setl_xx3zh6x38f6k9i,captured
pay_xhlaz8e0e430ri,order_r7y04z8dvtqsbb,2026-01-13 12:18:55,107000,wallet,2354,424,setl_svzb0gabvczqv4,captured
pay_sudhtisxvszofu,order_iogivcyelvsj2n,2026-02-14 11:25:38,57800,wallet,1272,229,setl_9hpnkvdkx29mhx,captured
pay_7pbv7hi3f6jdyq,order_wp2oylpxiur0lr,2026-01-18 20:01:35,98200,upi,0,0,setl_jrm8iuv8pwnbst,captured
pay_508eyv1qc1twjl,order_3a0rpfm3snpcqs,2026-01-31 11:30:08,560500,upi,0,0,setl_4sse8tbudyqcih,captured
pay_e1flttyumzdsfo,order_kexizwqesxvf4p,2026-03-07 07:34:37,67100,card,1342,242,setl_8rcowtf1l5jtt6,captured
pay_6ps6gmrns86mys,order_ko9wjpnhpbhta6,2026-03-11 14:59:56,149400,upi,0,0,setl_mi7tt2ol7lcfi6,captured
pay_uxzw7bb3c6bcya,order_pch443k0nxjbo4,2026-02-16 21:06:56,106400,netbanking,2022,364,setl_hyo0coscm1600j,captured
pay_nmeyjfg71x3ni9,order_xd9y5ofosxrk1t,2026-02-05 11:04:21,55000,card,1100,198,setl_9redif5czb1c2o,captured
pay_75iwucriimod9i,order_tfxfmfw7a2wwe3,2026-02-08 16:28:26,44800,upi,0,0,setl_x9629fsv80nszb,captured
pay_kp5q681t8uaswt,order_83svur105r53xs,2026-02-02 17:36:24,45000,upi,0,0,setl_l3k3kfcno0zwp9,captured
pay_8zqjfn0h08vlaq,order_kdvnhtg9i3lijw,2026-02-03 14:17:20,295600,upi,0,0,setl_cb3atkunlhj9mi,captured
pay_5wwsbehdtwb1xt,order_snb440xgfel619,2026-03-31 12:34:49,90400,upi,0,0,setl_63hjwsjao5sf4p,captured
pay_3jor9i7rbcv3ty,order_7kaaluc7h8r1b8,2026-02-25 14:37:33,31100,upi,0,0,setl_fjubwhj4nuw113,captured
pay_5uflaqvkx5hvsa,order_e1y5kqo2wpxrn4,2026-02-27 22:28:50,51900,netbanking,986,177,setl_wg96a9tv3603ep,captured
pay_u0w8zuya3o53c5,order_0qgbvj7841ljot,2026-03-17 16:57:19,321600,wallet,7075,1274,setl_nf76s64rcbd6hk,captured
pay_x398ai2uft76z4,order_2g6dvuda90boru,2026-03-23 07:36:49,69700,card,1394,251,setl_ihlz60xnvw9v27,captured
pay_9vxif5sfcafj40,order_knenri9ub8ejba,2026-03-04 11:43:26,867400,upi,0,0,setl_id6lid416qfq61,captured
pay_rybuvq4zvydvdg,order_k00hw9dw8ubhxt,2026-02-12 21:14:17,83500,netbanking,1228,221,setl_blfhrgh8cu53a4,captured
pay_usgafzx4s6pen5,order_hbbejay8qrfov5,2026-03-28 20:59:40,46300,upi,0,0,setl_wqkvxto3gxvlu7,captured
pay_s5wf5fvw53tvgy,order_f9xbzpm7jkvptz,2026-02-05 16:12:34,45800,upi,0,0,setl_9redif5czb1c2o,captured
pay_17wa0rzm2h7i7j,order_44abmfywalvrsa,2026-02-19 06:02:56,98400,upi,0,0,setl_57dkr8we1ld4hf,captured
pay_ttgq5twwieqcva,order_oia36xv4f31mks,2026-02-25 13:37:05,75000,upi,0,0,setl_fjubwhj4nuw113,captured
pay_dpibc0qefxnve3,order_dlvqcjkakez4ah,2026-02-06 22:00:41,92300,netbanking,1754,316,setl_x9629fsv80nszb,captured
pay_g4n66vjw992y2n,order_sma4mmj1d09vu6,2026-02-11 13:11:12,119300,upi,0,0,setl_owvw9a3grfow7z,captured
pay_fhpmx5mgxl4vxr,order_f0xalq03lg72a2,2026-01-25 06:24:28,68800,upi,0,0,setl_pe6faz7kvftyvi,captured
pay_5mripunduj8oyo,order_oy60vt9wylm1gh,2026-02-05 11:46:08,316000,upi,0,0,setl_9redif5czb1c2o,captured
pay_72gehr54mr0bzc,order_4lm3m52mfjmed5,2026-03-14 17:59:05,100700,upi,0,0,setl_ob1zbkbpqox76q,captured
pay_ywegwksby79olt,order_8h8sacwf5yie0j,2026-02-02 13:43:10,147100,upi,0,0,setl_l3k3kfcno0zwp9,captured
pay_pvg7d0ouw1u2mk,order_ibko9x0bpqbqip,2026-01-08 18:10:18,74900,card,1498,270,setl_xx3zh6x38f6k9i,captured
pay_tn8a087zl3vrj5,order_us6k3r2jwexhg0,2026-02-27 09:19:32,232400,upi,0,0,setl_wg96a9tv3603ep,refunded
pay_xy70xn58fnckl3,order_p24ws6z2yq0pjm,2026-03-18 19:28:11,56700,upi,0,0,setl_i779xkgycurgiw,captured
pay_0tkib321ee6xmh,order_vmxx0nrj1kizb0,2026-01-25 15:22:27,253800,upi,0,0,setl_pe6faz7kvftyvi,captured
pay_vqth0y33n9481c,order_h9cckxilo17bvg,2026-01-21 15:32:38,75500,card,1510,272,setl_7u76rb7en0399o,captured
pay_2qubi9gkedyypq,order_eokhww128qqrkw,2026-01-05 10:03:32,52300,upi,0,0,setl_jb4iycka7ebxm4,captured
pay_astk0l2axom2f2,order_cj1qazlikt6rlw,2026-02-19 13:57:41,443500,card,9056,1630,setl_57dkr8we1ld4hf,captured
pay_git859wz49gbhd,order_xsji7qr8hport5,2026-03-25 13:53:37,223100,upi,0,0,setl_d932kldoq526i0,captured
pay_v8nvavpdy0jvyg,order_keti35nxlty0a8,2026-01-24 14:26:15,135400,upi,0,0,setl_pe6faz7kvftyvi,captured
pay_sh9l3yis474xrs,order_1yu6w30ln9ze09,2026-03-12 13:40:43,32600,upi,0,0,setl_pjr716gfgceh8w,captured
pay_v5my6z64tkl9b1,order_tuydd8xylkhqfx,2026-02-08 16:54:14,50400,upi,0,0,setl_x9629fsv80nszb,captured
pay_03ltp5ihj55sgn,order_pl9t7xmcztvsgu,2026-02-27 12:28:36,278900,card,5578,1004,setl_wg96a9tv3603ep,captured
pay_7b3sk0m2bh3g75,order_2icw8hhps7akfs,2026-03-22 15:37:18,238300,upi,0,0,setl_lkgzbjhy4tfgax,captured
pay_dflwhkk4l7iwu0,order_kg8ejam93pl8wo,2026-03-05 21:10:22,99500,upi,0,0,setl_1pprr34her4zyz,captured
pay_jce3vr78wyc1xo,order_4dyi8a7tnii7sm,2026-02-25 20:59:44,657000,upi,0,0,setl_fjubwhj4nuw113,captured
pay_uidvwswzii5oei,order_t2gj3rypkigquy,2026-02-16 17:29:06,85900,upi,0,0,setl_hyo0coscm1600j,refunded
pay_qymuivr26c2mg4,order_wbrhpm3t4m9mk6,2026-01-02 13:14:55,129900,upi,0,0,setl_wepzs7szuqc9f6,captured
pay_l6v1r6bo84ayv8,order_0uiv6wnl7hzsfq,2026-02-18 17:49:45,101800,netbanking,1934,348,setl_marwnoou4khb0k,captured
pay_nynz0ii8vcjifu,order_t2jtopbstu4xn5,2026-02-27 18:59:36,50300,upi,0,0,setl_wg96a9tv3603ep,captured
pay_cprkbhf6ct7yea,order_ygjgc43i4dlbey,2026-02-13 18:46:00,32400,card,648,117,setl_9hpnkvdkx29mhx,captured
pay_q6i0y4afrg0mdi,order_76sypw62gsfs8w,2026-02-02 13:32:29,419400,upi,0,0,setl_l3k3kfcno0zwp9,captured
pay_gjxznl1ixx41h2,order_95j5j0aqg39h6h,2026-03-20 06:00:50,60500,card,1210,218,setl_lkgzbjhy4tfgax,captured
pay_62qajy7gtcvp9g,order_d845kzgci0le32,2026-01-27 22:00:15,77700,card,1554,280,setl_lmc6qbtpgvhqfs,captured
pay_bwhwfpadricf46,order_7mibmp9xr9otou,2026-01-27 20:04:04,75300,upi,0,0,setl_lmc6qbtpgvhqfs,captured
pay_opowl4pij9lfd0,order_mlalyrpo392kay,2026-02-28 13:13:27,892700,upi,0,0,setl_wg96a9tv3603ep,captured
pay_vsnw4fjqog9f94,order_6ms1rf5y4plfyj,2026-01-30 15:13:18,94100,upi,0,0,setl_4sse8tbudyqcih,captured
pay_3oxsuxpq2ac6l7,order_k8r3g77bru0imh,2026-01-30 12:30:52,89100,upi,0,0,setl_4sse8tbudyqcih,captured
pay_9mne134i97g01t,order_qehs3sxi6g8gbw,2026-02-05 22:16:45,38200,card,764,138,setl_9redif5czb1c2o,captured
pay_wf90kxtvu7akdh,order_0e4b0qe201lt48,2026-03-06 15:06:55,98800,card,1976,356,setl_8rcowtf1l5jtt6,captured
pay_bnp9kumnymadm9,order_0qmzs7fzfeh4ii,2026-03-21 12:15:52,40900,upi,0,0,setl_lkgzbjhy4tfgax,captured
pay_wa0ur0d3jh73uh,order_pxqczddbr36gm6,2026-01-08 22:24:14,74400,card,1488,268,setl_xx3zh6x38f6k9i,captured
pay_x2d2x06hz6jwbe,order_11mosd6yyy7uq3,2026-03-27 18:04:33,259100,card,5182,933,setl_wqkvxto3gxvlu7,captured
pay_lz57ohkl3uwoe2,order_zuoj7adm8m8p0d,2026-03-12 09:48:33,274800,upi,0,0,setl_pjr716gfgceh8w,captured
pay_971gm7yxieqrqg,order_4e1fw9ekhm5e24,2026-01-11 19:31:27,47400,card,948,171,setl_h9o3muublta3bw,captured
pay_6tugi9yyywg3fo,order_myobg1e2btq6tk,2026-03-05 11:40:37,198600,upi,0,0,setl_1pprr34her4zyz,captured
pay_6i4lc4hfxt6jmf,order_8l1kydpozecc08,2026-03-31 13:30:34,206900,upi,0,0,setl_63hjwsjao5sf4p,captured
pay_u00ti3up8a4i0z,order_h32kwn7ey37bhv,2026-01-09 14:18:57,68300,upi,0,0,setl_h9o3muublta3bw,captured
pay_japmesqjypr5ca,order_r0rnw1g0q3eh8n,2026-03-07 11:50:51,43100,upi,0,0,setl_8rcowtf1l5jtt6,captured
pay_r7tsscsad8oah0,order_odo9yv75xowgz8,2026-03-02 06:41:23,77900,upi,0,0,setl_gxt8aimmy71t26,captured
pay_l8h7gwkwg8i48n,order_ror5bnhsmb1z46,2026-02-07 13:16:41,68600,wallet,1509,272,setl_x9629fsv80nszb,captured
pay_khzocjcg026mn4,order_ugnhxsk407qptx,2026-02-15 21:07:36,32200,upi,0,0,setl_9hpnkvdkx29mhx,captured
pay_adu0bur5vp6wil,order_x053sdnlnyqy5p,2026-01-13 13:11:25,215300,wallet,4737,853,setl_svzb0gabvczqv4,captured
pay_un0no1epn6x41k,order_oo3r2oxftrjnge,2026-01-09 15:13:24,265000,upi,0,0,setl_h9o3muublta3bw,captured
pay_b5j72b2p8adlqw,order_gdynrbuzt03v9v,2026-02-08 22:27:58,87700,upi,0,0,setl_x9629fsv80nszb,captured
pay_et9x2wznq1aenu,order_rcqgcz6mwg8po5,2026-03-04 21:31:12,112400,upi,0,0,setl_id6lid416qfq61,captured
pay_6c2iic4b1wxj9s,order_8a79sadip4w7tr,2026-02-06 11:33:22,49200,card,984,177,setl_x9629fsv80nszb,captured
pay_tkkou1syl9czkb,order_gs50kihp5fwxd2,2026-02-01 13:31:18,30900,netbanking,587,106,setl_4sse8tbudyqcih,captured
pay_ausupz1j9xqzhu,order_j32r00xsj7ng0x,2026-01-29 12:02:58,40700,upi,0,0,setl_j502p555prthl8,captured
pay_czzcgoslwwfh6s,order_wlbd5d90fs27e7,2026-03-11 18:04:46,127500,wallet,2805,505,setl_mi7tt2ol7lcfi6,captured
pay_p5lzfk67ssj97o,order_vpvnvehr4wwxek,2026-03-19 09:03:01,117500,upi,0,0,setl_hjydfszyf4rzmu,captured
pay_c4srvfyn92w0th,order_err9yk6eamnr1i,2026-01-17 21:31:10,51900,upi,0,0,setl_jrm8iuv8pwnbst,captured
pay_357hk9ipyb5c3n,order_qxnpxa86yeu4pl,2026-03-01 13:29:22,300400,upi,0,0,setl_wg96a9tv3603ep,refunded
pay_gam3163omcncv2,order_yg7t4oqyni48sa,2026-02-13 14:37:09,53300,upi,0,0,setl_9hpnkvdkx29mhx,captured
pay_9v47g0vj9129vf,order_v7tbps440rta4i,2026-03-29 19:32:01,137600,upi,0,0,setl_wqkvxto3gxvlu7,captured
pay_hsfwrjilx4fjsy,order_zy549lbgf6adyl,2026-03-21 16:32:47,142700,wallet,3139,565,setl_lkgzbjhy4tfgax,captured
pay_bs3pyu5xxcqctc,order_0kuov4uth20775,2026-01-13 19:04:06,724500,upi,0,0,setl_svzb0gabvczqv4,captured
pay_eo8jkkqg64eug4,order_v8d20i78tsdc6l,2026-01-07 08:17:31,459400,netbanking,8729,1571,setl_jde75ge9flap8q,captured
pay_avc7wamfr4chai,order_ca57g5pc3mjp5t,2026-03-14 21:37:14,55700,wallet,1225,221,setl_ob1zbkbpqox76q,captured
pay_ttcbhqyb23kmun,order_r8lek5pf2ws9l7,2026-02-23 18:39:56,87500,upi,0,0,setl_2ejmt21xr8n21l,captured
pay_ccte9tah0jow2t,order_w5vtn5dd5ebvt5,2026-03-11 18:56:39,201100,card,4022,724,setl_mi7tt2ol7lcfi6,captured
pay_0pr19e4d43iq1q,order_u7g34iaoedsmsq,2026-01-22 06:11:09,31900,card,638,115,setl_olhoefx33wper0,captured
pay_86agucvzbk33r3,order_tke6hyx54txbhm,2026-03-30 15:55:14,248900,upi,0,0,setl_j85ptu7k9no41z,captured
pay_qqwn5h45rjssav,order_c1v8srebkwd26l,2026-01-17 09:05:31,37500,upi,0,0,setl_jrm8iuv8pwnbst,captured
pay_8lm77h7ruh7b8z,order_jnki5kunwyojxk,2026-03-31 08:40:00,334400,upi,0,0,setl_63hjwsjao5sf4p,captured
pay_5d7fp9pmlk7me9,order_2s0evh6c075dhc,2026-01-21 14:22:34,321200,card,6424,1156,setl_7u76rb7en0399o,captured
pay_gb0q7nlao13yn2,order_omj8uykqgvwn2w,2026-03-30 10:37:49,79000,upi,0,0,setl_j85ptu7k9no41z,captured
pay_2xad8ylweecj7r,order_xosg3n7js3vdy8,2026-02-26 15:25:59,38700,upi,0,0,setl_t8widn28c970o0,captured
pay_mnu6pxyi1sxtek,order_ijw8nfd55n4xru,2026-03-20 08:45:47,290300,upi,0,0,setl_lkgzbjhy4tfgax,captured
pay_zt0d167pk4nuco,order_5pzi4lafjt2gft,2026-03-30 13:26:45,78900,upi,0,0,setl_j85ptu7k9no41z,captured
pay_ljazkk700irfs9,order_9951i6kkaeti3r,2026-02-14 18:44:50,104600,upi,0,0,setl_9hpnkvdkx29mhx,captured
pay_y4cnw2wl9mte6l,order_68t4jt152fda4v,2026-03-16 12:57:40,73300,upi,0,0,setl_9ziplehvmcpcg3,captured
pay_xwldarfsn11mg9,order_p5ph54e29x1ixh,2026-01-07 22:22:58,33300,upi,0,0,setl_jde75ge9flap8q,captured
pay_8vbkqqyg1mty0y,order_gfsh91ezdnopg0,2026-03-21 06:01:37,277600,upi,0,0,setl_lkgzbjhy4tfgax,captured
pay_ux378d9bnr6esz,order_2p5jqn15i7vsla,2026-03-20 06:13:30,155200,wallet,3414,615,setl_lkgzbjhy4tfgax,captured
pay_8fenn9is9qpman,order_oax9bgp9nn7lmw,2026-02-14 08:37:45,55700,upi,0,0,setl_9hpnkvdkx29mhx,captured
pay_0uqi0q97tyqnvw,order_8qa7zh20dczk5w,2026-02-06 10:05:00,34600,upi,0,0,setl_x9629fsv80nszb,captured
pay_0glzimahttoxdy,order_3tfjmp40fprw6u,2026-01-24 09:12:03,58200,upi,0,0,setl_pe6faz7kvftyvi,captured
pay_vwt572hbzp5kl9,order_poklt49xk0cv36,2026-03-30 22:05:17,93200,upi,0,0,setl_j85ptu7k9no41z,captured
pay_0em11x2blipbes,order_pghixl9nppu26r,2026-03-04 12:11:33,35800,netbanking,680,122,setl_id6lid416qfq61,captured
pay_tvnv14a0sr3aj3,order_pbdmf4u57aqxmi,2026-01-05 10:11:16,69300,card,1386,249,setl_jb4iycka7ebxm4,refunded
pay_fk6o5xpb9bdv8n,order_2b2r11fnpr5lzb,2026-01-01 07:16:28,130100,card,2602,468,setl_2lzlm5imf0kd5q,captured
pay_n9mcr2kn884b0i,order_rwzunm6ickqx59,2026-01-25 21:39:29,42800,upi,669,120,setl_pe6faz7kvftyvi,captured
pay_oedo3xz8hgotv0,order_2188ql38vkagz0,2026-03-15 08:52:51,61500,upi,0,0,setl_ob1zbkbpqox76q,captured
pay_ddcw5fkfgcysd8,order_vlycj6hwmg6gf7,2026-01-12 22:48:48,63000,card,1260,227,setl_9ein7jcd4rdl3a,captured
pay_njl4bjz8fcnkep,order_cm53bw5lw1gu1i,2026-02-27 10:04:09,50600,upi,0,0,setl_wg96a9tv3603ep,captured
pay_p4z59py2zrv49v,order_hrtql0502m4szl,2026-01-28 19:27:14,57000,upi,0,0,setl_nxu2v0awbwkxj5,captured
pay_7xppjpgz4o6xqg,order_xkjsfv5gkidgui,2026-01-31 21:10:44,41300,upi,0,0,setl_4sse8tbudyqcih,captured
pay_9k2eoup7hrq32i,order_7tg4gmrgkvvm56,2026-01-11 10:40:16,35100,upi,0,0,setl_h9o3muublta3bw,captured
pay_e2pshqo9ud1x0g,order_8thm83an7mvm3r,2026-01-23 16:34:07,666600,card,13332,2400,setl_pe6faz7kvftyvi,captured
pay_prculiivwg12r4,order_fmy63ob1px5kal,2026-02-13 07:31:19,131600,netbanking,2500,450,setl_9hpnkvdkx29mhx,captured
pay_elv55vnf6im06s,order_qd0xxooeuzlfpn,2026-02-14 08:02:57,91000,upi,0,0,setl_9hpnkvdkx29mhx,captured
pay_l3wksjif11nugg,order_ol2o3stxrmo1kx,2026-02-09 12:30:50,64700,upi,0,0,setl_s4l1ku1vti53ru,captured
pay_tjzm72x60pew78,order_r7t9clhyc32wcu,2026-03-08 12:16:54,44600,upi,0,0,setl_8rcowtf1l5jtt6,captured
pay_h3oavi3emnjste,order_eg487o4t718or5,2026-01-15 20:54:28,71600,upi,0,0,setl_grv7k1qff39825,captured
pay_k18iah7c35kop1,order_6106ikvtwrjsfq,2026-01-15 07:23:36,105200,upi,0,0,setl_grv7k1qff39825,captured
pay_0ckvruo442jd49,order_w3yilhcgs3t9t7,2026-02-11 15:39:27,65800,upi,0,0,setl_owvw9a3grfow7z,captured
pay_15w7pu5eo3um9y,order_5d2puppqcm5xhs,2026-03-21 20:10:21,73900,card,1478,266,setl_lkgzbjhy4tfgax,captured
pay_eabh2io0004tfu,order_fnli50kr3rde7v,2026-02-21 11:12:07,52300,upi,0,0,setl_qal9h36vfum300,captured
pay_ln7skq5w0fhbjz,order_ndcjaq5nhjjazb,2026-03-30 18:40:17,305600,upi,0,0,setl_j85ptu7k9no41z,captured
pay_i58rn2g1bay0pr,order_l0bkooknffo4lk,2026-02-28 07:37:28,47800,upi,0,0,setl_wg96a9tv3603ep,captured
pay_sc9owefuqavx94,order_bdym79n2y9pght,2026-01-15 13:44:03,99600,upi,0,0,setl_grv7k1qff39825,captured
pay_vi8h1fssijzbfa,order_yci92el52jxhq3,2026-03-26 13:38:12,60900,upi,0,0,setl_86tilepkwugepq,captured
pay_f1c87yzyyqeb8m,order_b2mwrckwvgmef6,2026-01-03 18:08:12,83200,netbanking,1581,285,setl_wepzs7szuqc9f6,captured
pay_n6nev0reea4rie,order_r2s98zk2a3m4q0,2026-01-19 22:20:37,81200,upi,0,0,setl_ckovgkmddyvf20,captured
pay_7iro5rh3f2tlmv,,2026-02-12 11:29:52,280700,wallet,6175,1112,setl_blfhrgh8cu53a4,captured
pay_eo5hoxmpzq93nx,order_zq9a38empw57tb,2026-02-02 21:56:49,87500,netbanking,1663,299,setl_l3k3kfcno0zwp9,captured
pay_5fnzkninbze15b,order_2k5n845ohzto2p,2026-03-01 07:01:32,246600,wallet,5425,977,setl_wg96a9tv3603ep,captured
pay_mxk9wd63106ame,order_ahmh64p0wqs6q9,2026-01-30 12:39:15,139200,upi,0,0,setl_4sse8tbudyqcih,captured
pay_qme1batrrx58ab,order_7rdxn7sjush43i,2026-03-07 19:18:29,58100,upi,0,0,setl_8rcowtf1l5jtt6,captured
pay_14o2ahw6ogrg2u,order_4fw4xjtxayircb,2026-01-07 09:11:05,54600,card,1092,197,setl_jde75ge9flap8q,captured
pay_f4idhf5fv3e1ak,order_39awl8ayfirjtm,2026-01-31 19:49:08,146800,card,2936,528,setl_4sse8tbudyqcih,captured
pay_jp7u15oogw6luu,order_n9daczm3d7t6lq,2026-02-04 09:43:08,135200,upi,0,0,setl_loeej8p0363err,captured
pay_0bl8nuk7uaq75a,order_gyjz909234rob1,2026-03-30 22:58:46,74100,upi,0,0,setl_j85ptu7k9no41z,captured
pay_i9uo6e9b3tv6so,order_b34t224v4inroh,2026-03-17 18:17:01,60900,upi,0,0,setl_nf76s64rcbd6hk,captured
pay_8lkbs3sa19lgq6,order_3upq1bglenqt1j,2026-03-14 10:07:06,68900,upi,0,0,setl_ob1zbkbpqox76q,captured
pay_ufdi3tmefo805p,order_mi3mydvl1m2vaz,2026-03-27 16:03:25,143300,netbanking,2723,490,setl_wqkvxto3gxvlu7,captured
pay_e8pnmsg7oosdrz,order_b2dsypve1pufnq,2026-02-14 20:06:46,38900,upi,0,0,setl_9hpnkvdkx29mhx,captured
pay_fof38feulc86y9,order_tm3c5sjwxxzn8c,2026-03-19 13:39:18,153900,netbanking,2924,526,setl_hjydfszyf4rzmu,captured
pay_c8r8epox94oodc,order_it1w6zium3gpxq,2026-01-30 07:14:51,31900,card,638,115,setl_4sse8tbudyqcih,captured
pay_x06qezy21bi1sw,order_y7kjpsjo6nr0c3,2026-01-02 19:47:08,231500,upi,0,0,setl_wepzs7szuqc9f6,captured
pay_i66m54u8tlkdy7,order_57a1exz5ylvj89,2026-01-07 15:09:33,108200,upi,0,0,setl_jde75ge9flap8q,captured
pay_d410ordufipmuo,order_gixmlcnggi2yg3,2026-01-30 07:46:26,279200,card,5584,1005,setl_4sse8tbudyqcih,captured
pay_g822j8boew0bnj,order_wb2wz9skfdcde5,2026-02-01 13:48:00,204100,upi,0,0,setl_4sse8tbudyqcih,captured
pay_yiea33rjeihdwa,order_h6p7t4v3msq4j9,2026-03-31 07:12:10,86100,upi,0,0,setl_63hjwsjao5sf4p,captured
pay_ktgu9086l66iv2,order_gzcwmthvtvse1t,2026-01-25 19:52:47,116100,upi,0,0,setl_pe6faz7kvftyvi,refunded
pay_syxj91k5khsqa4,order_f5g8002k3cegpc,2026-02-11 19:36:06,100000,upi,0,0,setl_owvw9a3grfow7z,captured
pay_9g7260sy0h1irn,order_pi5r056hvjp26s,2026-03-20 17:07:08,52400,upi,0,0,setl_lkgzbjhy4tfgax,captured
pay_y2nb3ctiwz5foi,order_9txvu0oif3x9kh,2026-01-20 22:22:22,604100,upi,0,0,setl_i1ppblfh8tj5m7,captured
pay_tc88hx23hu6uaa,order_cdrwak74a1kpo1,2026-03-06 10:08:11,116400,upi,0,0,setl_8rcowtf1l5jtt6,captured
pay_j3zctnohupic3h,order_kca631uyfy0tun,2026-02-05 19:25:49,76400,wallet,1681,303,setl_9redif5czb1c2o,captured
pay_85g17cn17phc22,order_9jgdy3k31f8xhz,2026-01-17 18:17:51,245100,upi,0,0,setl_jrm8iuv8pwnbst,captured
pay_9blz1nfnjwfhl2,order_4k66h1k8820cr3,2026-01-01 21:54:18,127700,wallet,2809,506,setl_2lzlm5imf0kd5q,captured
pay_rblisk9rxbfa3f,order_km5nannuqna2yk,2026-01-01 08:21:22,112100,upi,0,0,setl_2lzlm5imf0kd5q,captured
pay_rb56i9vfsmxwo9,order_tq62od4em49z5h,2026-01-08 07:29:33,100300,netbanking,1906,343,setl_xx3zh6x38f6k9i,captured
pay_rr0a2ki0kz4rgi,order_frhykoeclj9s8l,2026-01-29 13:03:52,220500,netbanking,4190,754,setl_j502p555prthl8,captured
pay_ut8yfuyq0kl1ac,order_uea7z5okr38wlc,2026-02-28 11:25:37,65700,upi,0,0,setl_wg96a9tv3603ep,captured
pay_rbii1v7i3d5t64,order_df79w98bl31sh4,2026-01-08 22:40:29,73600,upi,0,0,setl_xx3zh6x38f6k9i,captured
pay_m9jgvwkcrsba7m,order_j9oyhscvi3zhyw,2026-02-17 07:16:46,35200,upi,0,0,setl_9994rz2os2zywh,refunded
pay_5x3yoct882jf62,order_2gkvsvhdac8iq3,2026-01-23 14:35:03,129600,upi,0,0,setl_pe6faz7kvftyvi,captured
pay_wbm2vxplico8mg,order_jjkpdejq6riie4,2026-01-14 12:47:52,73200,upi,0,0,setl_opdcf6j5wixc2v,captured
pay_eiem2g8k50p79k,order_hjcaw36yg03zia,2026-03-21 09:12:34,123700,netbanking,2350,423,setl_lkgzbjhy4tfgax,captured
pay_czpllgoqpvevaw,order_s8dps64no9flgo,2026-02-12 21:43:58,179900,upi,0,0,setl_blfhrgh8cu53a4,captured
pay_ximthpndrqu963,order_tnle22lgld3syf,2026-03-27 06:49:49,42700,upi,0,0,setl_wqkvxto3gxvlu7,captured
pay_10gh279eburb7e,order_r2l9x4guo4g5z0,2026-03-14 12:27:23,63000,upi,0,0,setl_ob1zbkbpqox76q,refunded
pay_ib8w5frfeheaws,order_o97erwlwl2mro1,2026-03-10 10:09:30,137500,upi,0,0,setl_cy02355rxf3dgx,captured
pay_ianaravw4zdy4l,order_jeoc4kspcg0vom,2026-03-31 11:01:16,304500,card,6090,1096,setl_63hjwsjao5sf4p,captured
pay_zjgatb6wzxteua,order_q81zd96lil51yh,2026-03-15 16:41:04,124300,upi,0,0,setl_ob1zbkbpqox76q,captured
pay_e9gih80a1szfyh,order_2utedqsotwv8mf,2026-03-22 14:15:22,180800,upi,0,0,setl_lkgzbjhy4tfgax,captured
pay_acepldadeh8pjo,order_uzsv1p4so0pezt,2026-02-14 17:28:51,143000,card,2860,515,setl_9hpnkvdkx29mhx,captured
pay_p4723di9srji49,order_0iju8u5ulbjefs,2026-01-24 21:48:48,57900,upi,0,0,setl_pe6faz7kvftyvi,captured
pay_we4oi8gw6fval7,order_zs7a9e9pstckov,2026-01-18 08:06:36,286400,wallet,6301,1134,setl_jrm8iuv8pwnbst,captured
pay_bpktzzvu5wof4n,order_qu66dew9cxz079,2026-02-21 14:54:28,43100,upi,779,140,setl_qal9h36vfum300,captured
pay_2ohte2ioq3vcn1,order_v8wvd015g8r7rg,2026-03-22 21:29:42,81300,card,1626,293,setl_lkgzbjhy4tfgax,captured
pay_wyish15l6xixe8,order_qb206ngfprs8fb,2026-03-11 07:03:29,79800,card,1596,287,setl_mi7tt2ol7lcfi6,captured
pay_rrb7114ca7tzfp,order_m286i4hljkd617,2026-01-27 06:01:54,131000,card,2620,472,setl_lmc6qbtpgvhqfs,captured
pay_kud3c2ma4z1n8k,order_ufr6xsb3wt9m78,2026-03-31 11:21:21,192500,card,3850,693,setl_63hjwsjao5sf4p,captured
pay_a16ye9lujck9rg,order_go0x57qp3xzajr,2026-01-31 09:48:30,46200,upi,0,0,setl_4sse8tbudyqcih,captured
pay_7yq7rpe77emdnu,order_gxj6s00ae1wa4q,2026-03-10 06:15:25,97900,wallet,2154,388,setl_cy02355rxf3dgx,captured
pay_1clog1vu0ttjlj,order_wsaa8a1yfkybv2,2026-01-03 19:57:46,83100,upi,0,0,setl_wepzs7szuqc9f6,captured
pay_wjf8uteltdzgk4,order_4n3q2nomtcka2s,2026-02-16 15:08:02,53400,upi,0,0,setl_hyo0coscm1600j,captured
pay_ojm2rmziwzfxgn,order_vrdef4subxniuo,2026-01-13 09:30:12,319000,card,6380,1148,setl_svzb0gabvczqv4,captured
pay_dmsddap00fii1w,order_rgs0v8810171ea,2026-02-14 17:46:11,273500,card,5470,985,setl_9hpnkvdkx29mhx,captured
pay_ep12tz0rncmsy0,order_80fpc3lk3joq0o,2026-01-29 12:43:34,58500,upi,0,0,setl_j502p555prthl8,captured
pay_iz98p33k0uz4oc,order_rejebvh01cv9na,2026-01-12 15:23:56,43500,upi,0,0,setl_9ein7jcd4rdl3a,captured
pay_0cbtpovif9m6vv,order_cfaa4ulyz88042,2026-01-28 16:39:10,56200,upi,352,63,setl_nxu2v0awbwkxj5,captured
pay_wofrnkx7je1p8w,order_b90pn4scxj2gef,2026-01-15 14:27:40,79000,upi,0,0,setl_grv7k1qff39825,captured
pay_5igrvov055zwr9,order_xo5j8a2gnasp88,2026-02-03 21:06:59,149300,netbanking,2837,511,setl_cb3atkunlhj9mi,captured
pay_kb04816dwzwak1,order_rqqcsprj84yc8t,2026-02-28 14:52:52,66700,upi,0,0,setl_wg96a9tv3603ep,captured
pay_kwattp68rtw0pt,order_cplmnm0qj5a6t6,2026-01-18 19:22:53,131500,card,2630,473,setl_jrm8iuv8pwnbst,captured
pay_kw6shlbnyoe6l5,order_knc2w8xh98iazj,2026-03-24 12:35:04,294600,card,5892,1061,setl_bjuqk7c3un19bl,captured
pay_s38gnwwk20lq7y,order_gfek67wu9ocy88,2026-01-07 14:19:13,861100,upi,0,0,setl_jde75ge9flap8q,captured
pay_revirqr5iept48,order_ui3hjg0b2yvwc9,2026-03-02 18:50:20,575300,upi,0,0,setl_gxt8aimmy71t26,captured
pay_bjzh46al48daaw,order_zl6rcmrja42ucu,2026-03-09 14:42:10,30200,upi,0,0,setl_6qsiife23ixpuu,captured
pay_33e5i89155eq2i,order_t6gq3palbx9t1w,2026-02-18 14:10:18,82100,upi,0,0,setl_marwnoou4khb0k,captured
pay_pgreo103z7qv1n,order_cb0v9d043ww3om,2026-03-06 11:15:31,780100,card,15602,2808,setl_8rcowtf1l5jtt6,captured
pay_war20wvaf2j9w6,order_q9damydfyypkt7,2026-03-26 10:16:41,41000,upi,0,0,setl_86tilepkwugepq,captured
pay_ggjmw7y85rywwr,order_inklaj7v12hecq,2026-02-16 13:38:43,89500,upi,0,0,setl_hyo0coscm1600j,captured
pay_8fu31olkykf9xb,order_n7jji5a1t7amha,2026-03-21 13:37:02,73700,wallet,1621,292,setl_lkgzbjhy4tfgax,captured
pay_nm0xbjw1qn19zx,order_o9ryofm6roukpx,2026-01-29 16:37:14,219600,upi,0,0,setl_j502p555prthl8,captured
pay_7whsqs66i0r6wn,order_fu0mp5ddqu3g4g,2026-03-28 09:54:12,30600,upi,0,0,setl_wqkvxto3gxvlu7,captured
pay_jn4ydy5axicfhy,order_lukcjaercm822h,2026-01-12 09:32:29,256800,upi,0,0,setl_9ein7jcd4rdl3a,captured
pay_y0isaxnjej5qs7,order_ls6y4su51knukk,2026-02-01 09:50:42,86300,card,1726,311,setl_4sse8tbudyqcih,captured
pay_e8hyg1fyyqqoql,order_i4o2llzawklmzn,2026-01-28 11:02:39,49300,upi,0,0,setl_nxu2v0awbwkxj5,captured
pay_rmam921ln1xe17,order_chtej75zf37msz,2026-01-10 07:34:28,101700,wallet,2237,403,setl_h9o3muublta3bw,captured
pay_harhnv7s4wz4b4,order_j2omsks1najzde,2026-01-25 12:41:55,59000,upi,0,0,setl_pe6faz7kvftyvi,captured
pay_tkijfkdv5q9m1y,order_r68iqoonjxti49,2026-01-31 21:53:10,44600,card,892,161,setl_4sse8tbudyqcih,captured
pay_nbiq9r8b3z9wmv,order_mbtk3fuhc81zf7,2026-03-16 21:01:30,49100,card,982,177,setl_9ziplehvmcpcg3,captured
pay_wpp9e8ftnjnulr,order_hd3mztf66jvrfb,2026-02-28 10:59:41,83700,netbanking,1590,286,setl_wg96a9tv3603ep,captured
pay_dfgy2ra9ghou17,order_eryqg27vr8h399,2026-01-28 11:07:45,252500,netbanking,4798,864,setl_nxu2v0awbwkxj5,refunded
pay_tzokgjrr7bw9rm,order_lo3s1k5yzf16gv,2026-02-20 15:15:23,153400,upi,0,0,setl_qal9h36vfum300,captured
pay_y2k91hx9o2hult,order_0rnvdvy1vqp88q,2026-03-25 08:33:24,813000,upi,0,0,setl_d932kldoq526i0,captured
pay_wooqxqwu9csaar,order_xyl353myipxjbd,2026-01-18 13:33:34,32200,upi,0,0,setl_jrm8iuv8pwnbst,captured
pay_q6mupiw9ymit8c,order_q23u04vcigl1x9,2026-02-27 18:44:48,44000,upi,0,0,setl_wg96a9tv3603ep,captured
pay_zbfyhmd9xhzpbx,order_ch7kfj9s0kdrg6,2026-02-19 16:51:11,75800,upi,0,0,setl_57dkr8we1ld4hf,captured
pay_qzevcit9uywm5l,order_35xpi9jc6xyzzo,2026-01-22 13:04:30,58700,upi,0,0,setl_olhoefx33wper0,captured
pay_kxigmhsk0ru4lt,order_kj86shnud9cc61,2026-02-24 14:40:02,111700,card,2234,402,setl_dlrkavuq1t51a1,captured
pay_9x8p8d8jtr2r62,order_3m8ozq2r8haelf,2026-03-31 08:33:59,37300,upi,0,0,setl_63hjwsjao5sf4p,captured
pay_axf4rl5alffwwn,order_8jn4t0g379yii9,2026-02-18 14:11:20,224100,upi,66,12,setl_marwnoou4khb0k,captured
pay_pycew3ochxzyhm,order_2ga351c5ensdz2,2026-01-27 08:08:23,122000,upi,0,0,setl_lmc6qbtpgvhqfs,captured
pay_6n3wmuwnjic9pi,order_7me7c9r0xbdvdq,2026-01-30 22:12:11,59500,upi,0,0,setl_4sse8tbudyqcih,refunded
pay_6rd874sqq2hd3x,order_gj74ycwueth2sr,2026-01-18 08:52:46,166000,upi,0,0,setl_jrm8iuv8pwnbst,captured
pay_t111s6plfumbpc,order_ygwfcn124kj43l,2026-02-06 06:38:06,50900,upi,0,0,setl_x9629fsv80nszb,captured
pay_u6y3cydo4o86to,order_n88pi06594sqs0,2026-02-05 09:38:04,210100,upi,0,0,setl_9redif5czb1c2o,captured
pay_wdiv0juur6kcb0,order_623g4xsrc65jwp,2026-02-20 12:48:27,759000,upi,0,0,setl_qal9h36vfum300,captured
pay_43xmba6uqvxwf8,order_9qubegxgd2heey,2026-02-24 07:22:33,78600,netbanking,1493,269,setl_dlrkavuq1t51a1,captured
pay_qv1hkubwgm8oo8,order_yybsahm7cc8e3w,2026-02-11 10:12:08,47000,upi,0,0,setl_owvw9a3grfow7z,captured
pay_l3jhcnzq81w30w,order_8odkuyd0dcrnj7,2026-02-06 10:18:03,31000,card,620,112,setl_x9629fsv80nszb,captured
pay_mdndm93b0dqzwv,order_wo2k0tlj8lfoie,2026-02-18 10:40:25,255100,upi,0,0,setl_marwnoou4khb0k,captured
pay_dy4vzgyjeraysa,order_1mqowzs0p7vqot,2026-02-06 17:36:14,73600,upi,0,0,setl_x9629fsv80nszb,captured
pay_nwnrrvvl23t8a1,order_2burgc6luafkp2,2026-02-26 18:44:08,43800,upi,0,0,setl_t8widn28c970o0,captured
pay_k9xu70co4ntnn4,order_1wze6df4x59y3r,2026-03-26 06:19:34,315200,card,6304,1135,setl_86tilepkwugepq,captured
pay_3wfu2bnffhsxbj,order_cyj5ygzm7mx4fx,2026-02-18 15:10:10,97800,upi,0,0,setl_marwnoou4khb0k,captured
pay_240atj33sgxbsp,order_f9iijpc152r5x0,2026-03-06 22:51:58,526600,upi,0,0,setl_8rcowtf1l5jtt6,captured
pay_k94ney06hw8ity,order_5s0pr7lkk51lnz,2026-03-29 08:01:24,44500,upi,0,0,setl_wqkvxto3gxvlu7,captured
pay_2hnyfl6tukjpws,order_ol6drknq9xgltp,2026-02-04 08:08:58,51200,upi,0,0,setl_loeej8p0363err,captured
pay_2ufzd0itpks24a,order_m0l7qklfftn7dx,2026-01-22 21:17:03,140900,netbanking,2677,482,setl_olhoefx33wper0,captured
pay_n359zbtru66ig3,order_13gtbbk2wcmcgc,2026-02-26 08:05:06,61600,upi,0,0,setl_t8widn28c970o0,captured
pay_kjdjti83xr75q9,order_hgur5b6vi0k2j9,2026-01-31 21:01:11,56700,upi,0,0,setl_4sse8tbudyqcih,captured
pay_hgd5qilpubrd2o,order_bp7fagzmvvfp1j,2026-02-11 21:22:28,49900,upi,0,0,setl_owvw9a3grfow7z,captured
pay_3yqlm1t5ry0chz,order_vwyxvww8q7bg7i,2026-03-02 08:24:34,41200,upi,0,0,setl_gxt8aimmy71t26,captured
pay_4kd69t9ja796q2,order_j7jtgjcbcpncwb,2026-03-26 22:37:59,47500,upi,0,0,setl_86tilepkwugepq,captured
pay_s1yc52kfrsowbf,order_a3a59s1muf3zkv,2026-03-31 17:26:26,134800,upi,0,0,setl_63hjwsjao5sf4p,captured
pay_ewgj5chxayhu9j,order_77ejft2d44gnad,2026-02-26 09:05:39,42500,upi,0,0,setl_t8widn28c970o0,captured
pay_1g57naijbr4qqz,order_o6du1irxqcy26t,2026-01-20 11:17:39,85000,upi,0,0,setl_i1ppblfh8tj5m7,captured
pay_js9bogakuxxu40,order_r01jwmoh8gydgm,2026-03-13 09:35:03,37300,upi,0,0,setl_ob1zbkbpqox76q,captured
pay_o7txe6e3uzd4fu,order_qc9zi04ufzxtn2,2026-03-13 16:20:18,147100,upi,0,0,setl_ob1zbkbpqox76q,captured
pay_dht6xxylamo281,order_7mirlbh3d7bfcp,2026-02-08 11:46:45,293900,upi,0,0,setl_x9629fsv80nszb,captured
pay_eylyizu05j3uwb,order_ctc6zmv0xyfbqo,2026-01-07 06:11:07,75500,upi,0,0,setl_jde75ge9flap8q,captured
pay_df55ja3o1sorx9,order_9nq13xlujqpy75,2026-02-28 16:53:12,212300,upi,0,0,setl_wg96a9tv3603ep,captured
pay_rzhydmw3brhj67,order_bo9kso7zh3z6zv,2026-02-22 18:28:23,78100,upi,0,0,setl_qal9h36vfum300,captured
pay_fw8ko4nespte92,order_qtkd7m8djxbgrk,2026-03-02 22:09:45,46900,upi,0,0,setl_gxt8aimmy71t26,captured
pay_is2mb6pfo4jjsx,order_ft5x2gr835p70i,2026-01-21 18:30:15,57300,upi,689,124,setl_7u76rb7en0399o,captured
pay_m0qbq6hg3c8lle,order_v7jceh3kohuy65,2026-03-17 12:34:09,106300,netbanking,2020,364,setl_nf76s64rcbd6hk,captured
pay_sxmfgs8r5ecu4s,order_3krq01ixfd215o,2026-02-13 14:14:24,245400,upi,0,0,setl_9hpnkvdkx29mhx,captured
pay_0rtb187xm38pb6,order_sq50e8wrtnv88z,2026-01-20 12:51:05,100100,upi,0,0,setl_i1ppblfh8tj5m7,captured
pay_9w7wvkv6y02uox,order_m2zkbmzhxnqief,2026-03-28 12:30:52,130300,upi,0,0,setl_wqkvxto3gxvlu7,captured
pay_f6bgh709bzdhz3,order_2e5cu06m03rjoy,2026-02-12 07:23:23,240700,upi,0,0,setl_blfhrgh8cu53a4,captured
pay_c2tjur8dddr67h,order_dyb17k4ol28swq,2026-01-06 07:29:41,130300,upi,0,0,setl_8zu1ktsnub3qzg,captured
pay_i7phq0oueuvhs1,order_8r5b4efzs94sra,2026-01-30 19:29:16,218900,upi,0,0,setl_4sse8tbudyqcih,refunded
pay_f2dtbwla6noesj,order_mh91cibm9hiq86,2026-02-26 19:33:18,61600,wallet,1355,244,setl_t8widn28c970o0,captured
pay_wec3sfo1k7dpgl,order_7cwnf7p4udpmxr,2026-02-13 19:14:24,50000,upi,0,0,setl_9hpnkvdkx29mhx,captured
pay_vd7epxw9ip00d9,order_8h1pq014994w8t,2026-03-05 19:26:27,46900,wallet,1032,186,setl_1pprr34her4zyz,captured
pay_bzjvfqditou3tq,order_0jhh9gw3mwmy2n,2026-01-08 18:22:02,122800,card,2456,442,setl_xx3zh6x38f6k9i,captured
pay_ab0wdw3feog9qm,order_9kqbl2sxiou5c3,2026-03-14 12:31:55,65300,upi,0,0,setl_ob1zbkbpqox76q,captured
pay_rbasxpjoqiy8lw,order_r78p9030368hgs,2026-01-22 15:46:28,59900,netbanking,1138,205,setl_olhoefx33wper0,captured
pay_wtaa2nk72jeptr,order_2fx022e3qyjwjz,2026-01-16 17:30:35,65700,upi,0,0,setl_jrm8iuv8pwnbst,captured
pay_3a3es67sr92jt9,order_bi0hohqakusfft,2026-02-25 08:00:35,665100,upi,0,0,setl_fjubwhj4nuw113,captured
pay_pn4q0jx4r8sxil,order_o6fne3gtpt07ts,2026-01-05 08:57:04,142200,netbanking,2702,486,setl_jb4iycka7ebxm4,captured
pay_imkvmujtvywmpp,order_t2424ep8hxwgzt,2026-02-06 21:27:01,436100,netbanking,8286,1491,setl_x9629fsv80nszb,captured
pay_q6aruu3ce8vw8f,order_fpuuyh25hsrpn4,2026-03-30 09:33:03,462800,upi,0,0,setl_j85ptu7k9no41z,captured
pay_qwqlvpwn4b161y,order_1nmh89kykn4ue9,2026-02-20 22:37:59,55400,upi,0,0,setl_qal9h36vfum300,captured
pay_ut8vqto3cwsyje,order_y6yyrjei2wgknb,2026-01-07 18:25:37,55400,upi,0,0,setl_jde75ge9flap8q,captured
pay_53hultl96u90l6,order_woy3skurkrpu2i,2026-03-09 13:42:50,87300,upi,0,0,setl_6qsiife23ixpuu,captured
pay_2jzf4gm4h5gz6c,order_79z37lbnnrojc6,2026-03-26 17:02:54,119300,netbanking,2267,408,setl_86tilepkwugepq,captured
pay_obfc2tdes9idnf,order_2k2bje0i6wekpi,2026-03-10 22:07:59,80000,card,1600,288,setl_cy02355rxf3dgx,captured
pay_kaw907o2o3zz2p,order_7d9wjmi8vnpews,2026-02-12 21:46:19,324300,upi,0,0,setl_blfhrgh8cu53a4,captured
pay_g7u5s95tdnvxwv,order_4hoanjd6zrtx82,2026-01-20 13:11:48,120200,upi,0,0,setl_i1ppblfh8tj5m7,captured
pay_0s13ip2jov8dp3,order_oij06oq37kptk0,2026-02-19 21:29:25,182200,netbanking,3462,623,setl_57dkr8we1ld4hf,captured
pay_gpyvy0z7gkckpt,order_jpjyprhhljwt1a,2026-01-15 15:24:21,89200,upi,0,0,setl_grv7k1qff39825,captured
pay_frmpo8fjoy0a6w,order_lzfrvrzv4x2m7z,2026-02-28 09:52:38,59400,upi,0,0,setl_wg96a9tv3603ep,captured
pay_2ezbrfrgp9tusq,order_rgli7kzrgbxkxa,2026-03-02 12:09:55,57900,netbanking,1100,198,setl_gxt8aimmy71t26,captured
pay_br8sn14nk3xsle,order_wnh3hu7lbo3d8d,2026-02-11 08:34:01,197100,upi,0,0,setl_owvw9a3grfow7z,captured
pay_959v5e914zal39,order_g51iisnelay5qd,2026-02-23 16:44:26,68600,upi,0,0,setl_2ejmt21xr8n21l,captured
pay_u4rm9rxl9z5e5l,order_k1f5ssy9k08fcr,2026-01-15 11:45:44,75300,upi,0,0,setl_grv7k1qff39825,captured
pay_lbwc72a5gx7l2p,order_uy0f21yka6ypq9,2026-03-04 15:16:22,33600,card,672,121,setl_id6lid416qfq61,captured
pay_f4v6kx2hxrh0se,order_mrgeay5jmz5t6v,2026-02-22 18:24:57,308400,upi,0,0,setl_qal9h36vfum300,captured
pay_nzsdz7486rqtc9,order_f7clp5g16rks5l,2026-03-24 19:35:26,107900,upi,0,0,setl_bjuqk7c3un19bl,captured
pay_wr2uk1l6awxpxg,order_2ynz68je844grr,2026-03-10 10:52:37,48500,upi,0,0,setl_cy02355rxf3dgx,captured
pay_99aopc74x1vbjy,order_fyofduvtt5uo57,2026-03-03 14:01:21,55000,card,1100,198,setl_s36ohm15574nxh,captured
pay_zegunvuqwmkdkn,order_qjxgl6vbahrhp4,2026-01-27 21:44:54,86600,netbanking,1645,296,setl_lmc6qbtpgvhqfs,captured
pay_59lcn8a859wkjt,order_yvqitdwlu0w5u6,2026-02-01 21:23:47,59400,upi,0,0,setl_4sse8tbudyqcih,captured
pay_6quj8ly5sof9m4,order_pfpbr7hp0pzl0x,2026-02-28 18:25:43,237400,upi,0,0,setl_wg96a9tv3603ep,captured
pay_vf1dm2wmzf96xc,order_6is3xz2ftuj6i6,2026-01-16 10:27:50,145900,upi,0,0,setl_jrm8iuv8pwnbst,captured
pay_oq7pwshz08xi8c,order_5mdyoxil9gvxsg,2026-01-16 13:54:28,674300,netbanking,12812,2306,setl_jrm8iuv8pwnbst,captured
pay_xxc497jvx91lxm,order_f0twqyg5f6i7ss,2026-02-14 18:51:59,280600,upi,0,0,setl_9hpnkvdkx29mhx,captured
pay_l9uu9rjib7xwd5,order_lb6yk0zuvm02vv,2026-03-06 15:12:14,128000,upi,0,0,setl_8rcowtf1l5jtt6,refunded
pay_62ucm18bhoq7zs,order_e44dwuxxhlxkdu,2026-01-22 17:30:01,198200,netbanking,3766,678,setl_olhoefx33wper0,captured
pay_e1zk1l6dldy98x,order_fjl6y3pmvduycw,2026-01-30 08:13:04,136400,upi,0,0,setl_4sse8tbudyqcih,captured
pay_kobn2v191m7i07,order_jiwthd841ojr93,2026-02-16 10:18:31,134800,upi,0,0,setl_hyo0coscm1600j,captured
pay_k95i12867mdv6x,order_w70bz7jeq6t751,2026-01-04 15:56:48,65900,upi,0,0,setl_wepzs7szuqc9f6,captured
pay_vb1mco491y4n72,order_b1xba50bm7brs3,2026-03-19 13:00:36,73300,upi,0,0,setl_hjydfszyf4rzmu,captured
pay_wy584ag7muysf8,order_8ujc526nei45ky,2026-01-02 09:11:27,102900,upi,0,0,setl_wepzs7szuqc9f6,captured
pay_3keix08mppwgfu,order_d5ujo60fqn3egt,2026-03-16 22:07:36,534900,upi,0,0,setl_9ziplehvmcpcg3,captured
pay_w0db8seuu8y4lh,order_9yd3buucpnw1xd,2026-03-01 16:51:30,56900,upi,0,0,setl_wg96a9tv3603ep,captured
pay_rx4uwvz0x55c8e,order_hdifu1upjnoyn8,2026-01-31 12:57:21,125200,upi,0,0,setl_4sse8tbudyqcih,captured
pay_1chvc3dyoq55if,order_d7kfe8eurt204e,2026-02-24 14:46:50,60000,netbanking,1140,205,setl_dlrkavuq1t51a1,captured
pay_bc4qa3fki8poyt,order_gh326z6rspqryc,2026-03-31 20:50:08,56400,upi,0,0,setl_63hjwsjao5sf4p,captured
pay_ctfhj6kqdxfjfm,order_md00hd3m5bo6ut,2026-02-14 08:32:12,64400,upi,0,0,setl_9hpnkvdkx29mhx,captured
pay_tasa3dpmkqzbxn,order_vcmi58tblad7c0,2026-02-06 06:04:00,33900,card,678,122,setl_x9629fsv80nszb,captured
pay_wato198j8salsa,order_tb2q8c2d25krua,2026-01-07 08:24:49,67900,wallet,1494,269,setl_jde75ge9flap8q,captured
pay_qx26boqf6fq83o,order_3cc7vobxxyluka,2026-01-04 14:12:27,116400,upi,0,0,setl_wepzs7szuqc9f6,captured
pay_zvgoxq4wpnjt3f,order_qda3pkzhnc2lev,2026-01-30 09:21:48,184400,upi,0,0,setl_4sse8tbudyqcih,captured
pay_mavkx50yzv43ig,order_khg6xgcxpzd686,2026-02-24 19:32:59,50300,upi,0,0,setl_dlrkavuq1t51a1,captured
pay_r35w0t4qjk36lx,order_j7qjm09c9ebjeq,2026-02-08 13:31:23,147600,upi,0,0,setl_x9629fsv80nszb,captured
pay_rltl8te0e46hyl,order_xar4t9j2xh5fsu,2026-01-13 14:14:34,64300,card,1286,231,setl_svzb0gabvczqv4,captured
pay_qwz5xsa8igj8y4,order_fqw9pad5mzfa1u,2026-02-01 20:27:19,133700,netbanking,2540,457,setl_4sse8tbudyqcih,captured
pay_12ibcotrxz238z,order_330rc083iwvt9b,2026-02-25 08:20:34,99900,upi,0,0,setl_fjubwhj4nuw113,captured
pay_w27q4qhabe1pp2,order_h81m865c7m02zm,2026-02-04 06:56:05,80500,upi,0,0,setl_loeej8p0363err,refunded
pay_yd6y6banlc2f05,order_8xp6gv7uay8j17,2026-01-23 08:15:27,178300,upi,0,0,setl_pe6faz7kvftyvi,captured
pay_mtz9sp49ooepsn,order_xng9ppj4o1ghza,2026-03-23 20:13:49,66200,card,1324,238,setl_ihlz60xnvw9v27,captured
pay_wkaww9hycaefha,order_xtc51w3hwbhlx3,2026-01-29 10:29:42,130600,card,2612,470,setl_j502p555prthl8,captured
pay_n6zn48xrbzeejd,order_b8thwl8n2q85gh,2026-01-12 09:06:10,131500,upi,0,0,setl_9ein7jcd4rdl3a,captured
pay_dokgant0u4ld9p,order_0throrzumjktfl,2026-01-02 16:48:11,140000,card,2800,504,setl_wepzs7szuqc9f6,captured
pay_7b45bq22nzy21k,order_hgqgzpjvhd77v3,2026-03-07 13:13:16,185300,card,3706,667,setl_8rcowtf1l5jtt6,captured
pay_bg0gicbjd3zhi7,order_bcy9pv0o264uv7,2026-01-19 14:01:34,205000,upi,0,0,setl_ckovgkmddyvf20,captured
pay_79xewejk6e1b5p,order_zk5vxekbv6tf8s,2026-03-02 07:50:19,129600,netbanking,2462,443,setl_gxt8aimmy71t26,captured
pay_2xq7f840d0byzc,order_8qqpmyhc5ez773,2026-02-10 22:41:29,34200,card,684,123,setl_ex4ek002gc2r1u,captured
pay_wc3543pu4p3m8i,order_st642vl6gcai7b,2026-01-05 18:04:46,663800,upi,0,0,setl_jb4iycka7ebxm4,captured
pay_pmr4cuyvbhq1st,order_isvyhk6af8uv3h,2026-01-07 06:14:35,78400,card,1568,282,setl_jde75ge9flap8q,captured
pay_1cxas46vg2smdt,order_6oit62540rhwis,2026-02-08 10:42:48,272600,wallet,5997,1079,setl_x9629fsv80nszb,captured
pay_tjxqj8xvl6j5ml,order_twzhfmulxu1u47,2026-02-27 07:07:11,336400,netbanking,6392,1151,setl_wg96a9tv3603ep,captured
pay_mqv1aoha1g915c,order_itvgrf4auaxs4z,2026-01-03 18:34:19,480500,upi,0,0,setl_wepzs7szuqc9f6,captured
pay_57n50hnbli3btn,order_p3x1wpthj9nceg,2026-01-05 11:06:46,205200,upi,0,0,setl_jb4iycka7ebxm4,captured
pay_sxrnt56u7r25rq,order_lc33s6wvztjmks,2026-01-11 06:12:22,141200,upi,0,0,setl_h9o3muublta3bw,captured
pay_4z24owj07oifaf,order_veb0fl0chfx6yf,2026-01-21 16:21:49,131900,netbanking,2506,451,setl_7u76rb7en0399o,refunded
pay_a74n56zyj2hf58,order_y10ckbq5xym750,2026-01-01 22:31:14,291700,upi,0,0,setl_2lzlm5imf0kd5q,captured
pay_qv0bts5bn22c1l,order_rboouy4cs7wdue,2026-03-22 20:18:19,31200,upi,0,0,setl_lkgzbjhy4tfgax,captured
pay_4mqidg8hk0p0fq,order_wdw7i5ui4cxe2a,2026-02-27 10:17:05,618700,card,12374,2227,setl_wg96a9tv3603ep,captured
pay_7kvfz02666ozg2,order_x2zg7plj0t3c6k,2026-02-02 11:22:11,51000,card,1020,184,setl_l3k3kfcno0zwp9,captured
pay_rrz55grotu60ss,order_h3hmysvopow1sn,2026-01-02 16:41:49,124300,wallet,2735,492,setl_wepzs7szuqc9f6,captured
pay_pgnldsxh0lp05f,order_1vna4a9hh4aj3z,2026-03-24 17:27:31,141700,upi,0,0,setl_bjuqk7c3un19bl,captured
pay_ahgj57zyqqtd9x,order_108m8i9dc3s1cs,2026-02-22 10:09:08,122500,upi,0,0,setl_qal9h36vfum300,captured
pay_tw86sn8zuacw8b,order_489nghnb42763g,2026-03-23 16:54:04,106900,card,2138,385,setl_ihlz60xnvw9v27,captured
pay_ehmjg3zasg0e3y,order_uxpzlmvrb49eyq,2026-02-04 16:56:07,46600,card,932,168,setl_loeej8p0363err,captured
pay_httvyrlylgipsq,order_j3shnzhuzimixi,2026-02-19 09:28:05,340200,upi,0,0,setl_57dkr8we1ld4hf,captured
pay_1z6rz5e8fwixes,order_13nlcbp1ut30zi,2026-01-27 10:24:48,60300,card,1206,217,setl_lmc6qbtpgvhqfs,captured
pay_ndr27q05n7ujh9,order_1hty9jvpktnpoq,2026-03-10 08:57:11,40300,upi,0,0,setl_cy02355rxf3dgx,refunded
pay_lyhyhyy7kmkxlz,order_wt6qptnoki1g8b,2026-01-22 08:09:21,467600,card,9352,1683,setl_olhoefx33wper0,captured
pay_qn83e6e0esrt2i,order_idqmia6ju7eclc,2026-03-31 20:23:32,147900,upi,0,0,setl_63hjwsjao5sf4p,captured
pay_gmymfa6lb3yljc,order_oxe8nmoi1cn1d2,2026-03-01 10:19:27,294400,upi,0,0,setl_wg96a9tv3603ep,captured
pay_l0pe7bh6digz3i,order_uxig7j64qwcz8x,2026-01-05 07:37:30,76900,upi,0,0,setl_jb4iycka7ebxm4,captured
pay_ajmxa2okgc892l,order_kjioi052z3eye5,2026-02-25 21:47:16,57200,upi,0,0,setl_fjubwhj4nuw113,captured
pay_jlc2au8o0u1sxx,order_obx82mma4w8fhe,2026-01-30 15:01:14,302600,upi,0,0,setl_4sse8tbudyqcih,captured
pay_8bmgux0nt5mbcs,order_4t17eqaj60wjj0,2026-02-12 13:18:28,326100,upi,0,0,setl_blfhrgh8cu53a4,captured
pay_rnsii6vdqq4lbp,order_84ysy4jjhqakq1,2026-01-05 18:54:19,113400,upi,0,0,setl_jb4iycka7ebxm4,captured
pay_wwhv4fmcxcozfp,order_4gejwy2el6xn17,2026-03-07 16:50:50,76300,upi,0,0,setl_8rcowtf1l5jtt6,refunded
pay_77x6i6z1ypimgf,order_nki9lp4rrnoxku,2026-03-07 19:04:07,125600,card,2512,452,setl_8rcowtf1l5jtt6,captured
pay_opbt6btc6af23s,order_sx99vv56lnaty8,2026-01-19 07:02:02,40800,upi,0,0,setl_ckovgkmddyvf20,captured
pay_d94baxcrtz7oo6,order_10ge723hjzhhbb,2026-03-17 14:00:12,134800,upi,0,0,setl_nf76s64rcbd6hk,captured
pay_5pufvrnf8xvwmn,order_g1bz0ogdeam9rd,2026-03-23 20:24:17,147000,upi,0,0,setl_ihlz60xnvw9v27,captured
pay_vxsf3hgdhsomnq,order_jrg5t5wbv34ton,2026-03-25 07:57:48,172200,upi,0,0,setl_d932kldoq526i0,captured
pay_sioz52okptlemr,order_rnwynpkuywb0p1,2026-03-02 16:24:36,82500,upi,0,0,setl_gxt8aimmy71t26,captured
pay_cz51lmbyviwb5p,order_ock7wnclt68y35,2026-03-27 18:19:57,95400,upi,0,0,setl_wqkvxto3gxvlu7,captured
pay_ibqqo6ykk7na86,order_3am1mei5qqtpak,2026-03-06 09:01:39,837000,upi,0,0,setl_8rcowtf1l5jtt6,captured
pay_o76kr2zorxurou,order_656o9fxsv59ffw,2026-01-14 17:57:22,69700,upi,0,0,setl_opdcf6j5wixc2v,captured
pay_65msqwbxx1m7k5,order_wft9jxcathispe,2026-01-22 07:33:52,53300,upi,0,0,setl_olhoefx33wper0,captured
pay_c3sgfia10skm5o,order_t1qu959dex39qy,2026-02-16 08:04:26,68200,upi,0,0,setl_hyo0coscm1600j,captured
pay_4tfhxzrqphcmrp,order_a29yxfjzbg0sfj,2026-03-18 18:07:45,131000,card,2620,472,setl_i779xkgycurgiw,captured
pay_j950i89bl9sqqp,order_cf1utj4i3a7y5k,2026-02-26 11:54:06,57800,netbanking,1098,198,setl_t8widn28c970o0,captured
pay_cocrgp9erdzirz,order_ihq6uyshvzuu73,2026-03-07 09:15:25,47400,wallet,1043,188,setl_8rcowtf1l5jtt6,captured
pay_jfhmp1t94eoyhj,order_t0b1k8km171zp8,2026-03-16 14:58:08,75200,card,1504,271,setl_9ziplehvmcpcg3,captured
pay_gvlmj6myestev0,order_wr8y06p70j9csi,2026-01-11 06:14:42,111600,upi,0,0,setl_h9o3muublta3bw,captured
pay_al56vyjuse1k0h,order_e90cybls8f342y,2026-01-29 19:26:02,73000,netbanking,1387,250,setl_j502p555prthl8,captured
pay_0k8q211g8q9ap7,order_ec6bkpe64itsw2,2026-02-28 07:07:14,136400,upi,0,0,setl_wg96a9tv3603ep,captured
pay_d3raqgowlvr13q,order_11ghkqsm2oullr,2026-02-26 15:26:45,458700,wallet,10091,1816,setl_t8widn28c970o0,refunded
pay_bm7kd7dxdemtra,order_jzza5tl7r0mdlt,2026-01-31 14:09:57,76800,upi,0,0,setl_4sse8tbudyqcih,captured
pay_vw676irwu3r36w,order_01saa790wy5b6n,2026-01-15 09:56:48,43600,upi,0,0,setl_grv7k1qff39825,captured
pay_qif9cldorqoxw6,order_roslxclnz1o2hw,2026-01-06 07:39:28,129400,upi,0,0,setl_8zu1ktsnub3qzg,captured
pay_3xr58sv2oqaj8u,order_spdot77l929zro,2026-01-10 20:27:45,110200,card,2204,397,setl_h9o3muublta3bw,captured
pay_srdj4ldgphcdch,order_ge6kcc5y97rkhm,2026-01-13 18:36:07,117300,upi,0,0,setl_svzb0gabvczqv4,captured
pay_m0hzbpr4h27q1s,order_1nmlmrnflj5doa,2026-02-27 06:35:21,139500,upi,0,0,setl_wg96a9tv3603ep,captured
pay_tzk6vdycmutk3s,order_j1kjmk7jkdmy6p,2026-01-30 19:26:14,452800,upi,0,0,setl_4sse8tbudyqcih,captured
pay_4okngqi23pckfb,order_zd0fnzn8urgwbi,2026-01-20 22:33:14,877100,upi,0,0,setl_i1ppblfh8tj5m7,captured
pay_73ojhk7xos76m6,order_y5rk5equcn2xt3,2026-03-22 16:48:29,52300,upi,0,0,setl_lkgzbjhy4tfgax,captured
pay_b6s59p7vz5ri13,order_hyw21gmhjiz5sd,2026-03-22 13:30:27,46100,card,922,166,setl_lkgzbjhy4tfgax,captured
pay_qbb0qcryeecbrh,order_ke195zmjlr3hnl,2026-01-11 07:05:20,275500,card,5510,992,setl_h9o3muublta3bw,captured
pay_4ndq2z2ezh5cc8,order_1lkuq2s0jjhc0n,2026-02-27 20:12:32,140300,upi,0,0,setl_wg96a9tv3603ep,captured
pay_mk049hp1r15kj5,order_0zh31tyd2bai3a,2026-03-11 13:03:55,74400,upi,0,0,setl_mi7tt2ol7lcfi6,captured
pay_ckmss3061y55eo,order_obbws7ertlscvu,2026-01-29 22:18:29,186400,netbanking,3542,638,setl_j502p555prthl8,captured
pay_40ppcv67h3e2xd,order_slm1lpflniqz1j,2026-02-13 09:34:31,112000,upi,0,0,setl_9hpnkvdkx29mhx,captured
pay_fxthys99h0769t,order_3wpevfvg14ngg1,2026-02-13 08:41:59,67100,netbanking,1275,230,setl_9hpnkvdkx29mhx,captured
pay_estkr2ukoiap3f,order_w4gzh0umv8o7pj,2026-03-20 18:02:02,89200,upi,0,0,setl_lkgzbjhy4tfgax,captured
pay_nkni7ambp21c6t,order_uxcs4qshnshs9m,2026-03-09 11:43:26,122700,upi,0,0,setl_6qsiife23ixpuu,captured
pay_vkalzwhulwxdok,order_bfu2akaidxu748,2026-03-23 15:09:26,44200,upi,0,0,setl_ihlz60xnvw9v27,captured
pay_den7q6k0tjc8s2,order_34r8p2l1w21bn7,2026-02-07 08:27:05,106800,card,2136,384,setl_x9629fsv80nszb,captured
pay_mbho68t5wl9gjw,order_em1yzqm0p1nzx0,2026-03-04 10:11:00,221600,card,4432,798,setl_id6lid416qfq61,captured
pay_w4p1e552w0la2i,order_eobr5jg5zhok29,2026-02-06 22:34:59,149100,upi,0,0,setl_x9629fsv80nszb,captured
pay_xi32dwbb9fziuo,order_ae8ma8zm471n9z,2026-03-17 16:27:44,743500,netbanking,14127,2543,setl_nf76s64rcbd6hk,captured
pay_vj0z1b3hyonlgi,order_g7cegmj1aqafag,2026-03-15 10:43:59,140900,netbanking,2677,482,setl_ob1zbkbpqox76q,captured
pay_ibpj7ebl9g43ej,order_f7g2lxpbj83npx,2026-03-31 08:35:32,67200,upi,0,0,setl_63hjwsjao5sf4p,captured
pay_aj9l1btk5t7og7,order_5g5o4dplktw39d,2026-03-26 13:59:52,72600,wallet,1597,287,setl_86tilepkwugepq,captured
pay_ri3p9p3nvo9rj1,order_jl9vjstuncjovg,2026-01-11 09:46:26,847700,upi,0,0,setl_h9o3muublta3bw,captured
pay_8e5b36yu5o9soc,order_ml2mpsfidxz52b,2026-01-14 07:47:48,132200,card,2644,476,setl_opdcf6j5wixc2v,captured
pay_0gfqks1uqs1m66,order_b4qe4yutmi8su7,2026-03-03 20:06:47,65000,card,1300,234,setl_s36ohm15574nxh,captured
pay_4zuxdp1j6ni2yy,order_0sdzu2cn0e6oos,2026-02-07 08:13:09,289100,upi,0,0,setl_x9629fsv80nszb,captured
pay_ztbu43wnk1xkxy,order_e3wyh0zavlqez8,2026-03-07 18:35:38,132200,upi,0,0,setl_8rcowtf1l5jtt6,captured
pay_obfxy6ihv9azr1,order_r9d1iwlt8nucxy,2026-01-08 11:53:59,75700,card,1514,273,setl_xx3zh6x38f6k9i,captured
pay_ugs1ujpbozxdlz,order_hogs3eo5zj3vxu,2026-02-05 12:25:59,129500,netbanking,2461,443,setl_9redif5czb1c2o,captured
pay_apz75zyrb63asz,order_6yaldld3hz0j4a,2026-01-09 15:02:47,34800,netbanking,661,119,setl_h9o3muublta3bw,captured
pay_tk3arm88bqo8xp,order_y0gkt5ny5lanll,2026-03-16 18:51:40,100200,upi,0,0,setl_9ziplehvmcpcg3,captured
pay_d3exrxvwwn47ha,order_hgkqsmm00dlccr,2026-01-28 10:39:55,278300,netbanking,5288,952,setl_nxu2v0awbwkxj5,captured
pay_21tc49gmjpu65r,order_f01tsub8zf8fh7,2026-03-01 06:41:46,43300,upi,0,0,setl_wg96a9tv3603ep,captured
pay_2x0nq3hqdnioyt,order_v5r9lm1z7ghk2k,2026-03-16 16:19:53,286400,upi,0,0,setl_9ziplehvmcpcg3,captured
pay_ebdcqke9z6xwt3,order_sgs8ju3cg43yp2,2026-03-18 21:00:19,256700,wallet,5647,1016,setl_i779xkgycurgiw,captured
pay_278x1q9wmxmv43,order_mzfxxwg0rdxqdw,2026-01-30 09:06:13,30300,upi,0,0,setl_4sse8tbudyqcih,captured
pay_v2oaani8avd4rw,order_xm83196vj08nac,2026-03-14 17:54:21,52100,wallet,1146,206,setl_ob1zbkbpqox76q,captured
pay_z9mv32rski8g1d,order_mvn57o2bzyiux8,2026-03-20 11:40:20,32500,upi,0,0,setl_lkgzbjhy4tfgax,captured
pay_5aesx4ree5njqc,order_pmggkkgwvdig5f,2026-02-20 10:27:11,84000,upi,0,0,setl_qal9h36vfum300,captured
pay_nuicxzv1oiux4a,order_855ezq7lnixn53,2026-01-29 14:18:42,380500,netbanking,7230,1301,setl_j502p555prthl8,captured
pay_dywzcah29umz71,order_e0xutr4yecgjlb,2026-03-19 16:44:03,108400,upi,0,0,setl_hjydfszyf4rzmu,captured
pay_59de6n0ybbit69,order_u072fmr8kc62qw,2026-02-25 08:59:34,63400,upi,0,0,setl_fjubwhj4nuw113,captured
pay_p3rvhkb6djv8wo,order_c3yp0fzda4fqw7,2026-03-10 20:50:11,143800,card,2876,518,setl_cy02355rxf3dgx,captured
pay_0w8mo0468227zw,order_8rxyiusumqu6zk,2026-01-01 20:19:56,100900,upi,0,0,setl_2lzlm5imf0kd5q,captured
pay_ym5fh0dkmfasx4,order_yxm5lefayd5klk,2026-02-18 15:07:09,35800,upi,0,0,setl_marwnoou4khb0k,refunded
pay_7j1of74wvf9m2w,order_z6ik2ivl7oxppq,2026-03-19 20:16:11,34500,upi,0,0,setl_hjydfszyf4rzmu,captured
pay_jxn8n0tgq9xbhq,order_ahsr0592q1hrhg,2026-01-09 16:20:05,54200,netbanking,1030,185,setl_h9o3muublta3bw,captured
pay_opjj3pbdpqq8e3,order_l9va3dpvkoejrr,2026-03-31 14:55:12,62100,upi,0,0,setl_63hjwsjao5sf4p,captured
pay_1fkahm3ul8u6c2,order_ve1rdgwr77svef,2026-02-11 16:25:22,61700,wallet,1357,244,setl_owvw9a3grfow7z,captured
pay_081x8fbxgblrlc,order_xrwmkyy7z1hd5b,2026-02-17 16:45:16,76100,upi,0,0,setl_9994rz2os2zywh,captured
pay_ntxutfjeoz04nx,order_hhnhgjd4urbc4t,2026-03-26 10:19:30,466900,upi,0,0,setl_86tilepkwugepq,captured
pay_l7rwibpu2todc1,order_zgu15r26b5mfaq,2026-03-09 10:08:17,165800,upi,0,0,setl_6qsiife23ixpuu,captured
pay_rnapad07kra4as,order_dy671cfzfawbjp,2026-02-13 13:25:22,73000,upi,0,0,setl_9hpnkvdkx29mhx,captured
pay_f1ng5jlyqm1vla,order_x9hsnqii37ll0d,2026-03-05 19:17:44,599000,upi,0,0,setl_1pprr34her4zyz,captured
pay_ii0fsh28bda03g,order_40lm69vrkumnzm,2026-01-31 14:16:17,54500,card,1090,196,setl_4sse8tbudyqcih,captured
pay_2d44ksqv3o51wk,order_6ucbmbgknm5kj3,2026-02-21 15:31:10,274700,upi,0,0,setl_qal9h36vfum300,refunded
pay_2maa18a7w6ocfx,order_gpwp0wuyh757f0,2026-01-07 10:49:14,689800,upi,0,0,setl_jde75ge9flap8q,captured
pay_cpbjxw07hzo7ou,order_p9rnq9psc6o7fg,2026-03-07 17:31:24,50100,upi,0,0,setl_8rcowtf1l5jtt6,captured
pay_p8fd3lnvr12wrh,order_dkkrupl0cvol3s,2026-02-13 07:35:27,101800,upi,0,0,setl_9hpnkvdkx29mhx,captured
pay_ulbra1c3vpr1lk,order_0t3g0y92wnw5hk,2026-03-16 20:11:06,757400,upi,0,0,setl_9ziplehvmcpcg3,captured
pay_cud7mldvs8y4uq,order_tyrx4n1hg58rj5,2026-02-07 06:25:06,40600,upi,0,0,setl_x9629fsv80nszb,captured
pay_dup6efxkhpu5sq,order_jy0f1auk3bc1e2,2026-03-31 08:48:48,202100,upi,0,0,setl_63hjwsjao5sf4p,captured
pay_wwlihlw971r83l,order_kor62fj5vs67i6,2026-01-28 08:10:23,68700,upi,0,0,setl_nxu2v0awbwkxj5,captured
pay_ba7iza0ywf1vuk,order_yccxnhte9f51uj,2026-02-20 08:16:38,194600,card,3892,701,setl_qal9h36vfum300,captured
pay_ldgld1am1i13qw,order_z48r8n8why3j1l,2026-03-04 15:35:17,98600,card,1972,355,setl_id6lid416qfq61,captured
pay_5wf5b5lg1xo6ic,order_cikpgs2vjwzdqr,2026-02-02 21:19:48,75600,netbanking,1436,258,setl_l3k3kfcno0zwp9,captured
pay_e6qgyhwj1fjg83,order_puuya0an3l66bb,2026-01-06 20:22:31,39800,card,796,143,setl_8zu1ktsnub3qzg,captured
pay_msvtndqazyi9x5,order_wpvt59vq6z9d08,2026-03-06 16:23:54,113500,upi,0,0,setl_8rcowtf1l5jtt6,captured
pay_9acwqa55k7hxuj,order_y0zahrdcnb2aa2,2026-02-03 12:20:59,35100,upi,0,0,setl_cb3atkunlhj9mi,captured
pay_df95kuyh0i3pvy,order_27d1vsio4ykw4j,2026-03-26 13:02:32,141300,card,2826,509,setl_86tilepkwugepq,captured
pay_7e93f0naxa4hbj,order_8xipdc9k8ivlp7,2026-02-16 21:42:28,61600,card,1232,222,setl_hyo0coscm1600j,captured
pay_i3yhpf0am6p57x,order_swye6z5wfuhhwe,2026-03-26 19:27:25,61100,upi,0,0,setl_86tilepkwugepq,captured
pay_qn9tikek9ncdk7,order_nlaksbhcv3tyzx,2026-01-07 20:20:48,42100,upi,0,0,setl_jde75ge9flap8q,captured
pay_2y0u8js9fyzrun,order_js5nw0zy1u2m0w,2026-02-25 21:30:54,100800,upi,0,0,setl_fjubwhj4nuw113,captured
pay_n4qs85o639mt5u,order_6zso6f9civ8gwi,2026-02-24 13:55:18,38300,upi,0,0,setl_dlrkavuq1t51a1,captured
pay_c6r0cergn6pywn,order_d4tzozsjm00m8m,2026-02-19 14:45:05,117900,wallet,2594,467,setl_57dkr8we1ld4hf,captured
pay_zpnsfjjzrns0vb,order_xmszxbxiiy7h5a,2026-01-02 22:53:45,41500,card,830,149,setl_wepzs7szuqc9f6,captured
pay_ww2496tuf5021j,order_uhg3gpjzl47kkx,2026-02-16 19:09:09,129200,upi,0,0,setl_hyo0coscm1600j,captured
pay_rxd4w13ym2mf2b,order_0z3r3nip4a0lz5,2026-03-05 19:03:07,86400,upi,0,0,setl_1pprr34her4zyz,captured
pay_3xkpfqlvior5wx,order_kt5vr56dou2nsy,2026-01-27 13:11:48,41500,upi,0,0,setl_lmc6qbtpgvhqfs,captured
pay_awrtzorcyg77nc,order_zy6fxdwsm4ty3l,2026-02-26 13:54:44,40200,upi,0,0,setl_t8widn28c970o0,captured
pay_r9px2tpsqnq8va,order_d9rek2afw2dy3g,2026-01-06 14:01:22,33900,card,678,122,setl_8zu1ktsnub3qzg,captured
pay_l5rgxnqdpgxqhx,order_eim7kwrcpf0re6,2026-02-04 15:53:00,141700,upi,0,0,setl_loeej8p0363err,captured
pay_k64pm7pafu4prp,order_6zwlrdta0i8k05,2026-03-30 22:49:45,286200,upi,0,0,setl_j85ptu7k9no41z,captured
pay_n35k6bc7cjr3bp,order_t9nqlvwm27sg6d,2026-03-16 07:27:53,189700,card,3794,683,setl_9ziplehvmcpcg3,captured
pay_8e2s2cub29sdsz,order_fmgb2o1kiteji8,2026-03-06 12:01:18,58000,card,1160,209,setl_8rcowtf1l5jtt6,captured
pay_aizxfpz8rq6ryg,order_glo5ls50gh1mp6,2026-01-12 18:33:05,44600,upi,0,0,setl_9ein7jcd4rdl3a,captured
pay_mevke0arwil345,order_loncff3qof90mt,2026-01-04 14:15:13,46300,card,926,167,setl_wepzs7szuqc9f6,captured
pay_1f6bmh2ywmxbka,order_hf6drf7r1x81b7,2026-02-24 12:51:44,133200,card,2664,480,setl_dlrkavuq1t51a1,refunded
pay_0dnr8bkf0demm9,order_6bhkkacl9xv8fk,2026-01-12 06:43:55,38100,netbanking,724,130,setl_9ein7jcd4rdl3a,captured
pay_vtdkr5hyauyzge,order_b0z8d1oqxpphhs,2026-01-25 20:50:57,124500,upi,0,0,setl_pe6faz7kvftyvi,refunded
pay_zhoienwz7mipiv,,2026-03-17 18:42:54,65600,netbanking,1246,224,setl_nf76s64rcbd6hk,captured
pay_zil47mfdqswu3r,order_q1cx7fcsk99r8n,2026-01-26 10:37:50,96600,upi,0,0,setl_r7od0iq6cc73mp,captured
pay_7f1rht8hikvhfb,order_hf3vrtn4pxrp24,2026-01-19 08:27:49,119000,upi,0,0,setl_ckovgkmddyvf20,captured
pay_r4kojbbwv533e2,order_6ao9lhbj0b1ehm,2026-01-15 21:29:45,129100,upi,0,0,setl_grv7k1qff39825,captured
pay_fwvok7zx4vkbqm,order_gepsgqlmogqz62,2026-03-18 11:04:12,46700,wallet,1409,254,setl_i779xkgycurgiw,captured
pay_m4de4hx6iy95gs,order_hy59grosyqdv3z,2026-01-22 16:41:08,38400,upi,0,0,setl_olhoefx33wper0,captured
pay_ep1nly9mjcs1br,order_xgtjq9v49qvmvf,2026-02-28 07:22:10,35400,wallet,779,140,setl_wg96a9tv3603ep,captured
pay_ug6ebir1627utc,order_m1y28a46l9t3c0,2026-01-30 14:03:18,48400,card,968,174,setl_4sse8tbudyqcih,captured
pay_2g3q0ldfd3cgxc,order_n9tdftcjfjvjqa,2026-01-13 09:52:59,73200,upi,0,0,setl_svzb0gabvczqv4,captured
pay_riu6rieo52xjsu,order_axx8mkh7f0y2y2,2026-02-15 18:12:33,137900,upi,0,0,setl_9hpnkvdkx29mhx,captured
pay_t9vp34rz1mx6xg,order_xgay7z1g4dt2eh,2026-03-31 06:35:34,287500,card,5750,1035,setl_63hjwsjao5sf4p,captured
pay_s101nj7o6votkj,order_1ihb457ilz0y5m,2026-01-11 12:21:32,375800,upi,0,0,setl_h9o3muublta3bw,captured
pay_9dmkhbty31o5yw,order_fw9ua13tgjng4h,2026-02-03 22:29:05,67000,upi,0,0,setl_cb3atkunlhj9mi,captured
pay_s8awgjx8c2iat9,order_gu101i0u0zmr5x,2026-02-18 22:00:30,50500,upi,0,0,setl_marwnoou4khb0k,captured
pay_krd2rcgciqfxp4,order_58ys4c5pyzr5ew,2026-01-26 08:37:47,254200,upi,0,0,setl_r7od0iq6cc73mp,captured
pay_byzv8dgekpwe1y,order_b0e7pffdw81fe0,2026-02-27 18:09:08,75400,upi,0,0,setl_wg96a9tv3603ep,captured
pay_gs2vp2ffzztf97,order_7l7ni1gz556ors,2026-03-31 08:43:25,75800,upi,0,0,setl_63hjwsjao5sf4p,captured
pay_zlqpxxbt4ml3v2,order_vjf3cdyre0m05g,2026-03-11 20:33:14,104300,card,2086,375,setl_mi7tt2ol7lcfi6,refunded
pay_4fyez1vqivgsi7,order_7zewkn940hl8o5,2026-02-09 21:20:56,53200,upi,0,0,setl_s4l1ku1vti53ru,captured
pay_w6p7cqu46cuami,order_a87dstq9gzui1u,2026-01-29 07:13:43,92900,upi,0,0,setl_j502p555prthl8,captured
pay_qb1kfyrck6qj6s,order_ve46tx75e361qi,2026-03-01 15:50:50,79400,wallet,1747,314,setl_wg96a9tv3603ep,captured
pay_dzec8e588afiox,order_rzhmu08zcc542j,2026-03-04 17:23:07,120700,upi,0,0,setl_id6lid416qfq61,captured
pay_nkl35f4rn0mmlf,order_3l90c8n47yj9aa,2026-01-20 08:06:21,63900,netbanking,1214,219,setl_i1ppblfh8tj5m7,captured
pay_n5byaz3eif8mgi,order_spls6m15m8a96c,2026-03-15 14:14:03,253800,upi,0,0,setl_ob1zbkbpqox76q,captured
pay_prku6rvxih0f0a,order_ss4upjx4dbk4wn,2026-02-08 11:23:47,53900,upi,0,0,setl_x9629fsv80nszb,captured
pay_mhjykjakt3z6g9,order_pnjanmhu5frzmy,2026-01-21 14:27:40,52100,upi,0,0,setl_7u76rb7en0399o,captured
pay_8bsohiyoid3ras,order_bzq3k1jn9jrvrf,2026-03-31 20:02:41,79500,card,1590,286,setl_63hjwsjao5sf4p,captured
pay_xtyuc5ctt4utgp,order_rq96s71uioax3i,2026-03-31 11:54:39,47500,card,950,171,setl_63hjwsjao5sf4p,captured
pay_w8icwgsc5ytca2,order_9bgb2aox3td4wl,2026-03-23 10:48:08,46300,upi,0,0,setl_ihlz60xnvw9v27,captured
pay_a8lcon8l1ht3v6,order_yeq1vk3zpctgn8,2026-03-11 07:16:58,108200,netbanking,2056,370,setl_mi7tt2ol7lcfi6,captured
pay_qpsjh8piezlayr,order_xb6q8cpae9uwdk,2026-01-23 16:06:54,179900,card,3598,648,setl_pe6faz7kvftyvi,captured
pay_xr0lzhgxva9qxt,order_c8k6wwk494pgsf,2026-01-23 16:45:44,144000,upi,0,0,setl_pe6faz7kvftyvi,captured
pay_vkeqom6p95a868,order_89hdvizrl6o9ak,2026-03-15 20:35:35,120600,card,2412,434,setl_ob1zbkbpqox76q,captured
pay_dqlc8mc4ny8ns6,order_rqg699929xdgh4,2026-02-20 13:27:19,127000,upi,0,0,setl_qal9h36vfum300,captured
pay_fnhd50fr6fi6hj,order_9i730ep02fgsct,2026-03-05 19:55:20,32700,upi,0,0,setl_1pprr34her4zyz,captured
pay_rah5i5d64g4qqh,order_zcdgyiqfyyicvc,2026-01-30 08:29:24,563200,card,11264,2028,setl_4sse8tbudyqcih,captured
pay_tvl4ttolbftpy9,order_1n2nndr5x9h835,2026-02-02 08:47:19,769600,upi,0,0,setl_l3k3kfcno0zwp9,captured
pay_6nunfhm4umuhz3,order_fhoxt74tcpuff8,2026-03-21 11:56:26,136800,upi,0,0,setl_lkgzbjhy4tfgax,captured
pay_k232wseawx4a5t,order_di15btqan8kdbm,2026-01-22 20:44:22,92300,upi,0,0,setl_olhoefx33wper0,captured
pay_6d31gyaekeay0b,order_11fiq0bn9dtsu7,2026-02-08 07:26:05,59400,upi,0,0,setl_x9629fsv80nszb,captured
pay_qdb3mgw5sz4l3x,order_w9nmeo2x5as6rq,2026-03-24 20:15:24,83300,card,1666,300,setl_bjuqk7c3un19bl,refunded
pay_r71gth9b4y46th,order_e2epelzm5nqhzd,2026-02-06 17:20:49,47700,upi,0,0,setl_x9629fsv80nszb,captured
pay_q57oh31j532vjz,order_p2vlwux4q5fwu5,2026-01-15 06:41:59,440600,upi,0,0,setl_grv7k1qff39825,captured
pay_66ufrpzoo1f6r6,order_5mash9w20lyvya,2026-03-12 12:25:07,123500,card,2470,445,setl_pjr716gfgceh8w,captured
pay_ngn7mdht5rdpq5,order_hqlddc6l0dsuc4,2026-02-28 14:41:51,65200,upi,0,0,setl_wg96a9tv3603ep,captured
pay_q3m5o8cglhf5a8,order_ajx4dhn9idvzdu,2026-01-22 08:50:20,36000,netbanking,684,123,setl_olhoefx33wper0,captured
pay_d9v8dwxtr3b46k,order_gp7ztm2e8zr54h,2026-03-25 07:58:56,93800,netbanking,1782,321,setl_d932kldoq526i0,captured
pay_acmizqxvqxura3,order_cby397hv598zs7,2026-03-10 12:14:27,55400,upi,0,0,setl_cy02355rxf3dgx,captured
pay_0ozxxonk5jwq0h,order_r6jpa8dz4ikov4,2026-02-26 15:47:16,70300,upi,0,0,setl_t8widn28c970o0,captured
pay_70z4t3drwhhl2r,order_gdar7070jdj82a,2026-01-31 21:43:53,63300,upi,0,0,setl_4sse8tbudyqcih,refunded
pay_fkfvqcvwnrc9lx,order_kpcrin9is7he2y,2026-03-01 06:22:10,324400,upi,0,0,setl_wg96a9tv3603ep,captured
pay_cgm4p3j8w6hb3o,order_xanup1it5x59b9,2026-03-28 15:32:26,197700,upi,0,0,setl_wqkvxto3gxvlu7,captured
pay_qt7dobfshfao2n,order_f4c39natom4dqx,2026-01-04 10:50:37,493100,upi,0,0,setl_wepzs7szuqc9f6,captured
pay_yqx7ah2yqpezii,order_qgo64o0ykc1inn,2026-01-15 07:33:43,281700,upi,0,0,setl_grv7k1qff39825,captured
pay_k0jexyn725h83c,order_j4wcxwhihm1qvm,2026-02-14 06:27:31,60000,card,1200,216,setl_9hpnkvdkx29mhx,captured
pay_qbgr7jkj0y3249,order_pb1pzw9r1xglyr,2026-01-22 10:26:22,143100,netbanking,2719,489,setl_olhoefx33wper0,captured
pay_fos36e3fhe7bx9,order_z8cvjeoi8hkikh,2026-01-29 22:18:44,347900,upi,0,0,setl_j502p555prthl8,captured
pay_ol2nuzwc1stkf7,order_ghvgqi59h3b44p,2026-02-21 11:30:34,67700,upi,0,0,setl_qal9h36vfum300,captured
pay_s1gf5wmee117j8,order_3eiuu9c2dw3zjh,2026-01-07 17:54:01,296200,upi,0,0,setl_jde75ge9flap8q,captured
pay_5gfhq7wv2doyso,order_kn0y0cz0f6i04p,2026-01-13 18:31:25,36000,upi,0,0,setl_svzb0gabvczqv4,captured
pay_zz8v2x1awfla87,order_igm7x6wh88aiuc,2026-01-29 21:52:51,52400,card,1048,189,setl_j502p555prthl8,captured
pay_oi0g0ylmxnlxul,order_4s5felx0b7ggd2,2026-01-09 09:17:45,581600,upi,0,0,setl_h9o3muublta3bw,captured
pay_jxx15i4hrftb1t,order_ky22lugmvsweqa,2026-02-17 22:11:10,46100,card,922,166,setl_9994rz2os2zywh,captured
pay_woav6tixqkqc2g,order_8pdyk9ruriq1gd,2026-01-06 16:18:11,70800,upi,0,0,setl_8zu1ktsnub3qzg,captured
pay_c888fifoaaz2dv,order_mf9ds2lkwxvspw,2026-01-13 11:46:58,48100,upi,0,0,setl_svzb0gabvczqv4,captured
pay_pn559juixh5lck,order_ozsvsiigz226mb,2026-01-19 18:53:53,140100,card,2802,504,setl_ckovgkmddyvf20,captured
pay_rn68uvk4tfukto,order_norsfnqn6u3wn5,2026-01-30 06:23:50,129500,wallet,2849,513,setl_4sse8tbudyqcih,captured
pay_cqdivg88d1o82r,order_8ioy5q9x820asy,2026-03-28 18:57:35,130400,upi,0,0,setl_wqkvxto3gxvlu7,captured
pay_gp0820eiv0r6zb,order_tnt88ga31ertn4,2026-03-29 10:02:48,76600,upi,0,0,setl_wqkvxto3gxvlu7,captured
pay_k70jisjati91jz,order_1470vh7aigrzmi,2026-03-07 10:09:37,243900,upi,0,0,setl_8rcowtf1l5jtt6,captured
pay_8bl55l1fiksc77,order_huete5cf51mh3q,2026-03-08 16:40:27,847400,wallet,18643,3356,setl_8rcowtf1l5jtt6,captured
pay_zq17j3y3wfxpl1,order_aljoxzju9egpks,2026-03-12 16:06:00,209100,card,4182,753,setl_pjr716gfgceh8w,captured
pay_zs8h8edm7241p9,order_kyzuyup5i2m8hw,2026-02-28 10:19:17,134800,upi,0,0,setl_wg96a9tv3603ep,captured
pay_w4dmndz0n4y7bu,order_m8pzr02wdarxwi,2026-03-22 13:22:03,119000,upi,0,0,setl_lkgzbjhy4tfgax,captured
pay_khcn759d6iug11,order_cot4694bfa4dk3,2026-03-23 09:54:20,65000,upi,0,0,setl_ihlz60xnvw9v27,captured
pay_wy5sf6wxjnsc7e,order_hyjjlf5fort1gf,2026-03-12 19:15:08,91100,card,1822,328,setl_pjr716gfgceh8w,captured
pay_tlypqsb3aqkhye,order_ut88nvltdbtlod,2026-03-18 16:25:59,212700,upi,0,0,setl_i779xkgycurgiw,captured
pay_o5wpz3rzokbe18,order_3b54uoal6rn6z9,2026-03-11 08:49:08,578700,card,11574,2083,setl_mi7tt2ol7lcfi6,refunded
pay_fcvf2pkgxlnq0w,order_stzbig18u69ihd,2026-03-31 13:11:27,259400,upi,0,0,setl_63hjwsjao5sf4p,captured
pay_q1n6lx0k7phbtk,order_2e7u3ndphzwegg,2026-01-31 11:27:43,121500,upi,0,0,setl_4sse8tbudyqcih,captured
pay_4erotle6h3os21,order_jyylvwgzyge2y6,2026-02-28 16:09:06,351400,card,7028,1265,setl_wg96a9tv3603ep,captured
pay_113zrwi9l9ognc,order_htvhp2iigscl1h,2026-01-19 13:26:46,76100,upi,0,0,setl_ckovgkmddyvf20,captured
pay_0eywiwazn27wuu,order_6utz72llkqf7jw,2026-01-27 09:22:57,224300,card,4486,807,setl_lmc6qbtpgvhqfs,captured
pay_xxwys5chmezaer,order_8hkg9x4zbnz01j,2026-03-30 20:36:13,39900,card,798,144,setl_j85ptu7k9no41z,captured
pay_i3zkgz3z1karkv,order_anli031jcv9o8m,2026-03-06 12:01:11,31500,upi,0,0,setl_8rcowtf1l5jtt6,captured
pay_7sb3qgs1kslqen,order_8zr6hu0bn3189w,2026-01-21 07:59:45,479200,upi,0,0,setl_7u76rb7en0399o,captured
pay_xn24ztzqbveml4,order_q1fygyysm5o1lu,2026-02-02 07:44:15,38300,upi,0,0,setl_l3k3kfcno0zwp9,captured
pay_okhkbqykc97m6p,order_baozcm3nwxtpl1,2026-03-24 12:35:45,775900,upi,0,0,setl_bjuqk7c3un19bl,captured
pay_d9htqqjfelr1gy,order_bfz2tkk05mob6n,2026-02-28 07:16:32,102900,card,2058,370,setl_wg96a9tv3603ep,captured
pay_p9hybgr2do1btq,order_1kcxh3yfkldc46,2026-02-28 18:54:22,38800,upi,0,0,setl_wg96a9tv3603ep,captured
pay_klfq9j4yjc0i64,order_yeivau0oy28bxx,2026-01-08 22:23:12,877200,upi,0,0,setl_xx3zh6x38f6k9i,captured
pay_ec3i6p47bj9dxm,order_rkvkrlszpzkhp2,2026-01-17 15:00:30,47400,upi,0,0,setl_jrm8iuv8pwnbst,refunded
pay_8jfy3esaoc926q,order_0byp0btp75s001,2026-01-13 09:41:55,53100,upi,0,0,setl_svzb0gabvczqv4,captured
pay_n0mm899m25p0bb,order_rs00mcf5gzpwhs,2026-02-24 13:55:53,285100,card,5702,1026,setl_dlrkavuq1t51a1,captured
pay_pjvcpoknkeu3ar,order_96a2qeas50r0dg,2026-01-26 09:26:05,49200,upi,0,0,setl_r7od0iq6cc73mp,captured
pay_y40rk6fsr9m6ym,order_obxyog0yeol465,2026-01-19 07:57:19,50100,card,1002,180,setl_ckovgkmddyvf20,captured
pay_fpts78a3muynxi,order_11fm6732qt0n3p,2026-03-30 22:47:28,112500,netbanking,2138,385,setl_j85ptu7k9no41z,captured
pay_jsu86fvss3uzxz,order_3rtdcjlls50i3e,2026-01-23 17:00:20,145700,card,2914,525,setl_pe6faz7kvftyvi,captured
pay_nhwk75dhwc5zft,order_3nmqp82hd8o3nf,2026-01-18 07:45:13,39000,netbanking,741,133,setl_jrm8iuv8pwnbst,captured
pay_uvzb7xylbg9rry,order_mq1fi9sfh6d40e,2026-03-27 19:48:58,95000,netbanking,1805,325,setl_wqkvxto3gxvlu7,captured
pay_mxnfavjpxwrxx6,order_p7kyjvquvsg18n,2026-01-19 08:47:03,577900,upi,0,0,setl_ckovgkmddyvf20,captured
pay_sjvi9qy18nzoen,order_peyy6mqw85aust,2026-03-03 09:36:47,89200,upi,0,0,setl_s36ohm15574nxh,captured
pay_c4017hsh7niwy5,order_qozbkib2duysdc,2026-02-07 18:28:21,37800,netbanking,718,129,setl_x9629fsv80nszb,captured
pay_hcn6oez8il2lo9,order_0yq9i097a2m3o6,2026-02-22 15:44:28,76800,upi,0,0,setl_qal9h36vfum300,captured
pay_jkwrlsxyum6g9a,order_hglfgybgals6e4,2026-01-29 19:59:37,172000,upi,0,0,setl_j502p555prthl8,captured
pay_bkrb925egqthj0,order_5zna9w8mbxq5uy,2026-02-27 10:39:54,188700,card,3774,679,setl_wg96a9tv3603ep,captured
pay_hzyjtl0e83scsw,order_43x5ueu959ijyq,2026-02-12 16:35:46,276300,wallet,6079,1094,setl_blfhrgh8cu53a4,captured
pay_qpb7lljxw5k8u8,order_z1vf77i7w6ve07,2026-03-24 11:19:48,44000,upi,0,0,setl_bjuqk7c3un19bl,captured
pay_viwy9juuvftp2k,order_tszfwo71kz4pce,2026-02-27 22:40:21,163200,upi,0,0,setl_wg96a9tv3603ep,refunded
pay_kyub0cp7j6crjg,order_ahmyb15fayycnk,2026-01-13 13:32:16,128700,upi,0,0,setl_svzb0gabvczqv4,captured
pay_km25e7jpwuu9ys,order_g7biv8gfp07d5j,2026-03-30 15:04:31,64400,netbanking,1224,220,setl_j85ptu7k9no41z,captured
pay_uxk1h161xu36s8,order_ewsfcxd28jq95d,2026-03-11 08:40:31,54500,wallet,1199,216,setl_mi7tt2ol7lcfi6,captured
pay_66nqq63r4qkvwi,order_s2lhffesu6ug8b,2026-01-01 16:52:34,305600,netbanking,5806,1045,setl_2lzlm5imf0kd5q,captured
pay_17em8jtevunb1u,order_b5c2gwkjcvaz7l,2026-01-16 19:14:34,162000,upi,0,0,setl_jrm8iuv8pwnbst,captured
pay_vdb2323lrc2ia0,order_zj88tg8yqviump,2026-02-25 07:12:22,58700,upi,0,0,setl_fjubwhj4nuw113,captured
pay_lgfborchfyxu8s,order_k887mry7auyxs0,2026-03-09 09:07:02,79500,upi,0,0,setl_6qsiife23ixpuu,captured
pay_iei9h7fwqwzvcx,order_h2tgxx0zaohirf,2026-03-15 20:59:05,144100,upi,0,0,setl_ob1zbkbpqox76q,captured
pay_wmzvixmmy6s59c,order_4pjkpwfubxzzxw,2026-03-31 17:17:24,38500,upi,0,0,setl_63hjwsjao5sf4p,captured
pay_0hmxpva7dthrza,order_8aqppdeve56xcq,2026-03-24 10:50:22,77600,upi,0,0,setl_bjuqk7c3un19bl,captured
pay_atqm8vwe3t8hn2,order_b6ztgmc4qoqbv7,2026-01-16 08:44:18,124100,upi,0,0,setl_jrm8iuv8pwnbst,captured
pay_s8gysr76a230mh,order_tpalr5sgs28lrc,2026-01-10 10:01:04,81700,netbanking,1552,279,setl_h9o3muublta3bw,captured
pay_40cnl15te91k9p,order_3t7losk1qth21d,2026-01-17 16:36:48,134600,upi,0,0,setl_jrm8iuv8pwnbst,captured
pay_dzs7n0v8cy5gvy,order_bimtv0p3p6bdna,2026-01-30 08:47:31,189600,upi,0,0,setl_4sse8tbudyqcih,captured
pay_vnp6p36k17o56s,order_7rxv8oxlifx0xf,2026-02-08 09:07:08,326900,card,6538,1177,setl_x9629fsv80nszb,captured
pay_4nhtk67p7yot0m,order_8gxr6wnvk98w0g,2026-01-12 19:15:35,45600,wallet,1003,181,setl_9ein7jcd4rdl3a,captured
pay_5m6ublc9pt37wn,order_2qlk4gi37m5xhv,2026-01-05 11:36:24,105300,upi,0,0,setl_jb4iycka7ebxm4,captured
pay_mg4fkry06v32fg,order_3vwdud65jpdv9p,2026-01-25 08:16:23,131400,upi,0,0,setl_pe6faz7kvftyvi,captured
pay_ecpkgq5vn6jdsu,order_533v26gv4x0kq5,2026-02-26 16:02:29,101100,upi,0,0,setl_t8widn28c970o0,captured
pay_ah04esrc3qffc8,order_l1x42jbxps7uyt,2026-01-06 09:29:30,47300,upi,0,0,setl_8zu1ktsnub3qzg,captured
pay_jw5ij4dcot4rez,order_470yi78avnh0tc,2026-02-01 06:32:17,117400,netbanking,2231,402,setl_4sse8tbudyqcih,captured
pay_hpz9zoqzc9r6gg,order_ri5r04wpu88nhw,2026-02-23 09:51:58,111500,card,2230,401,setl_2ejmt21xr8n21l,captured
pay_2e7jbybc4rrk28,order_x7snr3sdf4omxr,2026-01-26 13:29:57,470300,wallet,10347,1862,setl_r7od0iq6cc73mp,captured
pay_ieqtcxlooilx1f,order_05tnax95p59i9u,2026-03-05 10:28:10,218900,upi,0,0,setl_1pprr34her4zyz,captured
pay_kn38igzxj1y8ky,order_s1ce8vs16a9ggc,2026-02-03 06:07:16,131000,card,2620,472,setl_cb3atkunlhj9mi,captured
pay_mib9lsspk0ko38,order_tec0xz0u96l4gl,2026-03-23 17:37:06,240800,upi,0,0,setl_ihlz60xnvw9v27,captured
pay_6a5ysk1aofd40r,order_lw61awy6nfveni,2026-03-02 11:25:02,133700,card,2674,481,setl_gxt8aimmy71t26,captured
pay_f2fj7b78tpiaq0,order_6wbtzgxa9lzr97,2026-01-21 06:18:16,87700,wallet,1929,347,setl_7u76rb7en0399o,captured
pay_4uw622sk64276u,order_i2njig1exfmjy8,2026-01-19 11:39:56,50300,wallet,1107,199,setl_ckovgkmddyvf20,captured
pay_f7pvq5m85hv8d1,order_al6j0qukfuemm1,2026-01-15 11:59:09,199100,upi,0,0,setl_grv7k1qff39825,captured
pay_yaduqtuvcpy8pq,order_84uk2b92yq1p28,2026-02-25 10:29:29,96900,card,1938,349,setl_fjubwhj4nuw113,refunded
pay_wc5wapbimg7ll5,order_5gzs2nqk9j9tgk,2026-02-21 13:40:26,99300,upi,0,0,setl_qal9h36vfum300,captured
pay_rqpyxt81h9ne73,order_vicqgzj7hd4lkg,2026-02-05 11:22:39,110200,netbanking,2094,377,setl_9redif5czb1c2o,captured
pay_9444re9vtlnn9p,order_fl4u0ta8ofrf5l,2026-03-15 16:25:40,49300,netbanking,937,169,setl_ob1zbkbpqox76q,captured
pay_wa4jlly0xlu88m,order_mb0ek5b5crjozx,2026-01-17 08:34:57,269700,upi,0,0,setl_jrm8iuv8pwnbst,captured
pay_fnzew33d0vmc1h,order_zi0db9m7e84pfb,2026-03-25 16:01:21,150300,card,3006,541,setl_d932kldoq526i0,captured
pay_bs0ed1xcu51y14,order_medoqcrxel9uq2,2026-01-06 22:59:45,129600,card,2592,467,setl_8zu1ktsnub3qzg,captured
pay_6ogtoopw9wimo0,order_vetznmdyd22olj,2026-03-18 22:48:31,105800,upi,0,0,setl_i779xkgycurgiw,captured
pay_etfj5tseyuiewi,order_24k3rlevyzushe,2026-03-07 18:46:39,86100,upi,0,0,setl_8rcowtf1l5jtt6,captured
pay_09pjwu22uu84b1,order_0d5vlp7rzsuimm,2026-02-27 18:17:22,136000,card,2720,490,setl_wg96a9tv3603ep,captured
pay_8eoq7ajzgeo96h,order_4qxwjdi6jwn5c3,2026-02-27 20:00:03,132000,upi,0,0,setl_wg96a9tv3603ep,captured
pay_xjxn70gcz88fnu,order_n4s5d8se4q4dr7,2026-03-22 22:48:59,81700,upi,0,0,setl_lkgzbjhy4tfgax,captured
pay_fzec0oaxxq4dj3,order_a7xd3djayf7k8a,2026-01-31 13:55:10,140900,upi,0,0,setl_4sse8tbudyqcih,captured
pay_p22xdbl6qzlwvp,order_6l9quc0r94ipne,2026-01-31 09:55:28,50200,upi,0,0,setl_4sse8tbudyqcih,captured
pay_gghvvndwde7og4,order_1bd9l016m0l65h,2026-01-17 07:58:02,100100,card,2002,360,setl_jrm8iuv8pwnbst,captured
pay_l4r81p3v0seq8o,order_ch4fk8howt65dd,2026-01-01 19:48:43,174100,wallet,3830,689,setl_2lzlm5imf0kd5q,captured
pay_sra8839q7ek69t,order_uuj6zc5w73dk49,2026-03-19 13:00:21,646100,wallet,14214,2559,setl_hjydfszyf4rzmu,captured
pay_zrpfnwslfvx710,order_5sv6y9aqmpcevv,2026-01-16 12:20:18,132200,upi,0,0,setl_jrm8iuv8pwnbst,captured
pay_l1p9v86kw6gxtk,order_nxz1a96ngjwase,2026-01-26 07:59:27,277900,card,5558,1000,setl_r7od0iq6cc73mp,captured
pay_2pwybz49wxqahn,order_b8oxje0fi89n6k,2026-02-10 19:38:13,33000,upi,0,0,setl_ex4ek002gc2r1u,captured
pay_uul32oqcdmh33e,order_1dj6gd3uv03mqb,2026-03-10 21:27:37,123100,upi,0,0,setl_cy02355rxf3dgx,refunded
pay_ffxkkse1avgomo,order_gt9wg2tq8htp57,2026-01-27 07:39:09,169000,upi,0,0,setl_lmc6qbtpgvhqfs,captured
pay_eoo1zccdu2titz,order_klyg4w62m18yn2,2026-03-17 06:35:34,53600,card,1072,193,setl_nf76s64rcbd6hk,captured
pay_i2cgn5ukp05fmh,order_hwl0xm3ywj4e8a,2026-01-30 20:23:21,284800,card,5696,1025,setl_4sse8tbudyqcih,captured
pay_8mxpn051p5pdc5,order_66qt0qyh2x1b6d,2026-03-12 15:28:12,168400,upi,0,0,setl_pjr716gfgceh8w,captured
pay_5dt9eigbo3axqe,order_5gvqw4axj1f4km,2026-01-30 14:22:19,73500,card,1470,265,setl_4sse8tbudyqcih,captured
pay_cdaavs48803drx,order_hpxeswx9vi9k9k,2026-01-24 18:52:36,231200,card,4624,832,setl_pe6faz7kvftyvi,captured
pay_cvn6kytrzdjlq0,order_raid3c1g2b301n,2026-01-28 10:28:49,59100,upi,0,0,setl_nxu2v0awbwkxj5,captured
pay_006cj5qhdc5ypr,order_p0mx1447f58xag,2026-01-10 18:25:26,319300,upi,0,0,setl_h9o3muublta3bw,captured
pay_t3ymoxjuhk349g,order_l9va3dpvkoejrr,2026-03-31 14:55:12,62100,upi,0,0,setl_63hjwsjao5sf4p,captured
pay_mseq65lzucbuo5,order_vrdef4subxniuo,2026-01-13 09:30:12,319000,card,6380,1148,setl_svzb0gabvczqv4,captured
pay_rlnricwrrmrknz,order_72c03whe6p9eh4,2026-02-02 06:30:28,75400,upi,0,0,setl_l3k3kfcno0zwp9,captured
pay_h7e4rukjcldmkx,order_c202foptt2kd8k,2026-01-29 17:58:59,93800,netbanking,1782,321,setl_j502p555prthl8,captured
pay_yc5il89u2sl4hv,order_pmcxmif63dzw13,2026-03-05 21:39:47,47600,upi,0,0,setl_1pprr34her4zyz,captured
pay_2u63fmr7hfgpyh,order_awo4fljwo79nmr,2026-03-18 10:26:33,51200,upi,0,0,setl_i779xkgycurgiw,captured
pay_f8phljzrfyiw4j,order_k4qjghdt0235vw,2026-03-12 11:30:44,307400,wallet,6763,1217,setl_pjr716gfgceh8w,captured
pay_gla1caxh1pxw06,order_k3jvox3frtv4f3,2026-03-05 08:22:06,76700,netbanking,1457,262,setl_1pprr34her4zyz,captured
pay_j1fnup4vcnyd2z,order_cls5b7xqy1yqcd,2026-01-07 20:00:06,79600,upi,0,0,setl_jde75ge9flap8q,captured
pay_8cls22f9yxwfsv,order_7bspnsokpvsgku,2026-02-25 11:55:32,46100,card,922,166,setl_fjubwhj4nuw113,captured
pay_912nn45j0zfwl2,order_nbkm4etx23pa74,2026-01-02 12:46:19,304000,upi,0,0,setl_wepzs7szuqc9f6,captured
pay_0llgyby6jk4a66,order_0v2kzv6qbxifx1,2026-03-22 12:24:59,45500,upi,0,0,setl_lkgzbjhy4tfgax,captured
pay_fucdmzce2jhzph,order_549f5xp82xv7vp,2026-02-11 13:31:08,145500,card,2910,524,setl_owvw9a3grfow7z,captured
pay_nvn977s9oh99ol,order_coyugi4dlfxwjn,2026-03-21 08:32:12,314800,card,6296,1133,setl_lkgzbjhy4tfgax,captured
pay_uqlppryn6g5kcw,order_0z3r3nip4a0lz5,2026-03-05 19:03:07,86400,upi,0,0,setl_1pprr34her4zyz,captured
pay_9xiyn73t3brrlj,order_vb8nlk04u9qagj,2026-02-18 09:06:38,71600,upi,0,0,setl_marwnoou4khb0k,captured
pay_fd98ka90u51wea,order_ewfw16jz8e1220,2026-01-14 16:56:58,172200,upi,0,0,setl_opdcf6j5wixc2v,captured
pay_kqdszm9aobgk9j,order_8nacvlyugctwhc,2026-01-19 06:17:45,42200,wallet,928,167,setl_ckovgkmddyvf20,captured
pay_tgczslrvbsotu7,order_fs9yp1eei5fwaq,2026-03-17 22:36:44,104900,upi,793,143,setl_nf76s64rcbd6hk,captured
pay_is95c5judwu428,order_057sudg8cgvag3,2026-02-20 18:10:03,110500,card,2210,398,setl_qal9h36vfum300,captured
pay_c1wsdhz6l1tkvx,order_dkkrupl0cvol3s,2026-02-13 07:35:27,101800,upi,0,0,setl_9hpnkvdkx29mhx,captured
pay_8xu5bdq4hxr0jw,order_tbk22llyewrxu5,2026-01-01 11:30:16,73000,wallet,1505,271,setl_2lzlm5imf0kd5q,captured
pay_lj9wfxltj396gq,order_pn9i1uz98ecye3,2026-03-23 12:16:31,34200,upi,0,0,setl_ihlz60xnvw9v27,captured
pay_ih62xqb3th27jm,order_dla9g3qe8bwx7e,2026-03-13 10:32:37,45900,upi,0,0,setl_ob1zbkbpqox76q,captured
pay_rrqj7fwculllxf,order_pg7rj5lhnt3w8j,2026-02-13 09:43:27,59700,wallet,1313,236,setl_9hpnkvdkx29mhx,captured
pay_saamvsstw57xmg,order_8wjvjzrroexdti,2026-01-23 15:05:33,53300,wallet,1173,211,setl_pe6faz7kvftyvi,captured
pay_jgiirj63v3xyax,order_06i55th2vhlina,2026-03-24 13:23:52,31800,card,636,114,setl_bjuqk7c3un19bl,captured
pay_dpiohjyjubnhdx,order_8d4k4kdpn2b2n3,2026-01-16 19:38:29,51400,upi,0,0,setl_jrm8iuv8pwnbst,captured
pay_7vgb7i928rmzk6,order_7ml4uk13cyrpel,2026-02-20 17:10:44,48500,upi,0,0,setl_qal9h36vfum300,captured
pay_ev7700ncamqx1j,order_kdgv3gypg574hj,2026-01-20 15:53:31,141900,card,2838,511,setl_i1ppblfh8tj5m7,captured
pay_iuas2vyn06wdjy,order_9blvy5k3v3b1jm,2026-03-29 22:11:47,173400,netbanking,3295,593,setl_wqkvxto3gxvlu7,captured
pay_ncfky3zsvwi71n,order_ht66ly98httzcr,2026-02-28 20:54:11,66500,card,1330,239,setl_wg96a9tv3603ep,captured
pay_vb01l2myhlhj3h,order_flwfvpjpk2pvuz,2026-01-29 10:31:02,75400,netbanking,1433,258,setl_j502p555prthl8,captured
pay_o3m725tobpcvtl,order_93phdyxssseuj0,2026-03-17 19:41:21,235400,upi,0,0,setl_nf76s64rcbd6hk,captured
pay_en02we37zx360h,order_sq50e8wrtnv88z,2026-01-20 12:51:05,100100,upi,0,0,setl_i1ppblfh8tj5m7,captured
pay_n66wifz7isk9tl,order_kdeyemc4hk1aqj,2026-03-09 09:04:26,57900,upi,0,0,setl_6qsiife23ixpuu,captured
pay_8u6gmofocysx1h,order_ga67w4bk641jdl,2026-03-08 06:01:54,43600,upi,0,0,setl_8rcowtf1l5jtt6,captured
pay_rv5gl2tbna7g4x,order_drm9ypblf1f78i,2026-01-17 15:55:41,48300,wallet,1063,191,setl_jrm8iuv8pwnbst,refunded
pay_n2mzcxa34x5nxw,order_y8p3chpbgtc51s,2026-01-13 12:25:00,40000,upi,0,0,setl_svzb0gabvczqv4,captured
